Counter(/amcl/parameter_descriptions),Messages-Age(/amcl/parameter_descriptions),Counter(/amcl/parameter_updates),Messages-Age(/amcl/parameter_updates),Counter(/amcl_pose),Messages-Age(/amcl_pose),Counter(/battery_state),Messages-Age(/battery_state),Counter(/cmd_vel),Messages-Age(/cmd_vel),Counter(/cmd_vel_rc100),Messages-Age(/cmd_vel_rc100),Counter(/diagnostics),Messages-Age(/diagnostics),Counter(/imu),Messages-Age(/imu),Counter(/joint_states),Messages-Age(/joint_states),Counter(/magnetic_field),Messages-Age(/magnetic_field),Counter(/map),Messages-Age(/map),Counter(/map_metadata),Messages-Age(/map_metadata),Counter(/move_base/DWAPlannerROS/cost_cloud),Messages-Age(/move_base/DWAPlannerROS/cost_cloud),Counter(/move_base/DWAPlannerROS/global_plan),Messages-Age(/move_base/DWAPlannerROS/global_plan),Counter(/move_base/DWAPlannerROS/local_plan),Messages-Age(/move_base/DWAPlannerROS/local_plan),Counter(/move_base/DWAPlannerROS/parameter_descriptions),Messages-Age(/move_base/DWAPlannerROS/parameter_descriptions),Counter(/move_base/DWAPlannerROS/parameter_updates),Messages-Age(/move_base/DWAPlannerROS/parameter_updates),Counter(/move_base/DWAPlannerROS/trajectory_cloud),Messages-Age(/move_base/DWAPlannerROS/trajectory_cloud),Counter(/move_base/NavfnROS/plan),Messages-Age(/move_base/NavfnROS/plan),Counter(/move_base/current_goal),Messages-Age(/move_base/current_goal),Counter(/move_base/feedback),Messages-Age(/move_base/feedback),Counter(/move_base/global_costmap/costmap),Messages-Age(/move_base/global_costmap/costmap),Counter(/move_base/global_costmap/costmap_updates),Messages-Age(/move_base/global_costmap/costmap_updates),Counter(/move_base/global_costmap/footprint),Messages-Age(/move_base/global_costmap/footprint),Counter(/move_base/global_costmap/inflation_layer/parameter_descriptions),Messages-Age(/move_base/global_costmap/inflation_layer/parameter_descriptions),Counter(/move_base/global_costmap/inflation_layer/parameter_updates),Messages-Age(/move_base/global_costmap/inflation_layer/parameter_updates),Counter(/move_base/global_costmap/obstacle_layer/parameter_descriptions),Messages-Age(/move_base/global_costmap/obstacle_layer/parameter_descriptions),Counter(/move_base/global_costmap/obstacle_layer/parameter_updates),Messages-Age(/move_base/global_costmap/obstacle_layer/parameter_updates),Counter(/move_base/global_costmap/parameter_descriptions),Messages-Age(/move_base/global_costmap/parameter_descriptions),Counter(/move_base/global_costmap/parameter_updates),Messages-Age(/move_base/global_costmap/parameter_updates),Counter(/move_base/global_costmap/static_layer/parameter_descriptions),Messages-Age(/move_base/global_costmap/static_layer/parameter_descriptions),Counter(/move_base/global_costmap/static_layer/parameter_updates),Messages-Age(/move_base/global_costmap/static_layer/parameter_updates),Counter(/move_base/goal),Messages-Age(/move_base/goal),Counter(/move_base/local_costmap/costmap),Messages-Age(/move_base/local_costmap/costmap),Counter(/move_base/local_costmap/costmap_updates),Messages-Age(/move_base/local_costmap/costmap_updates),Counter(/move_base/local_costmap/footprint),Messages-Age(/move_base/local_costmap/footprint),Counter(/move_base/local_costmap/inflation_layer/parameter_descriptions),Messages-Age(/move_base/local_costmap/inflation_layer/parameter_descriptions),Counter(/move_base/local_costmap/inflation_layer/parameter_updates),Messages-Age(/move_base/local_costmap/inflation_layer/parameter_updates),Counter(/move_base/local_costmap/obstacle_layer/parameter_descriptions),Messages-Age(/move_base/local_costmap/obstacle_layer/parameter_descriptions),Counter(/move_base/local_costmap/obstacle_layer/parameter_updates),Messages-Age(/move_base/local_costmap/obstacle_layer/parameter_updates),Counter(/move_base/local_costmap/parameter_descriptions),Messages-Age(/move_base/local_costmap/parameter_descriptions),Counter(/move_base/local_costmap/parameter_updates),Messages-Age(/move_base/local_costmap/parameter_updates),Counter(/move_base/parameter_descriptions),Messages-Age(/move_base/parameter_descriptions),Counter(/move_base/parameter_updates),Messages-Age(/move_base/parameter_updates),Counter(/move_base/result),Messages-Age(/move_base/result),Counter(/move_base/status),Messages-Age(/move_base/status),Counter(/odom),Messages-Age(/odom),Counter(/particlecloud),Messages-Age(/particlecloud),Counter(/rosout),Messages-Age(/rosout),Counter(/rosout_agg),Messages-Age(/rosout_agg),Counter(/rpms),Messages-Age(/rpms),Counter(/scan),Messages-Age(/scan),Counter(/sensor_state),Messages-Age(/sensor_state),Counter(/statistics),Messages-Age(/statistics),Counter(/tf),Messages-Age(/tf),Counter(/tf_static),Messages-Age(/tf_static),Counter(/version_info),Messages-Age(/version_info),linear velocity x,linear velocity y,angular velocity z,/amcl/parameter_descriptions Active Connections,/amcl/parameter_descriptions Dropped,/amcl/parameter_updates Active Connections,/amcl/parameter_updates Dropped,/amcl_pose Active Connections,/amcl_pose Dropped,/battery_state Active Connections,/battery_state Dropped,/cmd_vel Active Connections,/cmd_vel Dropped,/cmd_vel_rc100 Active Connections,/cmd_vel_rc100 Dropped,/diagnostics Active Connections,/diagnostics Dropped,/imu Active Connections,/imu Dropped,/joint_states Active Connections,/joint_states Dropped,/magnetic_field Active Connections,/magnetic_field Dropped,/map Active Connections,/map Dropped,/map_metadata Active Connections,/map_metadata Dropped,/move_base/DWAPlannerROS/cost_cloud Active Connections,/move_base/DWAPlannerROS/cost_cloud Dropped,/move_base/DWAPlannerROS/global_plan Active Connections,/move_base/DWAPlannerROS/global_plan Dropped,/move_base/DWAPlannerROS/local_plan Active Connections,/move_base/DWAPlannerROS/local_plan Dropped,/move_base/DWAPlannerROS/parameter_descriptions Active Connections,/move_base/DWAPlannerROS/parameter_descriptions Dropped,/move_base/DWAPlannerROS/parameter_updates Active Connections,/move_base/DWAPlannerROS/parameter_updates Dropped,/move_base/DWAPlannerROS/trajectory_cloud Active Connections,/move_base/DWAPlannerROS/trajectory_cloud Dropped,/move_base/NavfnROS/plan Active Connections,/move_base/NavfnROS/plan Dropped,/move_base/current_goal Active Connections,/move_base/current_goal Dropped,/move_base/feedback Active Connections,/move_base/feedback Dropped,/move_base/global_costmap/costmap Active Connections,/move_base/global_costmap/costmap Dropped,/move_base/global_costmap/costmap_updates Active Connections,/move_base/global_costmap/costmap_updates Dropped,/move_base/global_costmap/footprint Active Connections,/move_base/global_costmap/footprint Dropped,/move_base/global_costmap/inflation_layer/parameter_descriptions Active Connections,/move_base/global_costmap/inflation_layer/parameter_descriptions Dropped,/move_base/global_costmap/inflation_layer/parameter_updates Active Connections,/move_base/global_costmap/inflation_layer/parameter_updates Dropped,/move_base/global_costmap/obstacle_layer/parameter_descriptions Active Connections,/move_base/global_costmap/obstacle_layer/parameter_descriptions Dropped,/move_base/global_costmap/obstacle_layer/parameter_updates Active Connections,/move_base/global_costmap/obstacle_layer/parameter_updates Dropped,/move_base/global_costmap/parameter_descriptions Active Connections,/move_base/global_costmap/parameter_descriptions Dropped,/move_base/global_costmap/parameter_updates Active Connections,/move_base/global_costmap/parameter_updates Dropped,/move_base/global_costmap/static_layer/parameter_descriptions Active Connections,/move_base/global_costmap/static_layer/parameter_descriptions Dropped,/move_base/global_costmap/static_layer/parameter_updates Active Connections,/move_base/global_costmap/static_layer/parameter_updates Dropped,/move_base/goal Active Connections,/move_base/goal Dropped,/move_base/local_costmap/costmap Active Connections,/move_base/local_costmap/costmap Dropped,/move_base/local_costmap/costmap_updates Active Connections,/move_base/local_costmap/costmap_updates Dropped,/move_base/local_costmap/footprint Active Connections,/move_base/local_costmap/footprint Dropped,/move_base/local_costmap/inflation_layer/parameter_descriptions Active Connections,/move_base/local_costmap/inflation_layer/parameter_descriptions Dropped,/move_base/local_costmap/inflation_layer/parameter_updates Active Connections,/move_base/local_costmap/inflation_layer/parameter_updates Dropped,/move_base/local_costmap/obstacle_layer/parameter_descriptions Active Connections,/move_base/local_costmap/obstacle_layer/parameter_descriptions Dropped,/move_base/local_costmap/obstacle_layer/parameter_updates Active Connections,/move_base/local_costmap/obstacle_layer/parameter_updates Dropped,/move_base/local_costmap/parameter_descriptions Active Connections,/move_base/local_costmap/parameter_descriptions Dropped,/move_base/local_costmap/parameter_updates Active Connections,/move_base/local_costmap/parameter_updates Dropped,/move_base/parameter_descriptions Active Connections,/move_base/parameter_descriptions Dropped,/move_base/parameter_updates Active Connections,/move_base/parameter_updates Dropped,/move_base/result Active Connections,/move_base/result Dropped,/move_base/status Active Connections,/move_base/status Dropped,/odom Active Connections,/odom Dropped,/particlecloud Active Connections,/particlecloud Dropped,/rosout Active Connections,/rosout Dropped,/rosout_agg Active Connections,/rosout_agg Dropped,/rpms Active Connections,/rpms Dropped,/scan Active Connections,/scan Dropped,/sensor_state Active Connections,/sensor_state Dropped,/statistics Active Connections,/statistics Dropped,/tf Active Connections,/tf Dropped,/tf_static Active Connections,/tf_static Dropped,/version_info Active Connections,/version_info Dropped
1,0.0,1,0.0,1,6175533568.0,27,66661499.2593,0,0.0,23,0.0,1,3149312.0,78,29089995.4872,32,67643536.0,69,54222347.1304,1,1.67215674112e+11,1,0.0,0,0.0,0,0.0,0,0.0,1,0.0,1,0.0,0,0.0,0,0.0,0,0.0,0,0.0,1,289830400.0,13,151003313.231,14,46652617.1429,1,0.0,1,0.0,1,0.0,1,0.0,1,0.0,1,0.0,1,0.0,1,0.0,0,0.0,1,109854976.0,9,100146631.111,13,47840649.8462,1,0.0,1,0.0,1,0.0,1,0.0,1,0.0,1,0.0,1,0.0,1,0.0,0,0.0,9,179646094.222,25,28969738.24,1,6087283200.0,45,18305841043.9,4,58049408.0,6,0.0,8,160909952.0,38,116566851.368,57,0.0,99,0.0,1,0.0,1,0.0,0.0,0.0,0.0,0,0,0,0,0,0,1,0,0,0,1,0,1,0,2,69,3,0,1,0,0,0,0,0,0,0,0,0,0,0,0,0,0,0,0,0,0,0,0,0,0,0,0,0,3,0,2,0,0,0,0,0,0,0,0,0,0,0,0,0,0,0,0,0,0,0,0,0,3,0,3,0,0,0,0,0,0,0,0,0,0,0,0,0,0,0,0,0,0,0,3,0,2,1,0,0,0,0,0,0,2,0,6,0,3,16,0,0,15,0,0,0,1,0
0,0.0,0,0.0,0,0.0,25,17490831.36,0,0.0,25,0.0,1,41211904.0,75,26431040.8533,25,37061580.8,75,34015081.8133,0,0.0,0,0.0,0,0.0,0,0.0,0,0.0,0,0.0,0,0.0,0,0.0,0,0.0,0,0.0,0,0.0,0,0.0,6,2259840.0,10,1521024.0,0,0.0,0,0.0,0,0.0,0,0.0,0,0.0,0,0.0,0,0.0,0,0.0,0,0.0,0,0.0,6,2419456.0,10,2130944.0,0,0.0,0,0.0,0,0.0,0,0.0,0,0.0,0,0.0,0,0.0,0,0.0,0,0.0,5,2205849.6,25,47443916.8,0,0.0,0,0.0,0,0.0,5,0.0,5,28502988.8,27,12740949.3333,55,0.0,57,0.0,0,0.0,1,0.0,0.0,0.0,0.0,0,0,0,0,0,0,2,0,0,0,2,0,2,0,3,68,3,0,2,0,0,0,0,0,0,0,0,0,0,0,0,0,0,0,0,0,0,0,0,0,0,0,0,0,3,0,2,0,0,0,0,0,0,0,0,0,0,0,0,0,0,0,0,0,0,0,0,0,3,0,3,0,0,0,0,0,0,0,0,0,0,0,0,0,0,0,0,0,0,0,3,0,3,6,0,0,0,0,0,0,1,0,6,0,3,16,0,0,14,0,0,0,0,0
0,0.0,0,0.0,0,0.0,25,19591639.04,0,0.0,25,0.0,1,18079744.0,77,24939396.987,26,35828470.1538,77,33217452.8831,0,0.0,0,0.0,0,0.0,0,0.0,0,0.0,0,0.0,0,0.0,0,0.0,0,0.0,0,0.0,0,0.0,0,0.0,6,1234645.33333,10,1269964.8,0,0.0,0,0.0,0,0.0,0,0.0,0,0.0,0,0.0,0,0.0,0,0.0,0,0.0,0,0.0,7,2917705.14286,10,3678950.4,0,0.0,0,0.0,0,0.0,0,0.0,0,0.0,0,0.0,0,0.0,0,0.0,0,0.0,5,3329689.6,25,47795834.88,0,0.0,0,0.0,0,0.0,5,0.0,5,17675110.4,25,15958528.0,52,0.0,56,0.0,0,0.0,1,0.0,0.0,0.0,0.0,0,0,0,0,0,0,2,0,0,0,2,0,0,0,3,68,3,0,2,0,0,0,0,0,0,0,0,0,0,0,0,0,0,0,0,0,0,0,0,0,0,0,0,0,3,0,2,0,0,0,0,0,0,0,0,0,0,0,0,0,0,0,0,0,0,0,0,0,3,0,2,0,0,0,0,0,0,0,0,0,0,0,0,0,0,0,0,0,0,0,3,0,2,5,0,0,0,0,0,0,2,0,4,0,3,15,0,0,14,0,0,0,2,0
0,0.0,0,0.0,0,0.0,26,36218978.4615,4,0.0,26,0.0,1,6116352.0,79,29973811.8481,25,39115141.12,78,42355800.6154,0,0.0,0,0.0,4,1085696.0,4,-335943296.0,4,1232320.0,0,0.0,0,0.0,4,1079808.0,6,4205354.66667,1,1.65644575192e+18,5,5300428.8,0,0.0,7,2094262.85714,10,1580492.8,0,0.0,0,0.0,0,0.0,0,0.0,0,0.0,0,0.0,0,0.0,0,0.0,1,5813760.0,0,0.0,6,2026069.33333,10,1778176.0,0,0.0,0,0.0,0,0.0,0,0.0,0,0.0,0,0.0,0,0.0,0,0.0,0,0.0,6,3799381.33333,28,48015945.1429,0,0.0,2,2053888.0,2,2059520.0,5,0.0,5,40709632.0,25,30584279.04,75,0.0,57,0.0,0,0.0,1,0.0,-0.219999998808,0.0,-0.0624554175884,0,0,0,0,0,0,2,0,2,0,2,0,2,0,3,68,3,0,2,0,0,0,0,0,1,0,2,0,2,0,0,0,0,0,1,0,2,0,1,0,1,0,0,0,3,0,2,0,0,0,0,0,0,0,0,0,0,0,0,0,0,0,0,0,2,0,0,0,3,0,2,0,0,0,0,0,0,0,0,0,0,0,0,0,0,0,0,0,0,0,3,0,3,3,0,0,2,0,2,0,1,0,6,0,3,16,0,0,15,0,0,0,2,0
0,0.0,0,0.0,1,120839424.0,24,39451146.6667,10,0.0,24,0.0,1,45150720.0,73,42241423.7808,25,46488494.08,71,54686954.3662,0,0.0,0,0.0,10,5303168.0,10,-293908198.4,10,4508288.0,0,0.0,0,0.0,10,2434534.4,10,3965644.8,0,0.0,10,6194969.6,0,0.0,6,1904213.33333,10,1258112.0,0,0.0,0,0.0,0,0.0,0,0.0,0,0.0,0,0.0,0,0.0,0,0.0,0,0.0,3,4538965.33333,5,1293824.0,10,2062566.4,0,0.0,0,0.0,0,0.0,0,0.0,0,0.0,0,0.0,0,0.0,0,0.0,0,0.0,5,2302003.2,26,61675372.3077,1,905472.0,5,2415769.6,5,3615948.8,5,0.0,5,41517260.8,25,39024998.4,82,0.0,55,0.0,0,0.0,1,0.0,-0.218691083789,0.0,0.21540756207,0,0,0,0,2,0,1,0,3,0,2,0,2,0,3,68,2,0,2,0,0,0,0,0,2,0,2,0,2,0,0,0,0,0,2,0,3,0,0,0,3,0,0,0,3,0,2,0,0,0,0,0,0,0,0,0,0,0,0,0,0,0,0,0,0,0,3,0,3,0,3,0,0,0,0,0,0,0,0,0,0,0,0,0,0,0,0,0,0,0,2,0,3,9,3,0,2,0,2,0,2,0,5,0,3,16,0,0,15,0,0,0,0,0
0,0.0,0,0.0,1,82229248.0,27,53965700.7407,10,0.0,27,0.0,1,24963584.0,77,45173497.3506,26,65442835.6923,80,69509321.6,0,0.0,0,0.0,10,4381260.8,10,-336250342.4,10,3184128.0,0,0.0,0,0.0,10,4807296.0,10,3001728.0,0,0.0,10,5029555.2,0,0.0,7,2920667.42857,10,2245120.0,0,0.0,0,0.0,0,0.0,0,0.0,0,0.0,0,0.0,0,0.0,0,0.0,0,0.0,4,3329792.0,2,979968.0,10,1852339.2,0,0.0,0,0.0,0,0.0,0,0.0,0,0.0,0,0.0,0,0.0,0,0.0,0,0.0,5,4507545.6,24,72104405.3333,1,1370880.0,5,3890278.4,5,4053145.6,5,0.0,5,37372774.4,27,47274979.5556,68,0.0,55,0.0,0,0.0,1,0.0,-0.219999998808,0.0,0.278964333981,0,0,0,0,0,0,1,0,3,0,2,0,0,0,3,68,2,0,2,0,0,0,0,0,2,0,3,0,3,0,0,0,0,0,2,0,3,0,0,0,2,0,0,0,3,0,1,0,0,0,0,0,0,0,0,0,0,0,0,0,0,0,0,0,0,0,3,0,2,0,2,0,0,0,0,0,0,0,0,0,0,0,0,0,0,0,0,0,0,0,3,0,3,5,0,0,2,0,2,0,1,0,4,0,3,15,0,0,9,0,0,0,2,0
0,0.0,0,0.0,1,146712064.0,25,52155351.04,10,0.0,27,0.0,1,-101632.0,81,49024113.7778,26,66258658.4615,75,52731654.8267,0,0.0,0,0.0,10,5867852.8,10,-315120307.2,10,7174963.2,0,0.0,0,0.0,10,4588108.8,10,6829286.4,0,0.0,10,4230835.2,0,0.0,6,1482666.66667,10,1168025.6,0,0.0,0,0.0,0,0.0,0,0.0,0,0.0,0,0.0,0,0.0,0,0.0,0,0.0,4,1145024.0,2,1607936.0,10,1561548.8,0,0.0,0,0.0,0,0.0,0,0.0,0,0.0,0,0.0,0,0.0,0,0.0,0,0.0,5,1859942.4,26,74537600.0,1,1582080.0,5,4338995.2,5,4816486.4,5,0.0,5,60448768.0,25,44090152.96,88,0.0,57,0.0,0,0.0,1,0.0,-0.218634095788,0.0,0.242334464937,0,0,0,0,2,0,2,0,3,0,2,0,2,0,3,68,3,0,2,0,0,0,0,0,2,0,3,0,3,0,0,0,0,0,2,0,3,0,0,0,3,0,0,0,3,0,1,0,0,0,0,0,0,0,0,0,0,0,0,0,0,0,0,0,0,0,3,0,3,0,3,0,0,0,0,0,0,0,0,0,0,0,0,0,0,0,0,0,0,0,2,0,3,6,3,0,2,0,2,0,2,0,6,0,3,16,0,0,15,0,0,0,2,0
0,0.0,0,0.0,1,140165376.0,26,34409383.3846,10,0.0,25,0.0,1,15935744.0,76,30362691.3684,27,48001592.8889,81,44853399.7037,0,0.0,0,0.0,10,5143168.0,10,-322181401.6,10,5280972.8,0,0.0,0,0.0,10,4853273.6,10,6664908.8,0,0.0,10,7821004.8,0,0.0,6,3141717.33333,10,1698278.4,0,0.0,0,0.0,0,0.0,0,0.0,0,0.0,0,0.0,0,0.0,0,0.0,0,0.0,3,6475520.0,2,1616128.0,10,3293568.0,0,0.0,0,0.0,0,0.0,0,0.0,0,0.0,0,0.0,0,0.0,0,0.0,0,0.0,5,2358220.8,27,44260551.1111,1,2697728.0,5,3685478.4,5,4289382.4,5,0.0,5,34957926.4,27,33397712.5926,85,0.0,58,0.0,0,0.0,1,0.0,-0.213103605807,0.0,0.15909695318,0,0,0,0,1,0,2,0,3,0,2,0,2,0,2,68,3,1,2,0,0,0,0,0,2,0,2,0,3,0,0,0,0,0,2,0,3,0,0,0,3,0,0,0,3,0,2,0,0,0,0,0,0,0,0,0,0,0,0,0,0,0,0,0,0,0,3,0,1,0,3,0,0,0,0,0,0,0,0,0,0,0,0,0,0,0,0,0,0,0,3,0,3,2,3,0,2,0,2,0,2,0,6,0,3,16,0,0,15,0,0,0,2,0
0,0.0,0,0.0,1,47704320.0,26,25951251.6923,10,0.0,25,0.0,1,22152448.0,75,26018884.2667,25,31766999.04,75,39053267.6267,0,0.0,0,0.0,10,3302400.0,10,-349066931.2,10,2890521.6,0,0.0,0,0.0,10,2816384.0,10,5948467.2,0,0.0,10,3425024.0,0,0.0,6,1929642.66667,10,834380.8,0,0.0,0,0.0,0,0.0,0,0.0,0,0.0,0,0.0,0,0.0,0,0.0,0,0.0,5,1771929.6,1,9628928.0,10,1388569.6,0,0.0,0,0.0,0,0.0,0,0.0,0,0.0,0,0.0,0,0.0,0,0.0,0,0.0,5,1428889.6,24,45433642.6667,1,1022976.0,5,2049075.2,5,2362521.6,5,0.0,5,35902105.6,25,19312517.12,76,0.0,55,0.0,0,0.0,1,0.0,-0.219999998808,0.0,0.102419946762,0,0,0,0,2,0,2,0,2,0,2,0,2,0,3,68,3,0,1,0,0,0,0,0,1,0,2,0,2,0,0,0,0,0,2,0,3,0,0,0,3,0,0,0,3,0,2,0,0,0,0,0,0,0,0,0,0,0,0,0,0,0,0,0,0,0,3,0,2,0,3,0,0,0,0,0,0,0,0,0,0,0,0,0,0,0,0,0,0,0,3,0,3,6,2,0,0,0,1,0,1,0,5,0,3,15,0,0,15,0,0,0,0,0
0,0.0,0,0.0,0,0.0,25,44972154.88,10,0.0,24,0.0,1,5202432.0,78,45725420.3077,24,51385546.6667,75,53546403.84,0,0.0,0,0.0,10,2221337.6,10,-248683776.0,10,2774400.0,0,0.0,0,0.0,10,2296217.6,8,3347040.0,0,0.0,10,3516006.4,0,0.0,6,3314090.66667,9,3765987.55556,0,0.0,0,0.0,0,0.0,0,0.0,0,0.0,0,0.0,0,0.0,0,0.0,0,0.0,4,4397056.0,2,3082624.0,10,2931814.4,0,0.0,0,0.0,0,0.0,0,0.0,0,0.0,0,0.0,0,0.0,0,0.0,0,0.0,5,4316825.6,24,56815733.3333,0,0.0,5,3298406.4,5,3471206.4,5,0.0,5,41249945.6,25,113481850.88,77,0.0,53,0.0,0,0.0,1,0.0,-0.219999998808,0.0,-0.0486417996697,0,0,0,0,0,0,2,0,3,0,2,0,0,0,3,67,3,0,2,0,0,0,0,0,2,0,3,0,3,0,0,0,0,0,2,0,2,0,0,0,3,0,0,0,3,0,2,0,0,0,0,0,0,0,0,0,0,0,0,0,0,0,0,0,0,0,3,0,3,0,3,0,0,0,0,0,0,0,0,0,0,0,0,0,0,0,0,0,0,0,2,0,1,0,0,0,2,0,1,0,2,0,6,0,2,16,0,0,15,0,0,0,2,0
0,0.0,0,0.0,1,165486336.0,26,37879630.7692,10,0.0,27,0.0,1,42364928.0,76,36999215.1579,27,53153621.3333,81,47824567.3086,0,0.0,0,0.0,10,2274278.4,10,-313399833.6,10,1987404.8,0,0.0,0,0.0,10,2050457.6,10,4828057.6,0,0.0,10,6003763.2,0,0.0,6,3112490.66667,11,2600494.54545,0,0.0,0,0.0,0,0.0,0,0.0,0,0.0,0,0.0,0,0.0,0,0.0,0,0.0,4,5038592.0,3,2497109.33333,10,4806809.6,0,0.0,0,0.0,0,0.0,0,0.0,0,0.0,0,0.0,0,0.0,0,0.0,0,0.0,5,1375232.0,26,63877129.8462,1,6976768.0,5,7579187.2,5,7662387.2,5,0.0,5,32917350.4,26,34336177.2308,81,0.0,59,0.0,0,0.0,1,0.0,-0.219999998808,0.0,-0.137602338754,0,0,0,0,2,0,2,0,2,0,2,0,2,0,3,68,3,0,2,0,0,0,0,0,2,0,2,0,2,0,0,0,0,0,2,0,3,0,0,0,3,0,0,0,1,0,2,0,0,0,0,0,0,0,0,0,0,0,0,0,0,0,0,0,0,0,3,0,3,0,3,0,0,0,0,0,0,0,0,0,0,0,0,0,0,0,0,0,0,0,3,0,3,4,3,0,2,0,2,0,2,0,5,0,3,15,0,0,14,0,0,0,0,0
0,0.0,0,0.0,1,91982848.0,25,35747665.92,10,0.0,25,0.0,1,26859776.0,75,37526633.8133,25,51906744.32,75,48103113.3867,0,0.0,0,0.0,10,3279436.8,10,-298242688.0,10,2862233.6,0,0.0,0,0.0,10,3214720.0,10,3438387.2,0,0.0,10,3893273.6,0,0.0,7,4538916.57143,10,3306393.6,0,0.0,0,0.0,0,0.0,0,0.0,0,0.0,0,0.0,0,0.0,0,0.0,0,0.0,4,6649792.0,2,13394304.0,10,5637555.2,0,0.0,0,0.0,0,0.0,0,0.0,0,0.0,0,0.0,0,0.0,0,0.0,0,0.0,5,2848204.8,26,63285149.5385,1,1724416.0,5,3776972.8,5,3925504.0,5,0.0,5,38181478.4,25,36070686.72,69,0.0,54,0.0,0,0.0,1,0.0,-0.219999998808,0.0,-0.147889628075,0,0,0,0,2,0,2,0,1,0,2,0,0,0,2,67,3,0,2,0,0,0,0,0,0,0,0,0,0,0,0,0,0,0,0,0,3,0,0,0,3,0,0,0,3,0,2,0,0,0,0,0,0,0,0,0,0,0,0,0,0,0,0,0,0,0,0,0,0,0,3,0,0,0,0,0,0,0,0,0,0,0,0,0,0,0,0,0,0,0,3,0,3,6,3,0,2,0,2,0,2,0,6,0,3,16,0,0,15,0,0,0,2,0
0,0.0,0,0.0,1,47744512.0,26,51599566.7692,10,0.0,27,0.0,1,1670400.0,81,45365864.2963,27,56157989.9259,76,62924533.8947,0,0.0,0,0.0,10,2166323.2,10,-319293568.0,10,2177996.8,0,0.0,0,0.0,10,2541952.0,10,2212403.2,0,0.0,10,5160320.0,0,0.0,6,5869440.0,10,3249689.6,0,0.0,0,0.0,0,0.0,0,0.0,0,0.0,0,0.0,0,0.0,0,0.0,0,0.0,6,4474752.0,1,12249344.0,10,4062310.4,0,0.0,0,0.0,0,0.0,0,0.0,0,0.0,0,0.0,0,0.0,0,0.0,0,0.0,5,3151718.4,27,66649457.7778,1,1201152.0,5,6387404.8,5,6316595.2,5,0.0,5,34153420.8,27,44246679.7037,81,0.0,57,0.0,0,0.0,1,0.0,-0.218633016944,0.0,-0.113958227821,0,0,0,0,2,0,2,0,2,0,2,0,2,0,3,66,3,1,2,0,0,0,0,0,2,0,2,0,3,0,0,0,0,0,2,0,2,0,0,0,0,0,0,0,2,0,2,0,0,0,0,0,0,0,0,0,0,0,0,0,0,0,0,0,0,0,3,0,3,0,3,0,0,0,0,0,0,0,0,0,0,0,0,0,0,0,0,0,0,0,3,0,3,5,3,0,2,0,2,0,2,0,4,0,3,16,0,0,15,0,0,0,2,0
0,0.0,0,0.0,1,97363456.0,26,47543089.2308,10,0.0,25,0.0,1,43247104.0,76,42470912.0,25,45726064.64,74,51646654.2703,0,0.0,0,0.0,10,3648230.4,10,-305064268.8,10,3138406.4,0,0.0,0,0.0,10,3191372.8,10,1925580.8,0,0.0,10,4995840.0,0,0.0,6,2010624.0,10,1252249.6,0,0.0,0,0.0,0,0.0,0,0.0,0,0.0,0,0.0,0,0.0,0,0.0,0,0.0,3,4325034.66667,3,883882.666667,10,1894220.8,0,0.0,0,0.0,0,0.0,0,0.0,0,0.0,0,0.0,0,0.0,0,0.0,0,0.0,5,809420.8,26,53293518.7692,1,1053184.0,5,4168448.0,5,5799577.6,5,0.0,5,35011891.2,25,41662801.92,78,0.0,56,0.0,0,0.0,1,0.0,-0.219999998808,0.0,-0.175726486742,0,0,0,0,1,0,2,0,3,0,1,0,2,0,3,68,3,1,2,0,0,0,0,0,2,0,2,0,3,0,0,0,0,0,2,0,3,0,0,0,3,0,0,0,3,0,1,0,0,0,0,0,0,0,0,0,0,0,0,0,0,0,0,0,0,0,3,0,0,0,2,0,0,0,0,0,0,0,0,0,0,0,0,0,0,0,0,0,0,0,3,0,3,4,3,0,2,0,2,0,1,0,5,0,3,15,0,0,15,0,0,0,0,0
0,0.0,0,0.0,0,0.0,26,35729851.0769,10,0.0,26,0.0,1,27140864.0,75,35385548.8,25,51831541.76,81,50347008.0,0,0.0,0,0.0,10,3868518.4,10,-304312089.6,10,4151424.0,0,0.0,0,0.0,10,4005120.0,10,1547571.2,0,0.0,10,5629107.2,0,0.0,6,4510890.66667,10,3419187.2,0,0.0,0,0.0,0,0.0,0,0.0,0,0.0,0,0.0,0,0.0,0,0.0,0,0.0,4,4452608.0,2,3072128.0,10,2930636.8,0,0.0,0,0.0,0,0.0,0,0.0,0,0.0,0,0.0,0,0.0,0,0.0,0,0.0,5,2639820.8,26,49192674.4615,0,0.0,5,5791334.4,5,6981171.2,4,0.0,4,47196160.0,26,37203121.2308,70,0.0,54,0.0,0,0.0,1,0.0,-0.219999998808,0.0,-0.245198689587,0,0,0,0,0,0,2,0,2,0,2,0,0,0,3,67,3,0,1,0,0,0,0,0,1,0,2,0,3,0,0,0,0,0,2,0,3,0,0,0,3,0,0,0,3,0,2,0,0,0,0,0,0,0,0,0,0,0,0,0,0,0,0,0,0,0,3,0,3,0,3,0,0,0,0,0,0,0,0,0,0,0,0,0,0,0,0,0,0,0,3,0,3,1,0,0,2,0,2,0,1,0,5,0,2,16,0,0,9,0,0,0,2,0
0,0.0,0,0.0,1,109331456.0,24,34299317.3333,10,0.0,26,0.0,1,4260864.0,81,32777886.0247,25,47178803.2,75,45068404.0533,0,0.0,0,0.0,10,3461273.6,10,-290672307.2,10,3938636.8,0,0.0,0,0.0,10,2559283.2,10,3827840.0,0,0.0,10,5151078.4,0,0.0,6,1617621.33333,10,1320550.4,0,0.0,0,0.0,0,0.0,0,0.0,0,0.0,0,0.0,0,0.0,0,0.0,0,0.0,5,3888588.8,0,0.0,10,2203033.6,0,0.0,0,0.0,0,0.0,0,0.0,0,0.0,0,0.0,0,0.0,0,0.0,0,0.0,5,3667968.0,26,56188740.9231,1,1315072.0,5,4039577.6,5,5089792.0,5,0.0,5,37913241.6,26,29908785.2308,78,0.0,57,0.0,0,0.0,1,0.0,-0.219999998808,0.0,-0.215150998766,0,0,0,0,1,0,2,0,2,0,1,0,2,0,3,66,2,0,2,0,0,0,0,0,2,0,2,0,2,0,0,0,0,0,2,0,3,0,0,0,3,0,0,0,3,0,2,0,0,0,0,0,0,0,0,0,0,0,0,0,0,0,0,0,0,0,3,0,0,0,3,0,0,0,0,0,0,0,0,0,0,0,0,0,0,0,0,0,0,0,3,0,3,6,3,0,2,0,2,0,2,0,6,0,3,16,0,0,14,0,0,0,0,0
0,0.0,0,0.0,1,108796672.0,27,28961668.7407,10,0.0,25,0.0,1,41567232.0,75,24823835.3067,27,38833967.4074,81,37742367.6049,0,0.0,0,0.0,10,4158182.4,10,-290734208.0,10,3580083.2,0,0.0,0,0.0,10,3084595.2,10,2068812.8,0,0.0,10,4400947.2,0,0.0,5,3777689.6,10,1067648.0,0,0.0,0,0.0,0,0.0,0,0.0,0,0.0,0,0.0,0,0.0,0,0.0,0,0.0,3,1059498.66667,4,2988928.0,10,2433843.2,0,0.0,0,0.0,0,0.0,0,0.0,0,0.0,0,0.0,0,0.0,0,0.0,0,0.0,5,3214387.2,24,43777632.0,1,5710336.0,5,3613798.4,5,4512409.6,5,0.0,5,30268569.6,25,27431075.84,79,0.0,57,0.0,0,0.0,1,0.0,-0.218585196137,0.0,-0.22383434847,0,0,0,0,1,0,2,0,3,0,2,0,2,0,3,68,3,0,2,0,0,0,0,0,2,0,2,0,2,0,0,0,0,0,2,0,3,0,0,0,3,0,0,0,3,0,2,0,0,0,0,0,0,0,0,0,0,0,0,0,0,0,0,0,0,0,0,0,3,0,3,0,0,0,0,0,0,0,0,0,0,0,0,0,0,0,0,0,0,0,3,0,3,2,3,0,1,0,1,0,2,0,5,0,3,15,0,0,13,0,0,0,2,0
0,0.0,0,0.0,1,95470592.0,25,22041047.04,10,0.0,26,0.0,1,24285184.0,75,25429101.2267,25,36898897.92,75,29288683.52,0,0.0,0,0.0,10,2596428.8,10,-336155878.4,10,2204825.6,0,0.0,0,0.0,10,2922393.6,10,5819878.4,0,0.0,10,2975846.4,0,0.0,8,2013568.0,10,1576448.0,0,0.0,0,0.0,0,0.0,0,0.0,0,0.0,0,0.0,0,0.0,0,0.0,0,0.0,6,1194453.33333,0,0.0,10,1097267.2,0,0.0,0,0.0,0,0.0,0,0.0,0,0.0,0,0.0,0,0.0,0,0.0,0,0.0,5,2815180.8,26,48373710.7692,1,9074944.0,5,3285964.8,5,3532339.2,5,0.0,5,40193587.2,25,22187714.56,76,0.0,55,0.0,0,0.0,1,0.0,-0.21868083775,0.0,-0.16806390509,0,0,0,0,2,0,2,0,2,0,2,0,0,0,3,67,3,0,2,0,0,0,0,0,1,0,2,0,2,0,0,0,0,0,2,0,3,0,0,0,3,0,0,0,3,0,2,0,0,0,0,0,0,0,0,0,0,0,0,0,0,0,0,0,0,0,3,0,0,0,3,0,0,0,0,0,0,0,0,0,0,0,0,0,0,0,0,0,0,0,0,0,3,8,3,0,2,0,2,0,2,0,6,0,3,16,0,0,15,0,0,0,0,0
0,0.0,0,0.0,1,70389248.0,26,34789523.6923,10,0.0,24,0.0,1,10279680.0,78,32077568.0,26,39640251.0769,75,43373035.52,0,0.0,0,0.0,10,5136614.4,10,-312866329.6,10,4755276.8,0,0.0,0,0.0,10,4764083.2,10,2575001.6,0,0.0,10,4520268.8,0,0.0,6,2527274.66667,9,3222385.77778,0,0.0,0,0.0,0,0.0,0,0.0,0,0.0,0,0.0,0,0.0,0,0.0,0,0.0,5,2818201.6,1,1350400.0,10,2340044.8,0,0.0,0,0.0,0,0.0,0,0.0,0,0.0,0,0.0,0,0.0,0,0.0,0,0.0,5,2414796.8,25,52760227.84,1,1293312.0,5,5291929.6,5,6833561.6,5,0.0,5,21763020.8,25,26203330.56,77,0.0,56,0.0,0,0.0,1,0.0,-0.218622769415,0.0,-0.201522901654,0,0,0,0,0,0,2,0,3,0,1,0,2,0,3,66,3,1,2,0,0,0,0,0,1,0,2,0,2,0,0,0,0,0,2,0,3,0,0,0,3,0,0,0,3,0,2,0,0,0,0,0,0,0,0,0,0,0,0,0,0,0,0,0,0,0,3,0,3,0,3,0,0,0,0,0,0,0,0,0,0,0,0,0,0,0,0,0,0,0,3,0,3,8,0,0,1,0,1,0,2,0,5,0,2,16,0,0,15,0,0,0,2,0
0,0.0,0,0.0,1,45463808.0,26,25925858.4615,10,0.0,27,0.0,1,41469184.0,77,29265221.8182,26,30734700.3077,81,49470299.6543,0,0.0,0,0.0,10,3403827.2,10,-321679411.2,10,3150873.6,0,0.0,0,0.0,10,2673075.2,10,1439539.2,0,0.0,10,4825190.4,0,0.0,7,1466624.0,11,1584570.18182,0,0.0,0,0.0,0,0.0,0,0.0,0,0.0,0,0.0,0,0.0,0,0.0,0,0.0,5,1972838.4,2,9821440.0,10,1079654.4,0,0.0,0,0.0,0,0.0,0,0.0,0,0.0,0,0.0,0,0.0,0,0.0,0,0.0,5,1917184.0,27,42351653.9259,1,1184768.0,5,2434304.0,5,3215001.6,5,0.0,5,37513113.6,27,27871715.5556,87,0.0,57,0.0,0,0.0,1,0.0,-0.219999998808,0.0,-0.0534302888438,0,0,0,0,2,0,1,0,3,0,2,0,2,0,3,68,3,0,2,0,0,0,0,0,2,0,3,0,3,0,0,0,0,0,2,0,3,0,0,0,3,0,0,0,3,0,2,0,0,0,0,0,0,0,0,0,0,0,0,0,0,0,0,0,0,0,3,0,3,0,3,0,0,0,0,0,0,0,0,0,0,0,0,0,0,0,0,0,0,0,3,0,3,6,3,0,2,0,2,0,2,0,6,0,3,16,0,0,15,0,0,0,0,0
0,0.0,0,0.0,1,104745472.0,25,36238592.0,10,0.0,25,0.0,1,25707008.0,76,32549594.9474,25,40373688.32,75,40375029.76,0,0.0,0,0.0,10,4551424.0,10,-302105267.2,10,4469888.0,0,0.0,0,0.0,10,4945254.4,10,2424806.4,0,0.0,10,3835648.0,0,0.0,7,3276361.14286,10,2629734.4,0,0.0,0,0.0,0,0.0,0,0.0,0,0.0,0,0.0,0,0.0,0,0.0,0,0.0,4,3839936.0,2,1420544.0,10,2501452.8,0,0.0,0,0.0,0,0.0,0,0.0,0,0.0,0,0.0,0,0.0,0,0.0,0,0.0,5,3037644.8,25,53441228.8,1,5617408.0,5,6605465.6,5,6842214.4,5,0.0,5,33239654.4,25,27200839.68,79,0.0,54,0.0,0,0.0,1,0.0,-0.21726603508,0.0,-0.265830446035,0,0,0,0,2,0,2,0,2,0,2,0,0,0,3,68,3,0,2,0,0,0,0,0,1,0,2,0,2,0,0,0,0,0,2,0,3,0,0,0,3,0,0,0,3,0,2,0,0,0,0,0,0,0,0,0,0,0,0,0,0,0,0,0,0,0,3,0,1,0,2,0,0,0,0,0,0,0,0,0,0,0,0,0,0,0,0,0,0,0,3,0,2,7,3,0,2,0,2,0,2,0,6,0,3,16,0,0,14,0,0,0,2,0
0,0.0,0,0.0,1,94015232.0,27,36685188.7407,10,0.0,27,0.0,1,-188672.0,80,27937321.6,27,43864168.2963,69,36418329.971,0,0.0,0,0.0,10,4821171.2,10,-299618048.0,10,3840844.8,0,0.0,0,0.0,10,4849996.8,10,2655104.0,0,0.0,10,5233126.4,0,0.0,6,1303978.66667,9,1768931.55556,0,0.0,0,0.0,0,0.0,0,0.0,0,0.0,0,0.0,0,0.0,0,0.0,0,0.0,4,5323904.0,3,6427562.66667,10,3248460.8,0,0.0,0,0.0,0,0.0,0,0.0,0,0.0,0,0.0,0,0.0,0,0.0,0,0.0,5,4832921.6,25,53026283.52,1,6005760.0,5,6299494.4,5,9542553.6,5,0.0,5,36709836.8,27,29121792.0,77,0.0,55,0.0,0,0.0,1,0.0,-0.215673613548,0.0,-0.413537985086,0,0,0,0,2,0,2,0,3,0,2,0,2,0,3,68,3,5,2,0,0,0,0,0,1,0,3,0,3,0,0,0,0,0,2,0,3,0,0,0,3,0,0,0,3,0,2,0,0,0,0,0,0,0,0,0,0,0,0,0,0,0,0,0,0,0,3,0,2,0,3,0,0,0,0,0,0,0,0,0,0,0,0,0,0,0,0,0,0,0,2,0,3,3,3,0,2,0,2,0,0,0,3,0,3,16,0,0,12,0,0,0,0,0
0,0.0,0,0.0,1,78150656.0,25,31408865.28,10,0.0,25,0.0,1,45231872.0,75,34076637.8667,24,49393845.3333,82,52684618.9268,0,0.0,0,0.0,10,5693209.6,10,-326031590.4,10,4888320.0,0,0.0,0,0.0,10,5627724.8,10,3835520.0,0,0.0,10,4670924.8,0,0.0,6,4116010.66667,11,2779322.18182,0,0.0,0,0.0,0,0.0,0,0.0,0,0.0,0,0.0,0,0.0,0,0.0,0,0.0,4,7087168.0,3,1790378.66667,10,4103065.6,0,0.0,0,0.0,0,0.0,0,0.0,0,0.0,0,0.0,0,0.0,0,0.0,0,0.0,5,5160243.2,27,49857915.2593,1,5189120.0,5,6424371.2,5,6833254.4,5,0.0,5,39162112.0,25,32313589.76,76,0.0,53,0.0,0,0.0,1,0.0,-0.219999998808,0.0,-0.391246047616,0,0,0,0,0,0,1,0,3,0,2,0,2,0,3,68,2,0,2,0,0,0,0,0,1,0,2,0,2,0,0,0,0,0,2,0,3,0,0,0,3,0,0,0,3,0,2,0,0,0,0,0,0,0,0,0,0,0,0,0,0,0,0,0,0,0,3,0,3,0,2,0,0,0,0,0,0,0,0,0,0,0,0,0,0,0,0,0,0,0,3,0,3,4,0,0,2,0,2,0,2,0,6,0,3,16,0,0,12,0,0,0,2,0
0,0.0,0,0.0,0,0.0,24,40547082.6667,10,0.0,25,0.0,1,26054656.0,75,32152500.9067,25,50258401.28,79,52302566.0759,0,0.0,0,0.0,10,2868121.6,10,-293594342.4,10,2501504.0,0,0.0,0,0.0,10,2524748.8,10,2768153.6,0,0.0,10,6099456.0,0,0.0,8,2732000.0,10,1840870.4,0,0.0,0,0.0,0,0.0,0,0.0,0,0.0,0,0.0,0,0.0,0,0.0,0,0.0,4,867328.0,2,2368896.0,10,2528281.6,0,0.0,0,0.0,0,0.0,0,0.0,0,0.0,0,0.0,0,0.0,0,0.0,0,0.0,5,2848972.8,25,51466475.52,0,0.0,5,7898419.2,5,8139571.2,5,0.0,5,39232614.4,25,37900820.48,72,0.0,53,0.0,0,0.0,1,0.0,-0.218581780791,0.0,-0.307028226554,0,0,0,0,0,0,2,0,2,0,2,0,0,0,3,68,3,1,2,0,0,0,0,0,1,0,2,0,3,0,0,0,0,0,2,0,3,0,0,0,3,0,0,0,3,0,2,0,0,0,0,0,0,0,0,0,0,0,0,0,0,0,0,0,0,0,0,0,3,0,3,0,0,0,0,0,0,0,0,0,0,0,0,0,0,0,0,0,0,0,3,0,3,7,0,0,2,0,2,0,2,0,5,0,3,16,0,0,13,0,0,0,0,0
0,0.0,0,0.0,1,121549312.0,28,38308964.5714,10,0.0,27,0.0,1,4802048.0,80,40167833.6,28,52421604.5714,80,47561692.8,0,0.0,0,0.0,10,2750694.4,10,-291606528.0,10,2969625.6,0,0.0,0,0.0,10,3180057.6,10,3190348.8,0,0.0,10,3114368.0,0,0.0,6,3226368.0,9,2231040.0,0,0.0,0,0.0,0,0.0,0,0.0,0,0.0,0,0.0,0,0.0,0,0.0,0,0.0,3,5611349.33333,3,1813504.0,10,2526540.8,0,0.0,0,0.0,0,0.0,0,0.0,0,0.0,0,0.0,0,0.0,0,0.0,0,0.0,5,2553804.8,25,55835187.2,1,1374976.0,5,3052441.6,5,4285388.8,5,0.0,5,30036224.0,27,35431149.037,86,0.0,59,0.0,0,0.0,1,0.0,-0.215755847096,0.0,-0.386199605465,0,0,0,0,2,0,2,0,3,0,2,0,2,0,3,68,3,1,2,0,0,0,0,0,2,0,2,0,2,0,0,0,0,0,2,0,3,0,0,0,3,0,0,0,3,0,2,0,0,0,0,0,0,0,0,0,0,0,0,0,0,0,0,0,0,0,3,0,3,0,3,0,0,0,0,0,0,0,0,0,0,0,0,0,0,0,0,0,0,0,3,0,3,5,3,0,2,0,1,0,2,0,5,0,3,16,0,0,15,0,0,0,2,0
0,0.0,0,0.0,1,68939776.0,25,35853414.4,10,0.0,25,0.0,1,53177088.0,77,38019953.039,25,40598056.96,76,41660587.7895,0,0.0,0,0.0,10,2427366.4,10,-317779430.4,10,1943910.4,0,0.0,0,0.0,10,2806374.4,10,3831680.0,0,0.0,10,6585523.2,0,0.0,6,3106261.33333,11,2429486.54545,0,0.0,0,0.0,0,0.0,0,0.0,0,0.0,0,0.0,0,0.0,0,0.0,0,0.0,6,2599338.66667,1,1180160.0,10,2075699.2,0,0.0,0,0.0,0,0.0,0,0.0,0,0.0,0,0.0,0,0.0,0,0.0,0,0.0,5,1660057.6,27,48096436.1481,1,8730624.0,5,6830848.0,5,7067238.4,5,0.0,5,34145996.8,25,34308290.56,80,0.0,56,0.0,0,0.0,1,0.0,-0.215877787769,0.0,-0.149483959377,0,0,0,0,2,0,2,0,3,0,2,0,2,0,2,68,2,1,2,0,0,0,0,0,1,0,3,0,2,0,0,0,0,0,2,0,3,0,0,0,3,0,0,0,3,0,2,0,0,0,0,0,0,0,0,0,0,0,0,0,0,0,0,0,0,0,3,0,0,0,2,0,0,0,0,0,0,0,0,0,0,0,0,0,0,0,0,0,0,0,3,0,3,8,3,0,2,0,2,0,2,0,6,0,3,16,0,0,15,0,0,0,0,0
0,0.0,0,0.0,1,130697216.0,25,60239390.72,10,0.0,25,0.0,1,33178880.0,74,56905973.6216,25,69037578.24,75,75781014.1867,0,0.0,0,0.0,10,7921459.2,10,-296851763.2,10,7153612.8,0,0.0,0,0.0,10,6698726.4,10,12249088.0,0,0.0,10,7208985.6,0,0.0,6,1237120.0,10,3549824.0,0,0.0,0,0.0,0,0.0,0,0.0,0,0.0,0,0.0,0,0.0,0,0.0,0,0.0,4,4100800.0,3,3873792.0,10,3662848.0,0,0.0,0,0.0,0,0.0,0,0.0,0,0.0,0,0.0,0,0.0,0,0.0,0,0.0,5,3792435.2,25,82858557.44,1,3738624.0,5,8794931.2,5,8934297.6,5,0.0,5,56013926.4,25,57713766.4,84,0.0,54,0.0,0,0.0,1,0.0,-0.21455283314,0.0,-0.0693077906966,0,0,0,0,2,0,2,0,3,0,2,0,0,0,3,68,2,0,2,0,0,0,0,0,2,0,2,0,3,0,0,0,0,0,2,0,3,0,0,0,3,0,0,0,3,0,2,0,0,0,0,0,0,0,0,0,0,0,0,0,0,0,0,0,0,0,3,0,3,0,3,0,0,0,0,0,0,0,0,0,0,0,0,0,0,0,0,0,0,0,2,0,3,5,3,0,2,0,2,0,2,0,6,0,2,16,0,0,15,0,0,0,2,0
0,0.0,0,0.0,1,76611328.0,25,47653918.72,10,0.0,25,0.0,1,21556480.0,75,53346850.1333,25,60762746.88,70,56861692.3429,0,0.0,0,0.0,10,4975641.6,10,-296077465.6,10,3512499.2,0,0.0,0,0.0,10,3572761.6,10,6310220.8,0,0.0,10,7413043.2,0,0.0,7,5882843.42857,9,4135680.0,0,0.0,0,0.0,0,0.0,0,0.0,0,0.0,0,0.0,0,0.0,0,0.0,0,0.0,4,7986496.0,3,4677376.0,10,4468019.2,0,0.0,0,0.0,0,0.0,0,0.0,0,0.0,0,0.0,0,0.0,0,0.0,0,0.0,5,1640704.0,23,63773829.5652,1,687872.0,5,3695820.8,5,5446553.6,5,0.0,5,51908915.2,25,46377052.16,69,0.0,55,0.0,0,0.0,1,0.0,-0.217235292494,0.0,-0.245763427392,0,0,0,0,2,0,2,0,3,0,1,0,2,0,3,68,3,0,2,0,0,0,0,0,1,0,2,0,2,0,0,0,0,0,2,0,2,0,0,0,3,0,0,0,0,0,1,0,0,0,0,0,0,0,0,0,0,0,0,0,0,0,0,0,0,0,3,0,3,0,3,0,0,0,0,0,0,0,0,0,0,0,0,0,0,0,0,0,0,0,1,0,2,10,3,0,1,0,2,0,2,0,5,0,3,16,0,0,9,0,0,0,1,0
0,0.0,0,0.0,0,0.0,27,49206736.5926,10,0.0,27,0.0,1,42842112.0,82,40538870.6341,25,57728307.2,79,60411933.1646,0,0.0,0,0.0,10,2851353.6,10,-308603264.0,10,2847795.2,0,0.0,0,0.0,10,3170355.2,10,2999500.8,0,0.0,10,4037248.0,0,0.0,6,6567509.33333,10,4509312.0,0,0.0,0,0.0,0,0.0,0,0.0,0,0.0,0,0.0,0,0.0,0,0.0,0,0.0,3,1201066.66667,3,2262016.0,10,4225280.0,0,0.0,0,0.0,0,0.0,0,0.0,0,0.0,0,0.0,0,0.0,0,0.0,0,0.0,5,3133030.4,28,67427401.1429,0,0.0,5,4293990.4,5,4438272.0,5,0.0,5,30801664.0,27,45750945.1852,77,0.0,58,0.0,0,0.0,1,0.0,-0.217255787551,0.0,-0.261315925419,0,0,0,0,0,0,2,0,3,0,2,0,2,0,3,68,3,0,1,0,0,0,0,0,2,0,3,0,3,0,0,0,0,0,2,0,3,0,0,0,2,0,0,0,3,0,2,0,0,0,0,0,0,0,0,0,0,0,0,0,0,0,0,0,0,0,3,0,3,0,3,0,0,0,0,0,0,0,0,0,0,0,0,0,0,0,0,0,0,0,3,0,2,0,0,0,2,0,2,0,0,0,4,0,3,16,0,0,15,0,0,0,1,0
0,0.0,0,0.0,1,147357184.0,24,34555392.0,10,0.0,25,0.0,1,25218304.0,73,31861314.6301,26,40751478.1538,81,60007180.642,0,0.0,0,0.0,10,2591897.6,10,-295909913.6,10,1828121.6,0,0.0,0,0.0,10,2434713.6,10,2522752.0,0,0.0,10,3492147.2,0,0.0,7,3679414.85714,11,1635607.27273,0,0.0,0,0.0,0,0.0,0,0.0,0,0.0,0,0.0,0,0.0,0,0.0,0,0.0,6,2434346.66667,0,0.0,10,2362112.0,0,0.0,0,0.0,0,0.0,0,0.0,0,0.0,0,0.0,0,0.0,0,0.0,0,0.0,5,1008691.2,24,59087978.6667,1,396032.0,5,2846208.0,5,3355801.6,5,0.0,5,35219251.2,24,25133589.3333,79,0.0,55,0.0,0,0.0,0,0.0,-0.21868083775,0.0,-0.122880124487,0,0,0,0,2,0,2,0,3,0,2,0,0,0,3,68,3,1,2,0,0,0,0,0,2,0,2,0,1,0,0,0,0,0,2,0,3,0,0,0,3,0,0,0,3,0,2,0,0,0,0,0,0,0,0,0,0,0,0,0,0,0,0,0,0,0,3,0,0,0,3,0,0,0,0,0,0,0,0,0,0,0,0,0,0,0,0,0,0,0,3,0,3,8,3,0,2,0,2,0,2,0,6,0,3,16,0,0,14,0,0,0,0,0
0,0.0,0,0.0,1,85078784.0,27,33153251.5556,10,0.0,26,0.0,1,7996416.0,80,30897689.6,27,42798061.037,76,42039198.3158,0,0.0,0,0.0,10,1800934.4,10,-319100313.6,10,1836825.6,0,0.0,0,0.0,10,1582796.8,10,3775078.4,0,0.0,10,4118784.0,0,0.0,6,1836757.33333,9,1369372.44444,0,0.0,0,0.0,0,0.0,0,0.0,0,0.0,0,0.0,0,0.0,0,0.0,0,0.0,5,2967961.6,1,8084224.0,10,2001971.2,0,0.0,0,0.0,0,0.0,0,0.0,0,0.0,0,0.0,0,0.0,0,0.0,0,0.0,5,2124236.8,27,49759677.6296,1,1484288.0,5,4689254.4,5,4980940.8,5,0.0,5,44613222.4,27,33007672.8889,76,0.0,53,0.0,0,0.0,2,0.0,-0.219999998808,0.0,-0.0587861873209,0,0,0,0,2,0,2,0,1,0,2,0,2,0,3,68,3,1,2,0,0,0,0,0,0,0,1,0,1,0,0,0,0,0,0,0,3,0,0,0,2,0,0,0,3,0,1,0,0,0,0,0,0,0,0,0,0,0,0,0,0,0,0,0,0,0,3,0,3,0,3,0,0,0,0,0,0,0,0,0,0,0,0,0,0,0,0,0,0,0,3,0,3,10,3,0,2,0,2,0,2,0,4,0,3,16,0,0,15,0,0,0,2,0
0,0.0,0,0.0,1,105129472.0,24,39248437.3333,10,0.0,24,0.0,1,46742784.0,75,35253504.0,24,44828597.3333,74,47694636.973,0,0.0,0,0.0,10,2920576.0,10,-320083865.6,10,2485964.8,0,0.0,0,0.0,10,3257856.0,10,7229312.0,0,0.0,10,5081190.4,0,0.0,7,3471250.28571,11,2242932.36364,0,0.0,0,0.0,0,0.0,0,0.0,0,0.0,0,0.0,0,0.0,0,0.0,0,0.0,6,4038613.33333,0,0.0,10,2834918.4,0,0.0,0,0.0,0,0.0,0,0.0,0,0.0,0,0.0,0,0.0,0,0.0,0,0.0,5,3899084.8,25,57827450.88,1,1111808.0,5,3916953.6,5,4613785.6,5,0.0,5,25780633.6,24,31610304.0,81,0.0,56,0.0,0,0.0,0,0.0,-0.219999998808,0.0,-0.21981118843,0,0,0,0,2,0,2,0,3,0,2,0,2,0,3,68,3,2,2,0,0,0,0,0,1,0,1,0,2,0,0,0,0,0,2,0,3,0,0,0,3,0,0,0,3,0,2,0,0,0,0,0,0,0,0,0,0,0,0,0,0,0,0,0,0,0,3,0,0,0,3,0,0,0,0,0,0,0,0,0,0,0,0,0,0,0,0,0,0,0,3,0,3,9,3,0,2,0,2,0,2,0,6,0,3,16,0,0,15,0,0,0,0,0
0,0.0,0,0.0,0,0.0,26,43615881.8462,10,0.0,27,0.0,1,25868288.0,76,36319690.1053,26,52137915.0769,80,57149126.4,0,0.0,0,0.0,10,2340633.6,10,-321833011.2,10,1848371.2,0,0.0,0,0.0,10,2286796.8,10,1330611.2,0,0.0,10,4774144.0,0,0.0,6,3377749.33333,10,2391936.0,0,0.0,0,0.0,0,0.0,0,0.0,0,0.0,0,0.0,0,0.0,0,0.0,0,0.0,5,1811558.4,2,1685632.0,10,1367705.6,0,0.0,0,0.0,0,0.0,0,0.0,0,0.0,0,0.0,0,0.0,0,0.0,0,0.0,5,3860377.6,25,53239582.72,0,0.0,5,4444825.6,5,5219686.4,5,0.0,5,23851212.8,26,40966793.8462,75,0.0,56,0.0,0,0.0,1,0.0,-0.219999998808,0.0,-0.293529655598,0,0,0,0,0,0,2,0,3,0,2,0,0,0,3,68,3,0,2,0,0,0,0,0,1,0,2,0,2,0,0,0,0,0,2,0,3,0,0,0,3,0,0,0,3,0,2,0,0,0,0,0,0,0,0,0,0,0,0,0,0,0,0,0,0,0,0,0,3,0,3,0,0,0,0,0,0,0,0,0,0,0,0,0,0,0,0,0,0,0,3,0,3,7,0,0,2,0,1,0,2,0,6,0,2,0,0,0,15,0,0,0,2,0
0,0.0,0,0.0,1,130599936.0,28,56436790.8571,10,0.0,27,0.0,1,66619648.0,77,50545238.4416,27,59292027.2593,81,63820367.0123,0,0.0,0,0.0,10,7084364.8,10,-275163673.6,10,5750400.0,0,0.0,0,0.0,10,6472883.2,10,6586009.6,0,0.0,10,8075212.8,0,0.0,6,3996373.33333,9,4570026.66667,0,0.0,0,0.0,0,0.0,0,0.0,0,0.0,0,0.0,0,0.0,0,0.0,0,0.0,3,5943296.0,3,2770432.0,10,5172249.6,0,0.0,0,0.0,0,0.0,0,0.0,0,0.0,0,0.0,0,0.0,0,0.0,0,0.0,5,7220019.2,27,66242256.5926,1,1713152.0,5,8559462.4,5,9308160.0,5,0.0,5,41644032.0,28,49407433.1429,81,0.0,59,0.0,0,0.0,1,0.0,-0.219999998808,0.0,-0.27262352854,0,0,0,0,2,0,2,0,2,0,1,0,2,0,3,68,3,0,2,0,0,0,0,0,2,0,3,0,2,0,0,0,0,0,2,0,2,0,0,0,2,0,0,0,3,0,2,0,0,0,0,0,0,0,0,0,0,0,0,0,0,0,0,0,0,0,3,0,3,0,3,0,0,0,0,0,0,0,0,0,0,0,0,0,0,0,0,0,0,0,3,0,3,4,3,0,1,0,1,0,2,0,6,0,3,32,0,0,14,0,0,0,0,0
0,0.0,0,0.0,1,132972800.0,25,40930109.44,10,0.0,25,0.0,1,43970048.0,81,38105795.9506,25,57380894.72,75,49692733.44,0,0.0,0,0.0,10,4657305.6,10,-306754816.0,10,3676723.2,0,0.0,0,0.0,10,4514636.8,10,3973504.0,0,0.0,10,4056729.6,0,0.0,7,3945069.71429,10,3022745.6,0,0.0,0,0.0,0,0.0,0,0.0,0,0.0,0,0.0,0,0.0,0,0.0,0,0.0,6,2949717.33333,1,5870080.0,10,3547750.4,0,0.0,0,0.0,0,0.0,0,0.0,0,0.0,0,0.0,0,0.0,0,0.0,0,0.0,5,4351078.4,27,54929085.6296,1,3755264.0,5,3589120.0,5,6696550.4,5,0.0,5,28843264.0,25,38663249.92,82,0.0,57,0.0,0,0.0,1,0.0,-0.219999998808,0.0,-0.30615889132,0,0,0,0,2,0,2,0,3,0,2,0,0,0,3,68,3,0,2,0,0,0,0,0,2,0,3,0,3,0,0,0,0,0,2,0,3,0,0,0,3,0,0,0,3,0,2,0,0,0,0,0,0,0,0,0,0,0,0,0,0,0,0,0,0,0,3,0,0,0,3,0,0,0,0,0,0,0,0,0,0,0,0,0,0,0,0,0,0,0,3,0,3,8,3,0,1,0,2,0,2,0,6,0,1,0,0,0,15,0,0,0,2,0
0,0.0,0,0.0,1,117517312.0,25,59054428.16,10,0.0,25,0.0,1,29251584.0,74,42680780.1081,26,57121122.4615,75,74952567.4667,0,0.0,0,0.0,10,3173555.2,10,-289735244.8,10,3066086.4,0,0.0,0,0.0,10,2871347.2,10,4052377.6,0,0.0,10,3886566.4,0,0.0,6,6580693.33333,11,4238638.54545,0,0.0,0,0.0,0,0.0,0,0.0,0,0.0,0,0.0,0,0.0,0,0.0,0,0.0,5,11122636.8,1,8270336.0,10,7562752.0,0,0.0,0,0.0,0,0.0,0,0.0,0,0.0,0,0.0,0,0.0,0,0.0,0,0.0,5,3446169.6,25,75188398.08,1,2948608.0,5,4146636.8,5,4356710.4,4,0.0,4,46885056.0,25,53433405.44,77,0.0,54,0.0,0,0.0,1,0.0,-0.219999998808,0.0,-0.319826965034,0,0,0,0,2,0,2,0,2,0,2,0,2,0,3,68,3,0,2,0,0,0,0,0,1,0,2,0,3,0,0,0,0,0,2,0,3,0,0,0,3,0,0,0,3,0,2,0,0,0,0,0,0,0,0,0,0,0,0,0,0,0,0,0,0,0,3,0,3,0,2,0,0,0,0,0,0,0,0,0,0,0,0,0,0,0,0,0,0,0,2,0,3,7,3,0,2,0,2,0,1,0,3,0,3,16,0,0,11,0,0,0,2,0
0,0.0,0,0.0,1,121042176.0,26,38177782.1538,11,0.0,26,0.0,1,6057728.0,75,39888223.5733,25,45747998.72,78,54694866.0513,0,0.0,0,0.0,10,2612710.4,10,-295140172.8,10,4112998.4,0,0.0,0,0.0,10,2779520.0,10,1858252.8,0,0.0,10,3557350.4,0,0.0,6,6830762.66667,9,5023914.66667,0,0.0,0,0.0,0,0.0,0,0.0,0,0.0,0,0.0,0,0.0,0,0.0,0,0.0,4,5489920.0,2,1486720.0,10,3149030.4,0,0.0,0,0.0,0,0.0,0,0.0,0,0.0,0,0.0,0,0.0,0,0.0,0,0.0,5,3037030.4,26,61561186.4615,1,2790144.0,5,4197580.8,5,6479257.6,6,0.0,6,40036821.3333,27,35946951.1111,82,0.0,57,0.0,0,0.0,1,0.0,-0.199999998916,0.0,-0.143552768044,0,0,0,0,2,0,2,0,3,0,2,0,0,0,2,68,3,0,2,0,0,0,0,0,2,0,2,0,3,0,0,0,0,0,2,0,3,0,0,0,2,0,0,0,3,0,2,0,0,0,0,0,0,0,0,0,0,0,0,0,0,0,0,0,0,0,3,0,3,0,3,0,0,0,0,0,0,0,0,0,0,0,0,0,0,0,0,0,0,0,2,0,3,2,3,0,1,0,2,0,2,0,6,0,3,16,0,0,14,0,0,0,2,0
0,0.0,0,0.0,0,0.0,25,28796876.8,10,0.0,25,0.0,1,45715712.0,79,21994777.9241,26,31151104.0,78,34911327.1795,0,0.0,0,0.0,10,3365196.8,10,-338836300.8,10,2822707.2,0,0.0,0,0.0,10,2954854.4,10,1536998.4,0,0.0,10,3350860.8,0,0.0,7,4007826.28571,11,2536960.0,0,0.0,0,0.0,0,0.0,0,0.0,0,0.0,0,0.0,0,0.0,0,0.0,0,0.0,5,1930547.2,2,2250368.0,10,1844224.0,0,0.0,0,0.0,0,0.0,0,0.0,0,0.0,0,0.0,0,0.0,0,0.0,0,0.0,5,4020428.8,25,40061962.24,0,0.0,5,4562841.6,5,4663244.8,5,0.0,4,36858560.0,24,18983616.0,68,0.0,55,0.0,0,0.0,1,0.0,-0.218714994192,0.0,-0.0818301405758,0,0,0,0,0,0,2,0,2,0,2,0,2,0,3,68,3,0,1,0,0,0,0,0,2,0,2,0,2,0,0,0,0,0,2,0,3,0,0,0,3,0,0,0,3,0,2,0,0,0,0,0,0,0,0,0,0,0,0,0,0,0,0,0,0,0,3,0,0,0,3,0,0,0,0,0,0,0,0,0,0,0,0,0,0,0,0,0,0,0,2,0,3,2,0,0,2,0,2,0,1,0,4,0,2,16,0,0,12,0,0,0,0,0
0,0.0,0,0.0,1,135433472.0,26,25367522.4615,11,0.0,26,0.0,1,41167616.0,75,20782868.48,26,34543842.4615,75,39001033.3867,0,0.0,0,0.0,10,3829529.6,10,-321195776.0,10,3552332.8,0,0.0,0,0.0,10,3469004.8,10,5517977.6,0,0.0,10,3252736.0,0,0.0,7,1005056.0,10,1456742.4,0,0.0,0,0.0,0,0.0,0,0.0,0,0.0,0,0.0,0,0.0,0,0.0,0,0.0,4,1911872.0,2,3445504.0,10,1891072.0,0,0.0,0,0.0,0,0.0,0,0.0,0,0.0,0,0.0,0,0.0,0,0.0,0,0.0,5,2307635.2,26,42101572.9231,1,6988800.0,5,4248012.8,5,4838963.2,4,0.0,5,39591424.0,26,23034141.5385,86,0.0,57,0.0,0,0.0,1,0.0,-0.201818180734,0.0,0.0764510055835,0,0,0,0,2,0,2,0,6,0,1,0,0,0,3,68,3,0,2,0,0,0,0,0,2,0,3,0,2,0,0,0,0,0,2,0,3,0,0,0,3,0,0,0,3,0,2,0,0,0,0,0,0,0,0,0,0,0,0,0,0,0,0,0,0,0,3,0,3,0,2,0,0,0,0,0,0,0,0,0,0,0,0,0,0,0,0,0,0,0,2,0,3,6,3,0,2,0,2,0,2,0,6,0,2,16,0,0,15,0,0,0,2,0
0,0.0,0,0.0,1,45757184.0,25,49373593.6,11,0.0,25,0.0,1,8891136.0,77,39635748.5714,25,52200161.28,69,51872998.029,0,0.0,0,0.0,10,1869209.6,10,-304328396.8,10,2809984.0,0,0.0,0,0.0,10,1993856.0,10,1654425.6,0,0.0,10,3067955.2,0,0.0,7,2385846.85714,10,1726873.6,0,0.0,0,0.0,0,0.0,0,0.0,0,0.0,0,0.0,0,0.0,0,0.0,0,0.0,3,2160981.33333,2,2728704.0,10,1675059.2,0,0.0,0,0.0,0,0.0,0,0.0,0,0.0,0,0.0,0,0.0,0,0.0,0,0.0,5,2361088.0,25,62562068.48,1,3974912.0,5,2990438.4,5,4360550.4,6,0.0,6,41760810.6667,26,40915328.0,77,0.0,56,0.0,0,0.0,1,0.0,-0.203636362553,0.0,0.260254588791,0,0,0,0,2,0,1,0,5,0,1,0,2,0,3,68,2,0,2,0,0,0,0,0,1,0,2,0,3,0,0,0,0,0,2,0,3,0,0,0,3,0,0,0,0,0,2,0,0,0,0,0,0,0,0,0,0,0,0,0,0,0,0,0,0,0,0,0,3,0,3,0,0,0,0,0,0,0,0,0,0,0,0,0,0,0,0,0,0,0,3,0,3,6,3,0,2,0,1,0,2,0,6,0,2,16,0,0,15,0,0,0,0,0
0,0.0,0,0.0,1,122593792.0,27,92086575.4074,10,0.0,27,0.0,1,43308288.0,79,58110745.9241,26,116159734.154,87,96803236.7816,0,0.0,0,0.0,10,2145843.2,10,-266050739.2,10,2111001.6,0,0.0,0,0.0,10,1859942.4,10,1316582.4,0,0.0,10,4785177.6,0,0.0,7,971739.428571,10,1043430.4,0,0.0,0,0.0,0,0.0,0,0.0,0,0.0,0,0.0,0,0.0,0,0.0,0,0.0,4,3737216.0,3,2180522.66667,10,1940070.4,0,0.0,0,0.0,0,0.0,0,0.0,0,0.0,0,0.0,0,0.0,0,0.0,0,0.0,5,1949286.4,27,83945140.1481,1,2228992.0,5,5388339.2,5,6184140.8,5,0.0,5,96600115.2,26,41347091.6923,86,0.0,56,0.0,0,0.0,1,0.0,-0.219999998808,0.0,0.101050725952,0,0,0,0,2,0,2,0,3,0,1,0,2,0,3,68,3,0,2,0,0,0,0,0,2,0,3,0,3,0,0,0,0,0,2,0,1,0,0,0,3,0,0,0,3,0,2,0,0,0,0,0,0,0,0,0,0,0,0,0,0,0,0,0,0,0,3,0,3,0,3,0,0,0,0,0,0,0,0,0,0,0,0,0,0,0,0,0,0,0,3,0,3,8,3,0,2,0,2,0,2,0,6,0,2,16,0,0,15,0,0,0,2,0
0,0.0,0,0.0,1,115858432.0,24,30888501.3333,11,0.0,25,0.0,1,26666496.0,75,36374596.2667,25,41757327.36,75,53824368.64,0,0.0,0,0.0,10,4955750.4,10,-310158822.4,10,3986227.2,0,0.0,0,0.0,10,4732134.4,10,3659955.2,0,0.0,10,3973811.2,0,0.0,6,4952490.66667,10,2643456.0,0,0.0,0,0.0,0,0.0,0,0.0,0,0.0,0,0.0,0,0.0,0,0.0,0,0.0,5,3413299.2,0,0.0,10,2511692.8,0,0.0,0,0.0,0,0.0,0,0.0,0,0.0,0,0.0,0,0.0,0,0.0,0,0.0,5,1480857.6,24,61744117.3333,1,1550080.0,5,3395276.8,5,5220147.2,4,0.0,4,20840448.0,24,35738368.0,73,0.0,56,0.0,0,0.0,1,0.0,-0.204236675176,0.0,0.159763124619,0,0,0,0,2,0,2,0,6,0,2,0,0,0,3,68,3,0,2,0,0,0,0,0,1,0,2,0,2,0,0,0,0,0,2,0,3,0,0,0,3,0,0,0,3,0,2,0,0,0,0,0,0,0,0,0,0,0,0,0,0,0,0,0,0,0,3,0,0,0,2,0,0,0,0,0,0,0,0,0,0,0,0,0,0,0,0,0,0,0,3,0,3,9,3,0,2,0,2,0,0,0,2,0,2,16,0,0,13,0,0,0,0,0
0,0.0,0,0.0,1,85748480.0,26,48016935.3846,11,0.0,25,0.0,1,12789248.0,80,40368364.8,26,61173533.5385,76,59732304.8421,0,0.0,0,0.0,10,3532416.0,10,-294595097.6,10,2915328.0,0,0.0,0,0.0,10,3460428.8,10,1405824.0,0,0.0,10,7338368.0,0,0.0,7,5429760.0,10,3214003.2,0,0.0,0,0.0,0,0.0,0,0.0,0,0.0,0,0.0,0,0.0,0,0.0,0,0.0,6,2573525.33333,1,8240384.0,10,2690073.6,0,0.0,0,0.0,0,0.0,0,0.0,0,0.0,0,0.0,0,0.0,0,0.0,0,0.0,5,4237107.2,26,61065097.8462,1,2138368.0,5,11795712.0,5,11967948.8,6,0.0,6,40042880.0,28,39562349.7143,85,0.0,56,0.0,0,0.0,1,0.0,-0.184050943364,0.0,0.193672623485,0,0,0,0,2,0,2,0,5,0,2,0,2,0,3,68,3,1,2,0,0,0,0,0,2,0,2,0,3,0,0,0,0,0,2,0,3,0,0,0,3,0,0,0,3,0,2,0,0,0,0,0,0,0,0,0,0,0,0,0,0,0,0,0,0,0,3,0,3,0,3,0,0,0,0,0,0,0,0,0,0,0,0,0,0,0,0,0,0,0,3,0,3,7,3,0,1,0,1,0,2,0,6,0,3,16,0,0,11,0,0,0,2,0
0,0.0,0,0.0,1,68224256.0,26,31393723.0769,10,0.0,27,0.0,1,46012928.0,76,29426334.3158,26,44462493.5385,80,41559164.8,0,0.0,0,0.0,10,4128281.6,10,-310858803.2,10,3852390.4,0,0.0,0,0.0,10,4304128.0,10,1304320.0,0,0.0,10,4678835.2,0,0.0,5,2514944.0,10,2059648.0,0,0.0,0,0.0,0,0.0,0,0.0,0,0.0,0,0.0,0,0.0,0,0.0,0,0.0,2,2669184.0,4,1621248.0,10,2237772.8,0,0.0,0,0.0,0,0.0,0,0.0,0,0.0,0,0.0,0,0.0,0,0.0,0,0.0,5,4031692.8,25,42037299.2,1,997888.0,5,4814182.4,5,4867635.2,4,0.0,4,34621888.0,25,23741061.12,79,0.0,57,0.0,0,0.0,1,0.0,-0.124468376487,0.0,0.639975076914,0,0,0,0,0,0,1,0,3,0,2,0,2,0,3,68,2,0,1,0,0,0,0,0,2,0,3,0,3,0,0,0,0,0,2,0,3,0,0,0,3,0,0,0,3,0,2,0,0,0,0,0,0,0,0,0,0,0,0,0,0,0,0,0,0,0,3,0,3,0,3,0,0,0,0,0,0,0,0,0,0,0,0,0,0,0,0,0,0,0,3,0,2,3,0,0,2,0,2,0,2,0,6,0,3,16,0,0,15,0,0,0,0,0
0,0.0,0,0.0,2,108724224.0,26,35647163.0769,11,0.0,25,0.0,1,36611840.0,75,33873834.6667,25,49445171.2,75,44621912.7467,0,0.0,0,0.0,2,7784448.0,2,-350476288.0,2,3475968.0,0,0.0,0,0.0,2,3559296.0,10,4209843.2,0,0.0,10,2669721.6,0,0.0,7,2384676.57143,10,2503193.6,0,0.0,0,0.0,0,0.0,0,0.0,0,0.0,0,0.0,0,0.0,0,0.0,0,0.0,1,1326080.0,6,2083285.33333,10,1589068.8,0,0.0,0,0.0,0,0.0,0,0.0,0,0.0,0,0.0,0,0.0,0,0.0,0,0.0,5,3146700.8,25,58345226.24,2,1763840.0,5,2188288.0,5,2438451.2,5,0.0,5,39843788.8,25,29085583.36,71,0.0,53,0.0,0,0.0,1,0.0,-0.0108195810833,0.0,0.345170431787,0,0,0,0,2,0,2,0,6,0,2,0,0,0,3,68,2,1,2,0,0,0,0,0,0,0,0,0,0,0,0,0,0,0,0,0,3,0,0,0,3,0,0,0,3,0,2,0,0,0,0,0,0,0,0,0,0,0,0,0,0,0,0,0,0,0,0,0,3,0,3,0,0,0,0,0,0,0,0,0,0,0,0,0,0,0,0,0,0,0,3,0,3,2,3,0,0,0,1,0,2,0,5,0,3,16,0,0,13,0,0,0,2,0
0,0.0,0,0.0,0,0.0,25,25339965.44,10,0.0,25,0.0,1,6729728.0,77,28633600.0,26,40508100.9231,75,36463943.68,0,0.0,0,0.0,8,5286464.0,8,-327270304.0,8,5413856.0,0,0.0,0,0.0,8,6019296.0,10,6907084.8,1,1.65644579343e+18,11,4200564.36364,0,0.0,5,2452070.4,10,2046105.6,0,0.0,0,0.0,0,0.0,0,0.0,0,0.0,0,0.0,0,0.0,0,0.0,1,2298624.0,0,0.0,8,3912288.0,10,3427276.8,0,0.0,0,0.0,0,0.0,0,0.0,0,0.0,0,0.0,0,0.0,0,0.0,1,4330496.0,7,4216064.0,27,53997349.9259,0,0.0,7,4810313.14286,7,5318656.0,5,0.0,5,39443763.2,25,24751667.2,88,0.0,55,0.0,0,0.0,1,0.0,0.108452140212,0.0,-0.43025909543,0,0,0,0,0,0,2,0,6,0,1,0,2,0,3,68,2,0,2,0,0,0,0,0,1,0,3,0,2,0,0,0,0,0,2,0,3,0,2,0,3,0,0,0,3,0,2,0,0,0,0,0,0,0,0,0,0,0,0,0,0,0,0,0,3,0,0,0,3,0,3,0,0,0,0,0,0,0,0,0,0,0,0,0,0,0,0,0,2,0,3,0,3,7,0,0,4,0,2,0,2,0,6,0,3,16,0,0,15,0,0,0,0,0
0,0.0,0,0.0,1,53093888.0,26,39617161.8462,10,0.0,27,0.0,1,44898304.0,75,33511536.64,26,50991596.3077,81,53221568.7901,0,0.0,0,0.0,10,6553113.6,10,-243469158.4,10,6622284.8,0,0.0,0,0.0,10,6635187.2,10,3451468.8,0,0.0,10,6062976.0,0,0.0,8,8625696.0,10,7162496.0,0,0.0,0,0.0,0,0.0,0,0.0,0,0.0,0,0.0,0,0.0,0,0.0,0,0.0,3,1300906.66667,4,11142784.0,10,5103027.2,0,0.0,0,0.0,0,0.0,0,0.0,0,0.0,0,0.0,0,0.0,0,0.0,0,0.0,5,15840768.0,25,46427054.08,1,3206144.0,5,6223052.8,5,6326784.0,4,0.0,4,48601152.0,26,38047616.0,85,0.0,56,0.0,0,0.0,1,0.0,0.21461891681,0.0,-0.707952266932,0,0,0,0,2,0,2,0,3,0,2,0,2,0,3,68,3,2,2,0,0,0,0,0,2,0,2,0,2,0,0,0,0,0,1,0,3,0,0,0,3,0,0,0,3,0,2,0,0,0,0,0,0,0,0,0,0,0,0,0,0,0,0,0,0,0,3,0,3,0,2,0,0,0,0,0,0,0,0,0,0,0,0,0,0,0,0,0,0,0,2,0,3,7,3,0,2,0,2,0,2,0,6,0,3,16,0,0,15,0,0,0,2,0
0,0.0,0,0.0,2,127752832.0,25,43223674.88,11,0.0,23,0.0,1,27477248.0,77,39269209.7662,23,52434109.2174,69,50952614.9565,0,0.0,0,0.0,10,6043571.2,10,-309771340.8,10,5484032.0,0,0.0,0,0.0,10,5977676.8,10,2055040.0,0,0.0,10,5002035.2,0,0.0,5,2899660.8,9,2406400.0,0,0.0,0,0.0,0,0.0,0,0.0,0,0.0,0,0.0,0,0.0,0,0.0,0,0.0,4,2008896.0,2,11446272.0,10,3923865.6,0,0.0,0,0.0,0,0.0,0,0.0,0,0.0,0,0.0,0,0.0,0,0.0,0,0.0,5,2342400.0,26,66735419.0769,2,1714560.0,5,5037721.6,5,4755558.4,5,0.0,5,38629836.8,25,40301291.52,72,0.0,57,0.0,0,0.0,1,0.0,0.194532318549,0.0,-0.493399450996,0,0,0,0,2,0,2,0,5,0,2,0,0,0,2,68,3,0,2,0,0,0,0,0,1,0,3,0,2,0,0,0,0,0,1,0,3,0,0,0,2,0,0,0,1,0,1,0,0,0,0,0,0,0,0,0,0,0,0,0,0,0,0,0,0,0,3,0,0,0,3,0,0,0,0,0,0,0,0,0,0,0,0,0,0,0,0,0,0,0,3,0,1,0,3,0,2,0,1,0,2,0,5,0,3,16,0,0,14,0,0,0,0,0
0,0.0,0,0.0,0,0.0,27,39766300.4444,11,0.0,27,0.0,1,6917888.0,78,43526767.5897,27,53292060.4444,81,50688638.4198,0,0.0,0,0.0,10,6240307.2,10,-307895628.8,10,5626009.6,0,0.0,0,0.0,10,4323123.2,10,1221939.2,0,0.0,9,8944213.33333,0,0.0,6,3629056.0,10,6700902.4,0,0.0,0,0.0,0,0.0,0,0.0,0,0.0,0,0.0,0,0.0,0,0.0,0,0.0,4,2806400.0,3,5788928.0,10,5477529.6,0,0.0,0,0.0,0,0.0,0,0.0,0,0.0,0,0.0,0,0.0,0,0.0,0,0.0,5,7097651.2,25,59883356.16,0,0.0,4,6144896.0,4,5918464.0,5,0.0,5,31942502.4,27,35701750.5185,79,0.0,52,0.0,0,0.0,1,0.0,0.198775918646,0.0,-0.118971542868,0,0,0,0,0,0,2,0,5,0,2,0,2,0,3,68,3,0,2,0,0,0,0,0,2,0,3,0,3,0,0,0,0,0,2,0,3,0,0,0,3,0,0,0,3,0,1,0,0,0,0,0,0,0,0,0,0,0,0,0,0,0,0,0,0,0,3,0,3,0,3,0,0,0,0,0,0,0,0,0,0,0,0,0,0,0,0,0,0,0,2,0,3,8,0,0,2,0,1,0,0,0,3,0,3,16,0,0,15,0,0,0,2,0
0,0.0,0,0.0,1,127373824.0,25,42938009.6,10,0.0,26,0.0,1,41969408.0,80,42890275.2,27,50343205.9259,80,54291232.0,0,0.0,0,0.0,10,6084275.2,10,-299411609.6,10,4933836.8,0,0.0,0,0.0,10,6092467.2,10,2377267.2,0,0.0,11,10497000.7273,0,0.0,7,6733933.71429,11,7129576.72727,0,0.0,0,0.0,0,0.0,0,0.0,0,0.0,0,0.0,0,0.0,0,0.0,0,0.0,3,1890560.0,4,3768256.0,10,2595558.4,0,0.0,0,0.0,0,0.0,0,0.0,0,0.0,0,0.0,0,0.0,0,0.0,0,0.0,5,9946572.8,28,60092690.2857,1,700416.0,6,7834197.33333,6,8053546.66667,5,0.0,5,30149478.4,25,37643438.08,84,0.0,58,0.0,0,0.0,1,0.0,0.219999998808,0.0,0.0139027890225,0,0,0,0,2,0,2,0,3,0,2,0,2,0,3,68,3,2,2,0,0,0,0,0,2,0,3,0,3,0,0,0,0,0,2,0,3,0,0,0,3,0,0,0,3,0,2,0,0,0,0,0,0,0,0,0,0,0,0,0,0,0,0,0,0,0,0,0,3,0,3,0,0,0,0,0,0,0,0,0,0,0,0,0,0,0,0,0,0,0,2,0,3,7,3,0,2,0,2,0,2,0,6,0,3,16,0,0,15,0,0,0,0,0
0,0.0,0,0.0,1,125011712.0,25,46733680.64,11,0.0,25,0.0,1,34988288.0,75,37317812.9067,25,56157388.8,76,49780096.0,0,0.0,0,0.0,10,4372659.2,10,-304825881.6,10,3607910.4,0,0.0,0,0.0,10,3789107.2,10,2028416.0,0,0.0,10,5699712.0,0,0.0,8,5906272.0,10,4612275.2,0,0.0,0,0.0,0,0.0,0,0.0,0,0.0,0,0.0,0,0.0,0,0.0,0,0.0,3,3212629.33333,3,4142848.0,10,3096473.6,0,0.0,0,0.0,0,0.0,0,0.0,0,0.0,0,0.0,0,0.0,0,0.0,0,0.0,5,4849510.4,25,51955548.16,1,5378560.0,4,4513472.0,4,5078208.0,5,0.0,5,44418969.6,25,46735472.64,83,0.0,57,0.0,0,0.0,1,0.0,0.198816287247,0.0,0.0585733802481,0,0,0,0,2,0,2,0,6,0,2,0,0,0,2,0,3,0,2,0,0,0,0,0,2,0,3,0,2,0,0,0,0,0,2,0,3,0,0,0,2,0,0,0,3,0,2,0,0,0,0,0,0,0,0,0,0,0,0,0,0,0,0,0,0,0,3,0,3,0,3,0,0,0,0,0,0,0,0,0,0,0,0,0,0,0,0,0,0,0,3,0,3,7,3,0,2,0,2,0,2,0,6,0,3,16,0,0,10,0,0,0,2,0
0,0.0,0,0.0,0,0.0,26,56639872.0,11,0.0,27,0.0,1,23309824.0,81,44974712.0988,27,54137144.8889,76,65556163.3684,0,0.0,0,0.0,10,3081164.8,10,-350732083.2,10,3043737.6,0,0.0,0,0.0,10,3191091.2,10,5882726.4,0,0.0,10,6863462.4,0,0.0,6,4662229.33333,9,3953692.44444,0,0.0,0,0.0,0,0.0,0,0.0,0,0.0,0,0.0,0,0.0,0,0.0,0,0.0,3,1372672.0,4,5270080.0,10,3082624.0,0,0.0,0,0.0,0,0.0,0,0.0,0,0.0,0,0.0,0,0.0,0,0.0,0,0.0,5,2393344.0,26,65513816.6154,0,0.0,6,9646890.66667,6,9600725.33333,5,0.0,5,32641280.0,27,52197300.1481,86,0.0,57,0.0,0,0.0,1,0.0,0.195219194347,0.0,-0.0636068032885,0,0,0,0,0,0,2,0,6,0,2,0,2,0,3,136,3,0,2,0,0,0,0,0,2,0,3,0,3,0,0,0,0,0,2,0,3,0,0,0,2,0,0,0,2,0,2,0,0,0,0,0,0,0,0,0,0,0,0,0,0,0,0,0,0,0,3,0,3,0,3,0,0,0,0,0,0,0,0,0,0,0,0,0,0,0,0,0,0,0,3,0,3,10,0,0,2,0,2,0,2,0,6,0,3,16,0,0,15,0,0,0,0,0
0,0.0,0,0.0,1,90767104.0,26,32724539.0769,10,0.0,26,0.0,1,43466496.0,75,29967759.36,25,34824570.88,80,32753968.0,0,0.0,0,0.0,10,4928230.4,10,-272404198.4,10,3827379.2,0,0.0,0,0.0,10,4087270.4,10,2063257.6,0,0.0,10,6849382.4,0,0.0,6,4966954.66667,11,4780776.72727,0,0.0,0,0.0,0,0.0,0,0.0,0,0.0,0,0.0,0,0.0,0,0.0,0,0.0,4,3729216.0,3,1856426.66667,10,2519910.4,0,0.0,0,0.0,0,0.0,0,0.0,0,0.0,0,0.0,0,0.0,0,0.0,0,0.0,5,3839436.8,26,47910547.6923,1,7328256.0,5,5360537.6,5,5505638.4,5,0.0,5,33681971.2,25,31074129.92,80,0.0,55,0.0,0,0.0,1,0.0,0.214015933871,0.0,-0.338645768166,0,0,0,0,1,0,2,0,2,0,2,0,2,0,2,0,3,0,2,0,0,0,0,0,2,0,2,0,3,0,0,0,0,0,1,0,2,0,0,0,2,0,0,0,3,0,2,0,0,0,0,0,0,0,0,0,0,0,0,0,0,0,0,0,0,0,3,0,3,0,3,0,0,0,0,0,0,0,0,0,0,0,0,0,0,0,0,0,0,0,3,0,3,8,3,0,2,0,2,0,2,0,5,0,3,16,0,0,13,0,0,0,2,0
0,0.0,0,0.0,1,51643648.0,25,35716331.52,11,0.0,24,0.0,1,31926016.0,75,31106013.8667,25,38401894.4,74,42018459.6757,0,0.0,0,0.0,10,2493772.8,10,-339461862.4,10,2752460.8,0,0.0,0,0.0,10,2334771.2,10,7184486.4,0,0.0,10,3952896.0,0,0.0,5,1923379.2,9,1596188.44444,0,0.0,0,0.0,0,0.0,0,0.0,0,0.0,0,0.0,0,0.0,0,0.0,0,0.0,3,1226752.0,3,2346837.33333,10,1350451.2,0,0.0,0,0.0,0,0.0,0,0.0,0,0.0,0,0.0,0,0.0,0,0.0,0,0.0,5,1967206.4,24,40336981.3333,1,850176.0,5,4685516.8,5,5986099.2,5,0.0,5,45533132.8,25,30095564.8,83,0.0,54,0.0,0,0.0,1,0.0,0.193195446946,0.0,-0.18704361157,0,0,0,0,0,0,2,0,6,0,2,0,0,0,3,68,3,0,2,0,0,0,0,0,2,0,3,0,3,0,0,0,0,0,2,0,3,0,0,0,3,0,0,0,3,0,2,0,0,0,0,0,0,0,0,0,0,0,0,0,0,0,0,0,0,0,3,0,0,0,3,0,0,0,0,0,0,0,0,0,0,0,0,0,0,0,0,0,0,0,3,0,3,8,0,0,2,0,2,0,2,0,6,0,3,16,0,0,15,0,0,0,2,0
0,0.0,0,0.0,1,101425920.0,20,36228556.8,11,0.0,20,0.0,1,23004416.0,71,59195896.7887,19,46620321.6842,69,70577144.5797,0,0.0,0,0.0,10,5153996.8,10,-296600576.0,10,4173696.0,0,0.0,0,0.0,10,2915481.6,10,1558809.6,0,0.0,9,6597518.22222,0,0.0,6,6182186.66667,10,5210828.8,0,0.0,0,0.0,0,0.0,0,0.0,0,0.0,0,0.0,0,0.0,0,0.0,0,0.0,5,4378931.2,2,3979904.0,10,3387827.2,0,0.0,0,0.0,0,0.0,0,0.0,0,0.0,0,0.0,0,0.0,0,0.0,0,0.0,5,3380326.4,24,74696266.6667,1,2388992.0,4,7958976.0,4,8851520.0,5,0.0,5,63983667.2,20,31536908.8,79,0.0,47,0.0,0,0.0,1,0.0,0.19746489281,0.0,-0.204951246354,0,0,0,0,2,0,2,0,6,0,1,0,2,0,3,68,3,1,1,0,0,0,0,0,1,0,2,0,3,0,0,0,0,0,2,0,3,0,0,0,3,0,0,0,3,0,2,0,0,0,0,0,0,0,0,0,0,0,0,0,0,0,0,0,0,0,3,0,3,0,3,0,0,0,0,0,0,0,0,0,0,0,0,0,0,0,0,0,0,0,3,0,3,7,3,0,0,0,1,0,2,0,5,0,1,16,0,0,13,0,0,0,0,0
0,0.0,0,0.0,1,117116416.0,33,156603174.788,10,0.0,33,0.0,1,48459264.0,85,130797766.776,33,177533509.818,88,146064570.182,0,0.0,0,0.0,10,3392614.4,10,-202314112.0,10,2854067.2,0,0.0,0,0.0,10,2905420.8,10,917990.4,0,0.0,11,5567348.36364,0,0.0,6,4496000.0,11,3207144.72727,0,0.0,0,0.0,0,0.0,0,0.0,0,0.0,0,0.0,0,0.0,0,0.0,0,0.0,1,2021632.0,6,2580949.33333,10,1941888.0,0,0.0,0,0.0,0,0.0,0,0.0,0,0.0,0,0.0,0,0.0,0,0.0,0,0.0,5,2336665.6,28,145786157.714,1,1350400.0,6,4801706.66667,5,4988313.6,5,0.0,5,122919372.8,33,177151526.788,79,0.0,67,0.0,0,0.0,1,0.0,0.218684253097,0.0,0.0240399673581,0,0,0,0,1,0,1,0,3,0,2,0,2,0,3,68,3,0,2,0,0,0,0,0,1,0,2,0,2,0,0,0,0,0,2,0,3,0,0,0,3,0,0,0,3,0,2,0,0,0,0,0,0,0,0,0,0,0,0,0,0,0,0,0,0,0,0,0,3,0,3,0,0,0,0,0,0,0,0,0,0,0,0,0,0,0,0,0,0,0,3,0,3,9,3,0,2,0,1,0,1,0,5,0,3,16,0,0,15,0,0,0,2,0
0,0.0,0,0.0,1,110504960.0,25,39980533.76,11,0.0,24,0.0,1,34504960.0,75,36150787.4133,25,49875681.28,75,45067342.5067,0,0.0,0,0.0,10,5836928.0,10,-304203801.6,10,5359257.6,0,0.0,0,0.0,10,6684134.4,10,1185356.8,0,0.0,10,6482739.2,0,0.0,8,3494400.0,10,3646233.6,0,0.0,0,0.0,0,0.0,0,0.0,0,0.0,0,0.0,0,0.0,0,0.0,0,0.0,5,3869030.4,2,5948160.0,10,4694732.8,0,0.0,0,0.0,0,0.0,0,0.0,0,0.0,0,0.0,0,0.0,0,0.0,0,0.0,5,10852761.6,25,48831528.96,1,1377536.0,5,6149171.2,6,6027818.66667,5,0.0,5,46087987.2,25,34501713.92,81,0.0,55,0.0,0,0.0,1,0.0,0.197573576461,0.0,0.203440563381,0,0,0,0,0,0,2,0,5,0,2,0,0,0,3,68,3,0,2,0,0,0,0,0,2,0,3,0,3,0,0,0,0,0,2,0,3,0,0,0,3,0,0,0,3,0,2,0,0,0,0,0,0,0,0,0,0,0,0,0,0,0,0,0,0,0,3,0,3,0,3,0,0,0,0,0,0,0,0,0,0,0,0,0,0,0,0,0,0,0,3,0,3,11,0,0,2,0,2,0,2,0,6,0,3,16,0,0,13,0,0,0,0,0
0,0.0,0,0.0,1,116408576.0,26,47926665.8462,11,0.0,27,0.0,1,1173504.0,76,50392114.5263,26,60558808.6154,77,57860707.7403,0,0.0,0,0.0,10,5261107.2,10,-268859289.6,10,4925644.8,0,0.0,0,0.0,10,5453542.4,10,2488422.4,0,0.0,9,5591466.66667,0,0.0,6,2554026.66667,9,2699264.0,0,0.0,0,0.0,0,0.0,0,0.0,0,0.0,0,0.0,0,0.0,0,0.0,0,0.0,3,5403050.66667,4,2878720.0,10,3349734.4,0,0.0,0,0.0,0,0.0,0,0.0,0,0.0,0,0.0,0,0.0,0,0.0,0,0.0,5,1788364.8,27,77762313.4815,1,2577920.0,4,7467712.0,4,7915776.0,5,0.0,5,39266355.2,26,47195815.3846,83,0.0,55,0.0,0,0.0,1,0.0,0.198791445656,0.0,0.189676886255,0,0,0,0,2,0,1,0,6,0,2,0,2,0,3,68,3,1,2,0,0,0,0,0,1,0,3,0,2,0,0,0,0,0,2,0,3,0,0,0,3,0,0,0,3,0,2,0,0,0,0,0,0,0,0,0,0,0,0,0,0,0,0,0,0,0,3,0,3,0,2,0,0,0,0,0,0,0,0,0,0,0,0,0,0,0,0,0,0,0,1,0,3,3,3,0,2,0,2,0,1,0,4,0,3,16,0,0,14,0,0,0,2,0
0,0.0,0,0.0,1,124660736.0,25,43043399.68,10,0.0,26,0.0,1,41936640.0,80,41264102.4,26,58720492.3077,79,62903639.4937,0,0.0,0,0.0,10,6502988.8,10,-288800281.6,10,4578073.6,0,0.0,0,0.0,10,5049497.6,10,2004531.2,0,0.0,11,5018693.81818,0,0.0,7,3216091.42857,11,3757451.63636,0,0.0,0,0.0,0,0.0,0,0.0,0,0.0,0,0.0,0,0.0,0,0.0,0,0.0,3,5758549.33333,3,3577600.0,10,3617126.4,0,0.0,0,0.0,0,0.0,0,0.0,0,0.0,0,0.0,0,0.0,0,0.0,0,0.0,5,7282432.0,23,69690991.3043,1,2881536.0,6,5445845.33333,6,5195690.66667,5,0.0,5,36829696.0,26,35028952.6154,72,0.0,58,0.0,0,0.0,1,0.0,0.215929794312,0.0,0.167320210114,0,0,0,0,2,0,1,0,3,0,2,0,2,0,3,68,3,0,2,0,0,0,0,0,0,0,0,0,0,0,0,0,0,0,0,0,3,0,0,0,3,0,0,0,3,0,2,0,0,0,0,0,0,0,0,0,0,0,0,0,0,0,0,0,0,0,3,0,3,0,3,0,0,0,0,0,0,0,0,0,0,0,0,0,0,0,0,0,0,0,3,0,3,10,3,0,2,0,2,0,2,0,6,0,3,16,0,0,10,0,0,0,0,0
0,0.0,0,0.0,0,0.0,25,25616609.28,12,0.0,25,0.0,1,24884992.0,75,31731551.5733,25,39108311.04,75,36770590.72,0,0.0,0,0.0,11,3587607.27273,11,-297882135.273,11,3358231.27273,0,0.0,0,0.0,11,2801989.81818,10,2660531.2,0,0.0,10,7711308.8,0,0.0,7,2497280.0,10,2909158.4,0,0.0,0,0.0,0,0.0,0,0.0,0,0.0,0,0.0,0,0.0,0,0.0,0,0.0,5,2175334.4,1,2303744.0,10,1754828.8,0,0.0,0,0.0,0,0.0,0,0.0,0,0.0,0,0.0,0,0.0,0,0.0,0,0.0,5,2965452.8,27,46296813.037,0,0.0,5,10273126.4,5,5298124.8,5,0.0,5,25420748.8,25,20757114.88,76,0.0,54,0.0,0,0.0,1,0.0,0.199462370326,0.0,-0.0250376640586,0,0,0,0,0,0,1,0,6,0,1,0,0,0,2,68,2,0,2,0,0,0,0,0,2,0,3,0,3,0,0,0,0,0,2,0,3,0,0,0,3,0,0,0,3,0,2,0,0,0,0,0,0,0,0,0,0,0,0,0,0,0,0,0,0,0,3,0,0,0,3,0,0,0,0,0,0,0,0,0,0,0,0,0,0,0,0,0,0,0,3,0,3,8,0,0,2,0,2,0,2,0,5,0,3,16,0,0,13,0,0,0,2,0
0,0.0,0,0.0,1,95406592.0,26,26838656.0,10,0.0,25,0.0,1,16106496.0,80,29258051.2,25,35117629.44,78,43929042.0513,0,0.0,0,0.0,9,6408192.0,9,-317109475.556,9,5622755.55556,0,0.0,0,0.0,9,6078634.66667,10,1567180.8,0,0.0,9,11632298.6667,0,0.0,5,9564979.2,9,6941383.11111,0,0.0,0,0.0,0,0.0,0,0.0,0,0.0,0,0.0,0,0.0,0,0.0,0,0.0,5,5907097.6,2,2438016.0,10,3889049.6,0,0.0,0,0.0,0,0.0,0,0.0,0,0.0,0,0.0,0,0.0,0,0.0,0,0.0,5,8471142.4,25,42822041.6,1,13380608.0,4,13642816.0,4,13672128.0,5,0.0,5,46805760.0,25,32019466.24,86,0.0,55,0.0,0,0.0,1,0.0,0.195402663946,0.0,0.0322219809983,0,0,0,0,2,0,2,0,6,0,2,0,2,0,3,68,3,1,2,0,0,0,0,0,1,0,3,0,2,0,0,0,0,0,2,0,3,0,0,0,3,0,0,0,1,0,2,0,0,0,0,0,0,0,0,0,0,0,0,0,0,0,0,0,0,0,3,0,3,0,3,0,0,0,0,0,0,0,0,0,0,0,0,0,0,0,0,0,0,0,2,0,3,10,3,0,2,0,2,0,2,0,6,0,3,16,0,0,15,0,0,0,0,0
0,0.0,0,0.0,1,37108224.0,26,36716071.3846,10,0.0,26,0.0,1,42868736.0,74,28902334.2703,27,38927397.9259,75,39482251.9467,0,0.0,0,0.0,10,5396198.4,10,-337948313.6,10,4880665.6,0,0.0,0,0.0,10,4743244.8,10,2969958.4,0,0.0,11,8263214.54545,0,0.0,6,6355285.33333,10,5208166.4,0,0.0,0,0.0,0,0.0,0,0.0,0,0.0,0,0.0,0,0.0,0,0.0,0,0.0,5,5777868.8,1,707072.0,10,3613824.0,0,0.0,0,0.0,0,0.0,0,0.0,0,0.0,0,0.0,0,0.0,0,0.0,0,0.0,5,5735219.2,27,39880201.4815,1,2489088.0,6,7996544.0,6,7849770.66667,5,0.0,5,35981875.2,26,28734434.4615,81,0.0,58,0.0,0,0.0,1,0.0,0.218660342693,0.0,0.0435228142887,0,0,0,0,2,0,1,0,3,0,2,0,2,0,3,68,1,1,2,0,0,0,0,0,2,0,3,0,2,0,0,0,0,0,2,0,2,0,0,0,3,0,0,0,3,0,2,0,0,0,0,0,0,0,0,0,0,0,0,0,0,0,0,0,0,0,3,0,0,0,2,0,0,0,0,0,0,0,0,0,0,0,0,0,0,0,0,0,0,0,3,0,3,7,3,0,2,0,2,0,2,0,6,0,3,16,0,0,15,0,0,0,2,0
0,0.0,0,0.0,1,53721856.0,25,37611765.76,11,0.0,25,0.0,1,25733120.0,77,33864251.8442,25,51561779.2,77,45289285.8182,0,0.0,0,0.0,10,3006899.2,10,-326119526.4,10,2756019.2,0,0.0,0,0.0,10,2557260.8,10,3545113.6,0,0.0,10,5077068.8,0,0.0,7,2269513.14286,11,2919354.18182,0,0.0,0,0.0,0,0.0,0,0.0,0,0.0,0,0.0,0,0.0,0,0.0,0,0.0,4,2176640.0,2,1625216.0,10,1877068.8,0,0.0,0,0.0,0,0.0,0,0.0,0,0.0,0,0.0,0,0.0,0,0.0,0,0.0,5,3416115.2,25,38123530.24,1,8838144.0,5,4583526.4,5,4587468.8,5,0.0,5,33308979.2,25,32855080.96,83,0.0,55,0.0,0,0.0,1,0.0,0.199165076397,0.0,0.0470380989665,0,0,0,0,2,0,2,0,6,0,2,0,0,0,3,68,3,0,2,0,0,0,0,0,2,0,3,0,2,0,0,0,0,0,2,0,3,0,0,0,3,0,0,0,3,0,2,0,0,0,0,0,0,0,0,0,0,0,0,0,0,0,0,0,0,0,0,0,3,0,3,0,0,0,0,0,0,0,0,0,0,0,0,0,0,0,0,0,0,0,3,0,3,9,2,0,2,0,2,0,1,0,4,0,3,16,0,0,15,0,0,0,2,0
0,0.0,0,0.0,0,0.0,27,32342224.5926,11,0.0,27,0.0,1,-1684224.0,80,33575420.8,27,42386251.8519,74,41989265.2973,0,0.0,0,0.0,10,7570073.6,10,-284598604.8,10,5570201.6,0,0.0,0,0.0,10,5220966.4,10,2610892.8,0,0.0,10,5607398.4,0,0.0,5,7278131.2,10,4666777.6,0,0.0,0,0.0,0,0.0,0,0.0,0,0.0,0,0.0,0,0.0,0,0.0,0,0.0,3,5758378.66667,4,5924864.0,10,4537344.0,0,0.0,0,0.0,0,0.0,0,0.0,0,0.0,0,0.0,0,0.0,0,0.0,0,0.0,5,3782246.4,25,54248929.28,0,0.0,4,4751808.0,4,5460160.0,5,0.0,5,38153318.4,27,28900977.7778,80,0.0,58,0.0,0,0.0,1,0.0,0.158740399995,0.0,-0.201269605485,0,0,0,0,0,0,2,0,6,0,2,0,2,0,3,68,3,1,2,0,0,0,0,0,2,0,3,0,3,0,0,0,0,0,2,0,3,0,0,0,3,0,0,0,3,0,2,0,0,0,0,0,0,0,0,0,0,0,0,0,0,0,0,0,0,0,3,0,3,0,3,0,0,0,0,0,0,0,0,0,0,0,0,0,0,0,0,0,0,0,3,0,3,7,0,0,0,0,0,0,1,0,3,0,3,15,0,0,15,0,0,0,2,0
0,0.0,0,0.0,1,83856384.0,25,78765117.44,10,0.0,26,0.0,1,55223040.0,75,65281815.8933,25,84377856.0,81,92052369.3827,0,0.0,0,0.0,10,4615424.0,10,-264916915.2,10,3918259.2,0,0.0,0,0.0,10,4048563.2,8,3911200.0,0,0.0,10,5382886.4,0,0.0,6,3269461.33333,9,3278421.33333,0,0.0,0,0.0,0,0.0,0,0.0,0,0.0,0,0.0,0,0.0,0,0.0,0,0.0,3,2610517.33333,2,4412928.0,10,2031155.2,0,0.0,0,0.0,0,0.0,0,0.0,0,0.0,0,0.0,0,0.0,0,0.0,0,0.0,5,2274099.2,27,89255006.8148,1,1639168.0,5,3682457.6,5,5575680.0,5,0.0,5,51645491.2,25,78362880.0,82,0.0,54,0.0,0,0.0,1,0.0,0.205834500492,0.0,-0.635585984588,0,0,0,0,1,0,2,0,3,0,2,0,2,0,3,68,3,1,2,0,0,0,0,0,1,0,3,0,2,0,0,0,0,0,2,0,3,0,0,0,3,0,0,0,2,0,1,0,0,0,0,0,0,0,0,0,0,0,0,0,0,0,0,0,0,0,3,0,3,0,3,0,0,0,0,0,0,0,0,0,0,0,0,0,0,0,0,0,0,0,3,0,3,9,3,0,2,0,2,0,2,0,6,0,3,16,0,0,14,0,0,0,0,0
0,0.0,0,0.0,1,107503104.0,25,48069560.32,11,0.0,24,0.0,1,23670784.0,76,44045332.2105,25,52239462.4,71,52261927.662,0,0.0,0,0.0,10,6313830.4,10,-309731993.6,10,5875891.2,0,0.0,0,0.0,10,6982092.8,10,3321139.2,0,0.0,10,8637593.6,0,0.0,8,4660064.0,10,5618995.2,0,0.0,0,0.0,0,0.0,0,0.0,0,0.0,0,0.0,0,0.0,0,0.0,0,0.0,4,2775808.0,2,13591808.0,10,5388416.0,0,0.0,0,0.0,0,0.0,0,0.0,0,0.0,0,0.0,0,0.0,0,0.0,0,0.0,5,5533542.4,23,64178498.7826,1,913152.0,5,9388902.4,5,9654579.2,5,0.0,5,38141798.4,25,45235722.24,72,0.0,55,0.0,0,0.0,1,0.0,0.190825446844,0.0,-0.340590189533,0,0,0,0,0,0,1,0,6,0,2,0,0,0,3,68,3,0,1,0,0,0,0,0,1,0,3,0,2,0,0,0,0,0,2,0,1,0,0,0,3,0,0,0,3,0,2,0,0,0,0,0,0,0,0,0,0,0,0,0,0,0,0,0,0,0,3,0,3,0,2,0,0,0,0,0,0,0,0,0,0,0,0,0,0,0,0,0,0,0,1,0,2,9,0,0,2,0,2,0,2,0,5,0,3,16,0,0,12,0,0,0,2,0
0,0.0,0,0.0,1,83867904.0,27,50955377.7778,11,0.0,26,0.0,1,8124416.0,79,43181960.1013,27,53753581.037,81,61988882.963,0,0.0,0,0.0,10,5134873.6,10,-293918566.4,10,4698342.4,0,0.0,0,0.0,10,5787008.0,10,4106316.8,0,0.0,10,7686835.2,0,0.0,7,5394724.57143,10,6775091.2,0,0.0,0,0.0,0,0.0,0,0.0,0,0.0,0,0.0,0,0.0,0,0.0,0,0.0,5,3654912.0,2,3373952.0,10,2477952.0,0,0.0,0,0.0,0,0.0,0,0.0,0,0.0,0,0.0,0,0.0,0,0.0,0,0.0,5,10071705.6,29,63422781.7931,1,11000320.0,5,10130585.6,5,11667712.0,5,0.0,5,41435904.0,26,46745974.1538,80,0.0,58,0.0,0,0.0,1,0.0,0.199999998916,0.0,-0.240043907003,0,0,0,0,2,0,2,0,6,0,2,0,2,0,3,68,3,0,2,0,0,0,0,0,1,0,3,0,2,0,0,0,0,0,1,0,3,0,0,0,1,0,0,0,2,0,1,0,0,0,0,0,0,0,0,0,0,0,0,0,0,0,0,0,0,0,3,0,0,0,3,0,0,0,0,0,0,0,0,0,0,0,0,0,0,0,0,0,0,0,3,0,2,0,3,0,2,0,2,0,2,0,6,0,3,15,0,0,15,0,0,0,0,0
0,0.0,0,0.0,1,75256576.0,25,17712957.44,10,0.0,26,0.0,1,43048448.0,75,18477813.76,25,26612889.6,79,21259643.1392,0,0.0,0,0.0,10,3341747.2,10,-284078720.0,10,2727705.6,0,0.0,0,0.0,10,2842137.6,10,2816819.2,0,0.0,10,5819315.2,0,0.0,6,5016789.33333,11,2964642.90909,0,0.0,0,0.0,0,0.0,0,0.0,0,0.0,0,0.0,0,0.0,0,0.0,0,0.0,3,3064064.0,2,1162368.0,10,2562355.2,0,0.0,0,0.0,0,0.0,0,0.0,0,0.0,0,0.0,0,0.0,0,0.0,0,0.0,5,10672281.6,23,30271922.087,1,6091264.0,5,8311910.4,5,8572313.6,4,0.0,4,29732416.0,26,13377161.8462,85,0.0,54,0.0,0,0.0,1,0.0,0.217262619734,0.0,-0.0299872938078,0,0,0,0,2,0,2,0,3,0,2,0,2,0,3,68,3,1,2,0,0,0,0,0,1,0,2,0,2,0,0,0,0,0,2,0,3,0,0,0,3,0,0,0,3,0,2,0,0,0,0,0,0,0,0,0,0,0,0,0,0,0,0,0,0,0,3,0,3,0,3,0,0,0,0,0,0,0,0,0,0,0,0,0,0,0,0,0,0,0,3,0,3,10,2,0,2,0,2,0,1,0,6,0,3,16,0,0,15,0,0,0,2,0
0,0.0,0,0.0,1,94746112.0,25,30369208.32,11,0.0,25,0.0,1,97224192.0,77,24062324.3636,25,38985328.64,76,32812614.7368,0,0.0,0,0.0,10,3719603.2,10,-309319936.0,10,3136998.4,0,0.0,0,0.0,10,3537792.0,10,1312384.0,0,0.0,10,4928230.4,0,0.0,7,4417499.42857,10,3785548.8,0,0.0,0,0.0,0,0.0,0,0.0,0,0.0,0,0.0,0,0.0,0,0.0,0,0.0,4,2942784.0,2,1465088.0,10,2155545.6,0,0.0,0,0.0,0,0.0,0,0.0,0,0.0,0,0.0,0,0.0,0,0.0,0,0.0,5,6876569.6,25,37361192.96,1,1818880.0,5,5338419.2,5,5402112.0,5,0.0,5,41839769.6,25,24177879.04,79,0.0,55,0.0,0,0.0,1,0.0,0.193708814003,0.0,0.14531422867,0,0,0,0,2,0,2,0,5,0,2,0,2,0,3,68,2,0,2,0,0,0,0,0,2,0,3,0,3,0,0,0,0,0,2,0,3,0,0,0,3,0,0,0,3,0,2,0,0,0,0,0,0,0,0,0,0,0,0,0,0,0,0,0,0,0,3,0,3,0,3,0,0,0,0,0,0,0,0,0,0,0,0,0,0,0,0,0,0,0,3,0,2,8,3,0,2,0,2,0,0,0,4,0,3,16,0,0,9,0,0,0,1,0
0,0.0,0,0.0,1,101750528.0,25,30800609.28,11,0.0,25,0.0,1,8108800.0,79,32093420.557,24,39102005.3333,75,42512691.2,0,0.0,0,0.0,10,3386291.2,10,-311338009.6,10,3952947.2,0,0.0,0,0.0,10,3061452.8,10,943667.2,0,0.0,10,7023692.8,0,0.0,6,6873856.0,10,3778150.4,0,0.0,0,0.0,0,0.0,0,0.0,0,0.0,0,0.0,0,0.0,0,0.0,0,0.0,5,1489408.0,3,4239445.33333,10,2357529.6,0,0.0,0,0.0,0,0.0,0,0.0,0,0.0,0,0.0,0,0.0,0,0.0,0,0.0,5,5153280.0,27,50014653.6296,1,3342336.0,5,10083584.0,5,10240409.6,5,0.0,5,45070028.8,25,25844940.8,80,0.0,56,0.0,0,0.0,1,0.0,0.194438157732,0.0,0.0524879488078,0,0,0,0,2,0,2,0,6,0,2,0,0,0,3,68,3,0,2,0,0,0,0,0,2,0,2,0,3,0,0,0,0,0,2,0,3,0,0,0,2,0,0,0,1,0,2,0,0,0,0,0,0,0,0,0,0,0,0,0,0,0,0,0,0,0,3,0,3,0,2,0,0,0,0,0,0,0,0,0,0,0,0,0,0,0,0,0,0,0,1,0,3,9,3,0,0,0,0,0,2,0,6,0,3,15,0,0,15,0,0,0,2,0
0,0.0,0,0.0,1,111956992.0,27,45428906.6667,10,0.0,27,0.0,1,42009600.0,76,42824596.2105,28,52728000.0,81,54877079.7037,0,0.0,0,0.0,10,3900518.4,10,-291524275.2,10,3140326.4,0,0.0,0,0.0,10,3073587.2,10,1308032.0,0,0.0,10,4942438.4,0,0.0,6,3818538.66667,10,2449305.6,0,0.0,0,0.0,0,0.0,0,0.0,0,0.0,0,0.0,0,0.0,0,0.0,0,0.0,4,2453632.0,3,1933397.33333,10,2180326.4,0,0.0,0,0.0,0,0.0,0,0.0,0,0.0,0,0.0,0,0.0,0,0.0,0,0.0,5,2964531.2,25,58265221.12,1,5328384.0,5,4310323.2,5,4436889.6,5,0.0,5,54611609.6,27,39470023.1111,87,0.0,57,0.0,0,0.0,1,0.0,0.213869415224,0.0,0.352633390762,0,0,0,0,2,0,2,0,3,0,2,0,2,0,2,68,3,0,2,0,0,0,0,0,2,0,3,0,3,0,0,0,0,0,2,0,3,0,0,0,3,0,0,0,3,0,2,0,0,0,0,0,0,0,0,0,0,0,0,0,0,0,0,0,0,0,3,0,3,0,3,0,0,0,0,0,0,0,0,0,0,0,0,0,0,0,0,0,0,0,3,0,3,7,3,0,2,0,2,0,2,0,6,0,3,16,0,0,15,0,0,0,0,0
0,0.0,0,0.0,1,90305536.0,25,35584911.36,11,0.0,25,0.0,1,24993792.0,75,37553735.68,25,44973578.24,74,41624434.1622,0,0.0,0,0.0,10,3373619.2,10,-318821248.0,10,2226432.0,0,0.0,0,0.0,10,1949388.8,10,5842585.6,0,0.0,10,6581043.2,0,0.0,7,5059584.0,10,3581670.4,0,0.0,0,0.0,0,0.0,0,0.0,0,0.0,0,0.0,0,0.0,0,0.0,0,0.0,4,1170176.0,3,785237.333333,10,1005465.6,0,0.0,0,0.0,0,0.0,0,0.0,0,0.0,0,0.0,0,0.0,0,0.0,0,0.0,5,4297267.2,27,54201609.4815,1,1488384.0,5,6245324.8,5,6571008.0,5,0.0,5,37010739.2,25,36052234.24,79,0.0,55,0.0,0,0.0,1,0.0,0.189806708477,0.0,0.278640807759,0,0,0,0,0,0,2,0,5,0,2,0,0,0,3,68,3,0,2,0,0,0,0,0,2,0,3,0,3,0,0,0,0,0,2,0,3,0,0,0,3,0,0,0,3,0,1,0,0,0,0,0,0,0,0,0,0,0,0,0,0,0,0,0,0,0,2,0,3,0,2,0,0,0,0,0,0,0,0,0,0,0,0,0,0,0,0,0,0,0,2,0,3,7,0,0,2,0,2,0,2,0,4,0,3,16,0,0,15,0,0,0,2,0
0,0.0,0,0.0,1,61110528.0,27,40230893.037,11,0.0,27,0.0,1,-2116608.0,79,39994397.1646,26,51061425.2308,80,48586700.8,0,0.0,0,0.0,10,4843520.0,10,-319909248.0,10,4472985.6,0,0.0,0,0.0,10,5217459.2,10,1087206.4,0,0.0,10,4781824.0,0,0.0,6,4110165.33333,10,2581964.8,0,0.0,0,0.0,0,0.0,0,0.0,0,0.0,0,0.0,0,0.0,0,0.0,0,0.0,5,5293107.2,1,2235648.0,10,3621222.4,0,0.0,0,0.0,0,0.0,0,0.0,0,0.0,0,0.0,0,0.0,0,0.0,0,0.0,5,5438003.2,25,54349885.44,1,2445568.0,5,3172659.2,5,3757363.2,5,0.0,5,35536435.2,27,35564439.7037,84,0.0,58,0.0,0,0.0,1,0.0,0.197530103001,0.0,0.206806717271,0,0,0,0,2,0,2,0,6,0,2,0,2,0,3,68,3,0,2,0,0,0,0,0,2,0,3,0,3,0,0,0,0,0,2,0,3,0,0,0,3,0,0,0,3,0,2,0,0,0,0,0,0,0,0,0,0,0,0,0,0,0,0,0,0,0,3,0,0,0,3,0,0,0,0,0,0,0,0,0,0,0,0,0,0,0,0,0,0,0,2,0,3,7,3,0,1,0,2,0,1,0,5,0,3,15,0,0,15,0,0,0,0,0
0,0.0,0,0.0,1,60258560.0,25,41961185.28,10,0.0,25,0.0,1,47625216.0,77,38645204.7792,26,46252681.8462,75,48101536.4267,0,0.0,0,0.0,10,3516953.6,10,-324339840.0,10,2849740.8,0,0.0,0,0.0,10,3970227.2,10,1533644.8,0,0.0,9,5403676.44444,0,0.0,7,2803273.14286,9,2714254.22222,0,0.0,0,0.0,0,0.0,0,0.0,0,0.0,0,0.0,0,0.0,0,0.0,0,0.0,6,2408448.0,1,1917952.0,10,2061593.6,0,0.0,0,0.0,0,0.0,0,0.0,0,0.0,0,0.0,0,0.0,0,0.0,0,0.0,5,6496512.0,27,53959196.4444,1,1142784.0,5,4023808.0,5,4419481.6,5,0.0,5,37391308.8,25,34418452.48,84,0.0,56,0.0,0,0.0,1,0.0,0.216069838405,0.0,0.053770160675,0,0,0,0,2,0,2,0,3,0,2,0,2,0,3,68,3,0,2,0,0,0,0,0,2,0,3,0,3,0,0,0,0,0,1,0,3,0,0,0,3,0,0,0,3,0,1,0,0,0,0,0,0,0,0,0,0,0,0,0,0,0,0,0,0,0,3,0,3,0,3,0,0,0,0,0,0,0,0,0,0,0,0,0,0,0,0,0,0,0,2,0,3,10,3,0,1,0,1,0,2,0,6,0,3,16,0,0,14,0,0,0,2,0
0,0.0,0,0.0,1,81346304.0,24,29684362.6667,11,0.0,25,0.0,1,25318144.0,73,29906242.6301,24,35744597.3333,75,40745355.9467,0,0.0,0,0.0,10,6157286.4,10,-327783577.6,10,4252416.0,0,0.0,0,0.0,10,5029222.4,10,3215283.2,0,0.0,11,4622894.54545,0,0.0,7,6140562.28571,11,4370199.27273,0,0.0,0,0.0,0,0.0,0,0.0,0,0.0,0,0.0,0,0.0,0,0.0,0,0.0,2,1110912.0,4,4033344.0,10,1934003.2,0,0.0,0,0.0,0,0.0,0,0.0,0,0.0,0,0.0,0,0.0,0,0.0,0,0.0,5,6101043.2,23,53908591.3043,1,4062976.0,5,3973478.4,5,4559769.6,5,0.0,5,33858713.6,25,25971466.24,74,0.0,54,0.0,0,0.0,1,0.0,0.1950229447,0.0,-0.00731632319618,0,0,0,0,1,0,2,0,6,0,2,0,0,0,3,68,3,0,2,0,0,0,0,0,0,0,0,0,0,0,0,0,0,0,0,0,3,0,0,0,3,0,0,0,3,0,2,0,0,0,0,0,0,0,0,0,0,0,0,0,0,0,0,0,0,0,1,0,3,0,2,0,0,0,0,0,0,0,0,0,0,0,0,0,0,0,0,0,0,0,3,0,3,7,3,0,2,0,2,0,2,0,6,0,3,15,0,0,14,0,0,0,0,0
0,0.0,0,0.0,0,0.0,28,38422482.2857,11,0.0,25,0.0,1,5225984.0,81,33052491.8519,26,49290466.4615,76,54638581.8947,0,0.0,0,0.0,10,5704422.4,10,-331434496.0,10,5544422.4,0,0.0,0,0.0,10,4992742.4,10,2051072.0,0,0.0,9,5221063.11111,0,0.0,4,2684928.0,9,2687943.11111,0,0.0,0,0.0,0,0.0,0,0.0,0,0.0,0,0.0,0,0.0,0,0.0,0,0.0,4,8101440.0,3,1482325.33333,10,5042278.4,0,0.0,0,0.0,0,0.0,0,0.0,0,0.0,0,0.0,0,0.0,0,0.0,0,0.0,5,3239628.8,28,61733101.7143,0,0.0,5,5514803.2,5,5206630.4,5,0.0,5,47538944.0,27,30861160.2963,77,0.0,57,0.0,0,0.0,1,0.0,0.192092471123,0.0,-0.066981952739,0,0,0,0,0,0,2,0,6,0,1,0,2,0,3,68,3,0,1,0,0,0,0,0,1,0,2,0,3,0,0,0,0,0,2,0,3,0,0,0,3,0,0,0,3,0,2,0,0,0,0,0,0,0,0,0,0,0,0,0,0,0,0,0,0,0,3,0,3,0,3,0,0,0,0,0,0,0,0,0,0,0,0,0,0,0,0,0,0,0,3,0,3,5,0,0,1,0,2,0,2,0,6,0,2,16,0,0,10,0,0,0,2,0
0,0.0,0,0.0,1,120411648.0,25,19604254.72,10,0.0,27,0.0,1,46340608.0,76,27687710.3158,26,37969152.0,80,33728022.4,0,0.0,0,0.0,10,3514316.8,10,-317109939.2,10,3771417.6,0,0.0,0,0.0,10,3517235.2,10,1003904.0,0,0.0,11,4313553.45455,0,0.0,7,3973485.71429,11,3148032.0,0,0.0,0,0.0,0,0.0,0,0.0,0,0.0,0,0.0,0,0.0,0,0.0,0,0.0,3,4380160.0,4,3227136.0,10,2692249.6,0,0.0,0,0.0,0,0.0,0,0.0,0,0.0,0,0.0,0,0.0,0,0.0,0,0.0,5,6735052.8,24,39530208.0,1,1884416.0,5,3437926.4,5,5234380.8,5,0.0,5,26739968.0,25,21561845.76,84,0.0,58,0.0,0,0.0,1,0.0,0.192952744663,0.0,0.212241233885,0,0,0,0,2,0,2,0,3,0,2,0,2,0,3,68,3,0,2,0,0,0,0,0,2,0,3,0,3,0,0,0,0,0,2,0,3,0,0,0,3,0,0,0,3,0,2,0,0,0,0,0,0,0,0,0,0,0,0,0,0,0,0,0,0,0,3,0,0,0,3,0,0,0,0,0,0,0,0,0,0,0,0,0,0,0,0,0,0,0,3,0,3,6,3,0,2,0,2,0,2,0,6,0,2,16,0,0,15,0,0,0,0,0
0,0.0,0,0.0,1,72530944.0,25,33487769.6,11,0.0,25,0.0,1,23130624.0,74,29592122.8108,25,48304496.64,75,50020894.72,0,0.0,0,0.0,10,4431027.2,10,-318566553.6,10,3041817.6,0,0.0,0,0.0,10,4123622.4,10,2686412.8,0,0.0,10,3681024.0,0,0.0,7,3458377.14286,10,2243712.0,0,0.0,0,0.0,0,0.0,0,0.0,0,0.0,0,0.0,0,0.0,0,0.0,0,0.0,5,1585254.4,1,1136896.0,10,1687193.6,0,0.0,0,0.0,0,0.0,0,0.0,0,0.0,0,0.0,0,0.0,0,0.0,0,0.0,5,2121984.0,27,47188555.8519,1,993280.0,5,4871321.6,5,3586201.6,5,0.0,5,29408102.4,25,28163379.2,83,0.0,54,0.0,0,0.0,1,0.0,0.128218310042,0.0,0.116454683651,0,0,0,0,0,0,2,0,5,0,2,0,0,0,3,68,3,0,2,0,0,0,0,0,2,0,3,0,3,0,0,0,0,0,2,0,3,0,0,0,3,0,0,0,3,0,2,0,0,0,0,0,0,0,0,0,0,0,0,0,0,0,0,0,0,0,3,0,3,0,3,0,0,0,0,0,0,0,0,0,0,0,0,0,0,0,0,0,0,0,3,0,3,9,0,0,2,0,2,0,2,0,5,0,3,15,0,0,14,0,0,0,2,0
0,0.0,0,0.0,1,76072192.0,27,32349572.7407,11,0.0,27,0.0,1,1574656.0,81,38139439.4074,26,42698801.2308,75,46427709.44,0,0.0,0,0.0,10,2711603.2,10,-340994867.2,10,3233408.0,0,0.0,0,0.0,10,3323648.0,10,1613132.8,0,0.0,10,5746176.0,0,0.0,6,4225578.66667,10,3210624.0,0,0.0,0,0.0,0,0.0,0,0.0,0,0.0,0,0.0,0,0.0,0,0.0,0,0.0,1,632832.0,4,1446272.0,10,1426560.0,0,0.0,0,0.0,0,0.0,0,0.0,0,0.0,0,0.0,0,0.0,0,0.0,0,0.0,5,6381004.8,25,51025469.44,1,2108672.0,5,7201792.0,5,4698163.2,5,0.0,5,35644825.6,27,23109413.9259,78,0.0,57,0.0,0,0.0,1,0.0,0.0597357497635,0.0,0.391355956143,0,0,0,0,2,0,2,0,6,0,2,0,2,0,3,68,3,0,2,0,0,0,0,0,2,0,3,0,3,0,0,0,0,0,2,0,3,0,0,0,3,0,0,0,2,0,2,0,0,0,0,0,0,0,0,0,0,0,0,0,0,0,0,0,0,0,0,0,3,0,3,0,0,0,0,0,0,0,0,0,0,0,0,0,0,0,0,0,0,0,3,0,3,11,3,0,1,0,1,0,0,0,1,0,3,16,0,0,15,0,0,0,0,0
0,0.0,0,0.0,1,95282688.0,24,43717312.0,11,0.0,24,0.0,1,45001728.0,75,35591430.8267,26,50958257.2308,81,53397402.8642,0,0.0,0,0.0,5,5464627.2,5,-312026163.2,5,4171110.4,0,0.0,0,0.0,5,5576499.2,10,901529.6,0,0.0,10,4927769.6,0,0.0,6,2959360.0,10,1898086.4,0,0.0,0,0.0,0,0.0,0,0.0,0,0.0,0,0.0,0,0.0,0,0.0,0,0.0,1,1405696.0,4,2797312.0,10,2207590.4,0,0.0,0,0.0,0,0.0,0,0.0,0,0.0,0,0.0,0,0.0,0,0.0,0,0.0,5,2558003.2,26,61734971.0769,1,2384640.0,5,4863641.6,5,4831590.4,5,0.0,5,36464793.6,25,31985305.6,82,0.0,56,0.0,0,0.0,1,0.0,0.0221052630381,0.0,0.207370539416,0,0,0,0,0,0,2,0,3,0,2,0,2,0,3,68,3,0,2,0,0,0,0,0,2,0,3,0,2,0,0,0,0,0,2,0,3,0,0,0,3,0,0,0,3,0,2,0,0,0,0,0,0,0,0,0,0,0,0,0,0,0,0,0,0,0,3,0,3,0,3,0,0,0,0,0,0,0,0,0,0,0,0,0,0,0,0,0,0,0,3,0,3,7,0,0,2,0,2,0,2,0,6,0,3,16,0,0,13,0,0,0,2,0
0,0.0,0,0.0,0,0.0,26,46102528.0,10,0.0,26,0.0,1,46318848.0,75,40485502.2933,26,55341518.7692,75,48850725.5467,0,0.0,0,0.0,6,4728149.33333,6,-320152832.0,6,2858282.66667,0,0.0,0,0.0,6,3042090.66667,12,6717866.66667,1,1.65644582866e+18,10,6666700.8,0,0.0,6,2860586.66667,10,2304153.6,0,0.0,0,0.0,0,0.0,0,0.0,0,0.0,0,0.0,0,0.0,0,0.0,1,2661632.0,1,1312000.0,5,2982707.2,10,2865203.2,0,0.0,0,0.0,0,0.0,0,0.0,0,0.0,0,0.0,0,0.0,0,0.0,1,1382912.0,7,2199369.14286,26,59255857.2308,0,0.0,7,8042825.14286,7,8640292.57143,5,0.0,5,24912435.2,25,36894095.36,80,0.0,56,0.0,0,0.0,1,0.0,-0.127684209824,0.0,-0.208762252331,0,0,0,0,0,0,2,0,6,0,2,0,1,0,2,68,3,1,2,0,0,0,0,0,2,0,3,0,3,0,0,0,0,0,2,0,3,0,2,0,3,0,0,0,3,0,2,0,0,0,0,0,0,0,0,0,0,0,0,0,0,0,0,0,3,0,0,0,0,0,2,0,0,0,0,0,0,0,0,0,0,0,0,0,0,0,0,0,2,0,1,0,3,9,0,0,3,0,0,0,2,0,6,0,3,15,0,0,14,0,0,0,0,0
0,0.0,0,0.0,0,0.0,26,43417393.2308,11,0.0,27,0.0,1,4157696.0,81,39437700.7407,26,55070414.7692,81,47883599.0123,0,0.0,0,0.0,10,4354560.0,10,-336776934.4,10,4103398.4,0,0.0,0,0.0,10,4210944.0,10,2658688.0,0,0.0,10,4777292.8,0,0.0,6,2740096.0,10,820787.2,0,0.0,0,0.0,0,0.0,0,0.0,0,0.0,0,0.0,0,0.0,0,0.0,0,0.0,3,4632064.0,4,1148800.0,10,1987251.2,0,0.0,0,0.0,0,0.0,0,0.0,0,0.0,0,0.0,0,0.0,0,0.0,0,0.0,5,700006.4,26,69548317.5385,0,0.0,5,4443596.8,5,4243916.8,5,0.0,5,30605465.6,26,36052411.0769,83,0.0,56,0.0,0,0.0,1,0.0,-0.195386875759,0.0,-0.121266527609,0,0,0,0,0,0,2,0,4,0,2,0,1,0,3,68,3,0,2,0,0,0,0,0,2,0,3,0,3,0,0,0,0,0,2,0,3,0,0,0,3,0,0,0,2,0,2,0,0,0,0,0,0,0,0,0,0,0,0,0,0,0,0,0,0,0,3,0,3,0,2,0,0,0,0,0,0,0,0,0,0,0,0,0,0,0,0,0,0,0,3,0,3,7,0,0,2,0,2,0,2,0,6,0,3,16,0,0,15,0,0,0,2,0
0,0.0,0,0.0,1,105756928.0,25,35106355.2,10,0.0,24,0.0,1,55689216.0,75,31756079.7867,25,51885148.16,75,47739665.0667,0,0.0,0,0.0,10,3453491.2,10,-316425779.2,10,2621363.2,0,0.0,0,0.0,10,3942784.0,10,1860992.0,0,0.0,10,4228710.4,0,0.0,7,2814464.0,10,1288320.0,0,0.0,0,0.0,0,0.0,0,0.0,0,0.0,0,0.0,0,0.0,0,0.0,0,0.0,3,1019562.66667,4,1545920.0,10,1372160.0,0,0.0,0,0.0,0,0.0,0,0.0,0,0.0,0,0.0,0,0.0,0,0.0,0,0.0,5,2267801.6,25,54086451.2,1,1662208.0,5,6463641.6,5,7500595.2,5,0.0,5,33745510.4,25,30996449.28,82,0.0,56,0.0,0,0.0,1,0.0,-0.13627868928,0.0,0.589363580942,0,0,0,0,2,0,2,0,3,0,2,0,2,0,3,67,3,0,2,0,0,0,0,0,2,0,3,0,2,0,0,0,0,0,2,0,3,0,0,0,3,0,0,0,3,0,2,0,0,0,0,0,0,0,0,0,0,0,0,0,0,0,0,0,0,0,3,0,3,0,3,0,0,0,0,0,0,0,0,0,0,0,0,0,0,0,0,0,0,0,3,0,3,9,3,0,2,0,2,0,2,0,6,0,3,16,0,0,10,0,0,0,0,0
0,0.0,0,0.0,3,101852928.0,25,26439577.6,10,0.0,26,0.0,1,25504000.0,75,27488938.6667,24,37616725.3333,75,28008144.2133,0,0.0,0,0.0,10,2371584.0,10,-284977638.4,10,2120832.0,0,0.0,0,0.0,10,2424806.4,10,4486758.4,0,0.0,10,4617984.0,0,0.0,5,1718425.6,10,560256.0,0,0.0,0,0.0,0,0.0,0,0.0,0,0.0,0,0.0,0,0.0,0,0.0,0,0.0,1,1863168.0,5,2534707.2,10,2504012.8,0,0.0,0,0.0,0,0.0,0,0.0,0,0.0,0,0.0,0,0.0,0,0.0,0,0.0,5,977100.8,25,55061207.04,3,1023232.0,5,5772185.6,5,6865510.4,5,0.0,5,34118041.6,25,25372590.08,84,0.0,55,0.0,0,0.0,1,0.0,0.15336022405,0.0,0.892705470324,0,0,0,0,2,0,1,0,3,0,1,0,0,0,3,68,3,0,2,0,0,0,0,0,2,0,3,0,3,0,0,0,0,0,2,0,3,0,0,0,3,0,0,0,2,0,1,0,0,0,0,0,0,0,0,0,0,0,0,0,0,0,0,0,0,0,3,0,3,0,3,0,0,0,0,0,0,0,0,0,0,0,0,0,0,0,0,0,0,0,3,0,3,10,3,0,2,0,2,0,2,0,6,0,3,15,0,0,15,0,0,0,2,0
0,0.0,0,0.0,1,110185472.0,26,29356022.1538,10,0.0,25,0.0,1,877056.0,75,31676504.7467,27,38658740.1481,74,33176963.4595,0,0.0,0,0.0,10,2706124.8,10,-296583065.6,10,1717324.8,0,0.0,0,0.0,10,2671052.8,10,1365196.8,0,0.0,10,3020876.8,0,0.0,6,3764053.33333,9,2613048.88889,0,0.0,0,0.0,0,0.0,0,0.0,0,0.0,0,0.0,0,0.0,0,0.0,0,0.0,4,3842944.0,2,3887872.0,10,2507904.0,0,0.0,0,0.0,0,0.0,0,0.0,0,0.0,0,0.0,0,0.0,0,0.0,0,0.0,5,1163366.4,25,41585776.64,1,798720.0,5,4136448.0,5,4510105.6,5,0.0,5,32741580.8,26,25366340.9231,80,0.0,57,0.0,0,0.0,1,0.0,0.209843614697,0.0,0.603356206417,0,0,0,0,0,0,1,0,3,0,2,0,2,0,3,66,3,0,2,0,0,0,0,0,2,0,3,0,2,0,0,0,0,0,2,0,3,0,0,0,2,0,0,0,3,0,2,0,0,0,0,0,0,0,0,0,0,0,0,0,0,0,0,0,0,0,3,0,3,0,3,0,0,0,0,0,0,0,0,0,0,0,0,0,0,0,0,0,0,0,2,0,2,10,0,0,2,0,2,0,2,0,6,0,3,16,0,0,15,0,0,0,2,0
0,0.0,0,0.0,2,99784320.0,26,28351497.8462,10,0.0,27,0.0,1,45807872.0,81,31903396.3457,26,45778579.6923,82,38377984.0,0,0.0,0,0.0,10,3435033.6,10,-325198566.4,10,2997120.0,0,0.0,0,0.0,10,2774118.4,10,2227353.6,0,0.0,10,1880755.2,0,0.0,7,3088566.85714,11,1807662.54545,0,0.0,0,0.0,0,0.0,0,0.0,0,0.0,0,0.0,0,0.0,0,0.0,0,0.0,3,681216.0,4,2145600.0,10,1629107.2,0,0.0,0,0.0,0,0.0,0,0.0,0,0.0,0,0.0,0,0.0,0,0.0,0,0.0,5,658688.0,27,52915541.3333,2,1450368.0,5,4782438.4,5,5353011.2,5,0.0,5,32067225.6,26,27443111.3846,74,0.0,58,0.0,0,0.0,1,0.0,0.214402273297,0.0,0.327782388031,0,0,0,0,2,0,2,0,3,0,2,0,2,0,3,67,2,0,2,0,0,0,0,0,1,0,3,0,2,0,0,0,0,0,2,0,3,0,0,0,2,0,0,0,3,0,2,0,0,0,0,0,0,0,0,0,0,0,0,0,0,0,0,0,0,0,3,0,3,0,3,0,0,0,0,0,0,0,0,0,0,0,0,0,0,0,0,0,0,0,3,0,3,4,3,0,1,0,1,0,0,0,1,0,3,15,0,0,14,0,0,0,0,0
0,0.0,0,0.0,1,128787200.0,24,34989290.6667,10,0.0,23,0.0,1,24666880.0,69,33950475.1304,23,53813960.3478,69,43773770.2029,0,0.0,0,0.0,10,3450521.6,10,-328291840.0,10,3170124.8,0,0.0,0,0.0,10,3607654.4,10,1024051.2,0,0.0,10,4569907.2,0,0.0,7,3241618.28571,10,2633190.4,0,0.0,0,0.0,0,0.0,0,0.0,0,0.0,0,0.0,0,0.0,0,0.0,0,0.0,5,3664896.0,2,4760320.0,10,2811084.8,0,0.0,0,0.0,0,0.0,0,0.0,0,0.0,0,0.0,0,0.0,0,0.0,0,0.0,5,1708800.0,23,59478450.087,1,6842112.0,5,5912832.0,5,6015180.8,4,0.0,4,41842368.0,24,38650826.6667,77,0.0,51,0.0,0,0.0,1,0.0,0.214689193666,0.0,0.0324404273182,0,0,0,0,2,0,2,0,3,0,2,0,0,0,3,67,2,0,1,0,0,0,0,0,2,0,2,0,3,0,0,0,0,0,1,0,3,0,0,0,3,0,0,0,3,0,2,0,0,0,0,0,0,0,0,0,0,0,0,0,0,0,0,0,0,0,3,0,0,0,3,0,0,0,0,0,0,0,0,0,0,0,0,0,0,0,0,0,0,0,3,0,2,0,3,0,2,0,2,0,2,0,5,0,3,16,0,0,13,0,0,0,2,0
0,0.0,0,0.0,1,129431296.0,27,45712241.7778,10,0.0,27,0.0,1,11127808.0,82,50409487.6098,28,64110390.8571,81,54642656.3951,0,0.0,0,0.0,10,4738508.8,10,-229681075.2,10,3110681.6,0,0.0,0,0.0,10,2730675.2,10,1177497.6,0,0.0,10,5503283.2,0,0.0,5,3366502.4,10,2476620.8,0,0.0,0,0.0,0,0.0,0,0.0,0,0.0,0,0.0,0,0.0,0,0.0,0,0.0,5,2636697.6,2,2849024.0,10,2065228.8,0,0.0,0,0.0,0,0.0,0,0.0,0,0.0,0,0.0,0,0.0,0,0.0,0,0.0,5,3600128.0,26,67237966.7692,1,2288640.0,5,4414924.8,5,7244441.6,6,0.0,6,44304298.6667,27,43180572.4444,76,0.0,58,0.0,0,0.0,1,0.0,0.215922963619,0.0,-0.176239077002,0,0,0,0,2,0,2,0,3,0,2,0,2,0,3,66,3,1,2,0,0,0,0,0,0,0,2,0,0,0,0,0,0,0,1,0,3,0,0,0,2,0,0,0,3,0,1,0,0,0,0,0,0,0,0,0,0,0,0,0,0,0,0,0,0,0,3,0,3,0,3,0,0,0,0,0,0,0,0,0,0,0,0,0,0,0,0,0,0,0,1,0,3,3,3,0,1,0,1,0,2,0,6,0,3,16,0,0,15,0,0,0,0,0
0,0.0,0,0.0,1,40656896.0,26,41332302.7692,10,0.0,26,0.0,1,-2884096.0,79,42535342.9873,25,44545904.64,76,56606605.4737,0,0.0,0,0.0,10,4286643.2,10,-333258700.8,10,3819033.6,0,0.0,0,0.0,10,2831616.0,10,2409600.0,0,0.0,10,5632358.4,0,0.0,6,2681429.33333,10,936217.6,0,0.0,0,0.0,0,0.0,0,0.0,0,0.0,0,0.0,0,0.0,0,0.0,0,0.0,4,2571520.0,2,1226240.0,10,1521612.8,0,0.0,0,0.0,0,0.0,0,0.0,0,0.0,0,0.0,0,0.0,0,0.0,0,0.0,5,1565491.2,28,60475309.7143,1,652544.0,5,6469171.2,5,6740582.4,5,0.0,5,25007564.8,25,39827916.8,81,0.0,57,0.0,0,0.0,1,0.0,0.218670590222,0.0,-0.276608966291,0,0,0,0,0,0,2,0,3,0,2,0,0,0,3,68,3,0,2,0,0,0,0,0,2,0,2,0,3,0,0,0,0,0,2,0,3,0,0,0,3,0,0,0,3,0,2,0,0,0,0,0,0,0,0,0,0,0,0,0,0,0,0,0,0,0,3,0,3,0,3,0,0,0,0,0,0,0,0,0,0,0,0,0,0,0,0,0,0,0,3,0,3,9,0,0,1,0,2,0,2,0,6,0,3,15,0,0,15,0,0,0,2,0
0,0.0,0,0.0,1,101421312.0,25,31910840.32,10,0.0,25,0.0,1,25668608.0,75,33012718.9333,25,36763412.48,74,43793179.6757,0,0.0,0,0.0,10,3181926.4,10,-295608934.4,10,2664115.2,0,0.0,0,0.0,10,2958208.0,10,1420569.6,0,0.0,10,3549337.6,0,0.0,7,1487213.71429,10,1273753.6,0,0.0,0,0.0,0,0.0,0,0.0,0,0.0,0,0.0,0,0.0,0,0.0,0,0.0,4,7487552.0,2,1604736.0,10,3962521.6,0,0.0,0,0.0,0,0.0,0,0.0,0,0.0,0,0.0,0,0.0,0,0.0,0,0.0,5,1871974.4,23,47146406.9565,1,1623552.0,5,4328448.0,5,4445440.0,5,0.0,5,30275123.2,26,26929092.9231,77,0.0,54,0.0,0,0.0,1,0.0,0.2158476457,0.0,-0.373794841766,0,0,0,0,2,0,2,0,3,0,2,0,2,0,3,67,2,0,2,0,0,0,0,0,1,0,2,0,3,0,0,0,0,0,2,0,1,0,0,0,2,0,0,0,3,0,2,0,0,0,0,0,0,0,0,0,0,0,0,0,0,0,0,0,0,0,3,0,0,0,2,0,0,0,0,0,0,0,0,0,0,0,0,0,0,0,0,0,0,0,3,0,2,6,3,0,2,0,2,0,2,0,6,0,3,16,0,0,14,0,0,0,1,0
0,0.0,0,0.0,1,69702400.0,27,21862968.8889,10,0.0,27,0.0,1,12310784.0,77,25683894.8571,27,36585728.0,86,34646039.814,0,0.0,0,0.0,10,3403776.0,10,-338285184.0,10,2907289.6,0,0.0,0,0.0,10,2957670.4,10,1903769.6,0,0.0,10,4949862.4,0,0.0,5,6425446.4,9,2982684.44444,0,0.0,0,0.0,0,0.0,0,0.0,0,0.0,0,0.0,0,0.0,0,0.0,0,0.0,4,1777792.0,3,6563157.33333,10,3042508.8,0,0.0,0,0.0,0,0.0,0,0.0,0,0.0,0,0.0,0,0.0,0,0.0,0,0.0,5,2793318.4,27,52397018.0741,1,1210624.0,5,4817049.6,5,4820992.0,5,0.0,5,30348492.8,27,22587202.3704,81,0.0,59,0.0,0,0.0,1,0.0,0.219999998808,0.0,-0.391785159707,0,0,0,0,0,0,2,0,3,0,2,0,0,0,3,66,3,0,2,0,0,0,0,0,2,0,3,0,3,0,0,0,0,0,2,0,3,0,0,0,3,0,0,0,2,0,2,0,0,0,0,0,0,0,0,0,0,0,0,0,0,0,0,0,0,0,3,0,3,0,3,0,0,0,0,0,0,0,0,0,0,0,0,0,0,0,0,0,0,0,3,0,3,8,0,0,2,0,2,0,2,0,6,0,3,16,0,0,15,0,0,0,1,0
0,0.0,0,0.0,1,149307392.0,24,31361312.0,10,0.0,24,0.0,1,41297664.0,75,31362041.1733,25,41200680.96,70,40090104.6857,0,0.0,0,0.0,10,3753113.6,10,-319389875.2,10,2477209.6,0,0.0,0,0.0,10,2320230.4,10,1083852.8,0,0.0,10,7546675.2,0,0.0,7,2942866.28571,11,1802379.63636,0,0.0,0,0.0,0,0.0,0,0.0,0,0.0,0,0.0,0,0.0,0,0.0,0,0.0,4,1771648.0,3,3968085.33333,10,2994560.0,0,0.0,0,0.0,0,0.0,0,0.0,0,0.0,0,0.0,0,0.0,0,0.0,0,0.0,5,2274867.2,25,50636318.72,1,763136.0,5,10161305.6,5,10123980.8,5,0.0,5,23316838.4,24,27847370.6667,88,0.0,52,0.0,0,0.0,1,0.0,0.215844400227,0.0,-0.465453910828,0,0,0,0,2,0,2,0,3,0,2,0,2,0,3,68,3,0,2,0,0,0,0,0,2,0,3,0,3,0,0,0,0,0,2,0,3,0,0,0,3,0,0,0,3,0,2,0,0,0,0,0,0,0,0,0,0,0,0,0,0,0,0,0,0,0,3,0,3,0,3,0,0,0,0,0,0,0,0,0,0,0,0,0,0,0,0,0,0,0,3,0,3,8,3,0,2,0,2,0,2,0,4,0,3,16,0,0,15,0,0,0,2,0
0,0.0,0,0.0,1,103141376.0,26,40147140.9231,10,0.0,26,0.0,1,30099200.0,78,36849260.3077,26,48309809.2308,78,51348036.9231,0,0.0,0,0.0,10,5088870.4,10,-303043507.2,10,4136780.8,0,0.0,0,0.0,10,4157900.8,10,1428608.0,0,0.0,10,5923328.0,0,0.0,7,1736704.0,10,1235430.4,0,0.0,0,0.0,0,0.0,0,0.0,0,0.0,0,0.0,0,0.0,0,0.0,0,0.0,3,1537706.66667,3,2816853.33333,10,2401612.8,0,0.0,0,0.0,0,0.0,0,0.0,0,0.0,0,0.0,0,0.0,0,0.0,0,0.0,5,694425.6,27,68435977.4815,1,2541568.0,5,3219200.0,5,3313817.6,4,0.0,4,25850944.0,26,43182759.3846,69,0.0,57,0.0,0,0.0,1,0.0,0.218598859012,0.0,-0.477360284328,0,0,0,0,0,0,2,0,1,0,2,0,0,0,3,68,3,2,2,0,0,0,0,0,2,0,3,0,3,0,0,0,0,0,2,0,3,0,0,0,3,0,0,0,3,0,2,0,0,0,0,0,0,0,0,0,0,0,0,0,0,0,0,0,0,0,0,0,3,0,3,0,0,0,0,0,0,0,0,0,0,0,0,0,0,0,0,0,0,0,2,0,3,7,0,0,2,0,2,0,0,0,2,0,3,16,0,0,15,0,0,0,0,0
0,0.0,0,0.0,1,120985344.0,27,44153998.2222,10,0.0,27,0.0,1,69782272.0,77,50497605.8182,25,52108810.24,77,66164450.0779,0,0.0,0,0.0,10,3736934.4,10,-286130227.2,10,3024563.2,0,0.0,0,0.0,10,2527283.2,10,1502361.6,0,0.0,10,3381913.6,0,0.0,7,1559881.14286,10,1220377.6,0,0.0,0,0.0,0,0.0,0,0.0,0,0.0,0,0.0,0,0.0,0,0.0,0,0.0,4,3421696.0,2,1850624.0,10,1375795.2,0,0.0,0,0.0,0,0.0,0,0.0,0,0.0,0,0.0,0,0.0,0,0.0,0,0.0,5,3653324.8,25,55917342.72,1,3782912.0,5,3968563.2,5,3311052.8,6,0.0,6,41583488.0,27,37174746.0741,87,0.0,56,0.0,0,0.0,1,0.0,0.218605691195,0.0,-0.454014754295,0,0,0,0,2,0,2,0,3,0,2,0,2,0,3,68,3,0,2,0,0,0,0,0,2,0,3,0,3,0,0,0,0,0,2,0,3,0,0,0,3,0,0,0,3,0,2,0,0,0,0,0,0,0,0,0,0,0,0,0,0,0,0,0,0,0,3,0,3,0,3,0,0,0,0,0,0,0,0,0,0,0,0,0,0,0,0,0,0,0,3,0,3,6,3,0,0,0,0,0,2,0,6,0,3,16,0,0,15,0,0,0,2,0
0,0.0,0,0.0,1,76942080.0,25,37512304.64,10,0.0,25,0.0,1,49295616.0,79,32334190.1772,27,44151618.3704,80,53580883.2,0,0.0,0,0.0,10,2627046.4,10,-331469209.6,10,2905267.2,0,0.0,0,0.0,10,2215987.2,10,5122688.0,0,0.0,10,6442956.8,0,0.0,6,2084394.66667,9,928682.666667,0,0.0,0,0.0,0,0.0,0,0.0,0,0.0,0,0.0,0,0.0,0,0.0,0,0.0,4,943424.0,3,15091200.0,10,5887948.8,0,0.0,0,0.0,0,0.0,0,0.0,0,0.0,0,0.0,0,0.0,0,0.0,0,0.0,5,1973811.2,27,56727874.3704,1,2885888.0,5,8005478.4,5,7992934.4,5,0.0,5,35421849.6,25,35113574.4,77,0.0,58,0.0,0,0.0,1,0.0,0.217231877148,0.0,-0.26466008313,0,0,0,0,0,0,2,0,3,0,2,0,0,0,3,68,3,1,2,0,0,0,0,0,2,0,3,0,3,0,0,0,0,0,2,0,3,0,0,0,3,0,0,0,1,0,2,0,0,0,0,0,0,0,0,0,0,0,0,0,0,0,0,0,0,0,3,0,1,0,3,0,0,0,0,0,0,0,0,0,0,0,0,0,0,0,0,0,0,0,3,0,3,7,0,0,2,0,2,0,2,0,6,0,2,16,0,0,14,0,0,0,2,0
0,0.0,0,0.0,1,86715648.0,25,26736281.6,10,0.0,25,0.0,1,20307712.0,74,33343605.6216,24,34198784.0,74,49134848.0,0,0.0,0,0.0,10,3007283.2,10,-320443110.4,10,2866278.4,0,0.0,0,0.0,10,2961100.8,10,4090880.0,0,0.0,10,3302451.2,0,0.0,7,1365028.57143,11,852642.909091,0,0.0,0,0.0,0,0.0,0,0.0,0,0.0,0,0.0,0,0.0,0,0.0,0,0.0,4,2794944.0,2,1165312.0,10,3632742.4,0,0.0,0,0.0,0,0.0,0,0.0,0,0.0,0,0.0,0,0.0,0,0.0,0,0.0,5,909568.0,23,40265394.087,1,2455552.0,5,3503411.2,5,4767795.2,4,0.0,4,32493120.0,25,17358213.12,77,0.0,53,0.0,0,0.0,1,0.0,0.214569471776,0.0,-0.222041165829,0,0,0,0,2,0,2,0,3,0,2,0,2,0,2,68,3,0,1,0,0,0,0,0,2,0,3,0,3,0,0,0,0,0,2,0,2,0,0,0,3,0,0,0,3,0,2,0,0,0,0,0,0,0,0,0,0,0,0,0,0,0,0,0,0,0,3,0,2,0,3,0,0,0,0,0,0,0,0,0,0,0,0,0,0,0,0,0,0,0,2,0,3,10,3,0,2,0,2,0,2,0,5,0,3,16,0,0,10,0,0,0,0,0
0,0.0,0,0.0,1,120549632.0,24,57925109.3333,10,0.0,24,0.0,1,6612224.0,74,45798348.1081,25,81126144.0,70,66606716.3429,0,0.0,0,0.0,10,6661222.4,10,-295198438.4,10,5296793.6,0,0.0,0,0.0,10,5760870.4,10,15275187.2,0,0.0,10,12538828.8,0,0.0,6,3299413.33333,9,9918264.88889,0,0.0,0,0.0,0,0.0,0,0.0,0,0.0,0,0.0,0,0.0,0,0.0,0,0.0,4,24213184.0,3,1180586.66667,10,10451763.2,0,0.0,0,0.0,0,0.0,0,0.0,0,0.0,0,0.0,0,0.0,0,0.0,0,0.0,5,1127014.4,26,75049678.7692,1,1602048.0,5,16330137.6,5,18282291.2,5,0.0,5,31901286.4,24,56929792.0,85,0.0,55,0.0,0,0.0,1,0.0,0.210460583866,0.0,0.0334992614225,0,0,0,0,2,0,2,0,3,0,2,0,0,0,3,66,2,0,2,0,0,0,0,0,2,0,3,0,3,0,0,0,0,0,2,0,3,0,0,0,3,0,0,0,3,0,2,0,0,0,0,0,0,0,0,0,0,0,0,0,0,0,0,0,0,0,3,0,3,0,3,0,0,0,0,0,0,0,0,0,0,0,0,0,0,0,0,0,0,0,3,0,3,9,3,0,2,0,2,0,1,0,6,0,3,16,0,0,14,0,0,0,2,0
0,0.0,0,0.0,1,89841408.0,27,31451904.0,10,0.0,27,0.0,1,42824960.0,81,30405404.4444,27,33238366.8148,85,47610539.6706,0,0.0,0,0.0,10,2831974.4,10,-342742348.8,10,1978009.6,0,0.0,0,0.0,10,2157696.0,10,2557363.2,0,0.0,10,5610265.6,0,0.0,6,1117226.66667,11,636811.636364,0,0.0,0,0.0,0,0.0,0,0.0,0,0.0,0,0.0,0,0.0,0,0.0,0,0.0,4,1145152.0,2,3230976.0,10,1607296.0,0,0.0,0,0.0,0,0.0,0,0.0,0,0.0,0,0.0,0,0.0,0,0.0,0,0.0,5,1938944.0,25,35448289.28,1,1383168.0,5,7708928.0,5,7385958.4,6,0.0,6,31523285.3333,27,29715484.4444,81,0.0,58,0.0,0,0.0,1,0.0,0.217358259857,0.0,0.25540060997,0,0,0,0,0,0,1,0,3,0,2,0,2,0,3,67,3,0,2,0,0,0,0,0,2,0,3,0,3,0,0,0,0,0,2,0,3,0,0,0,3,0,0,0,3,0,2,0,0,0,0,0,0,0,0,0,0,0,0,0,0,0,0,0,0,0,3,0,3,0,3,0,0,0,0,0,0,0,0,0,0,0,0,0,0,0,0,0,0,0,3,0,3,5,0,0,2,0,2,0,2,0,5,0,3,16,0,0,14,0,0,0,0,0
0,0.0,0,0.0,1,76386048.0,25,32640870.4,10,0.0,25,0.0,1,48817408.0,76,36007104.0,25,42612807.68,75,44664265.3867,0,0.0,0,0.0,10,5294003.2,10,-302236902.4,10,4460620.8,0,0.0,0,0.0,10,4313472.0,8,11073056.0,0,0.0,10,6185984.0,0,0.0,6,8327424.0,10,1956172.8,0,0.0,0,0.0,0,0.0,0,0.0,0,0.0,0,0.0,0,0.0,0,0.0,0,0.0,4,1140864.0,2,1186304.0,10,4724710.4,0,0.0,0,0.0,0,0.0,0,0.0,0,0.0,0,0.0,0,0.0,0,0.0,0,0.0,5,2033920.0,25,54965493.76,1,13211648.0,5,9769369.6,5,8875417.6,4,0.0,4,28828160.0,25,31923947.52,75,0.0,55,0.0,0,0.0,1,0.0,0.21594004184,0.0,0.352388721704,0,0,0,0,2,0,2,0,3,0,2,0,2,0,3,68,2,0,2,0,0,0,0,0,2,0,3,0,3,0,0,0,0,0,1,0,3,0,0,0,3,0,0,0,3,0,2,0,0,0,0,0,0,0,0,0,0,0,0,0,0,0,0,0,0,0,3,0,0,0,3,0,0,0,0,0,0,0,0,0,0,0,0,0,0,0,0,0,0,0,2,0,3,8,3,0,2,0,2,0,0,0,0,0,3,16,0,0,14,0,0,0,2,0
0,0.0,0,0.0,1,33262592.0,26,28113959.3846,10,0.0,26,0.0,1,6997248.0,76,30024232.4211,24,38198037.3333,68,46854742.5882,0,0.0,0,0.0,10,4094566.4,10,-321957273.6,10,3186560.0,0,0.0,0,0.0,10,2527001.6,10,3198080.0,0,0.0,10,7657446.4,0,0.0,6,1773909.33333,9,1179733.33333,0,0.0,0,0.0,0,0.0,0,0.0,0,0.0,0,0.0,0,0.0,0,0.0,0,0.0,5,1370060.8,2,1332224.0,10,1163929.6,0,0.0,0,0.0,0,0.0,0,0.0,0,0.0,0,0.0,0,0.0,0,0.0,0,0.0,5,1683302.4,27,44983182.2222,1,1806080.0,5,10256742.4,5,10365337.6,6,0.0,6,37586730.6667,26,27934660.9231,79,0.0,57,0.0,0,0.0,1,0.0,0.217210699618,0.0,0.231430100463,0,0,0,0,0,0,1,0,3,0,2,0,0,0,3,68,3,0,2,0,0,0,0,0,2,0,3,0,3,0,0,0,0,0,2,0,3,0,0,0,3,0,0,0,3,0,1,0,0,0,0,0,0,0,0,0,0,0,0,0,0,0,0,0,0,0,3,0,3,0,3,0,0,0,0,0,0,0,0,0,0,0,0,0,0,0,0,0,0,0,2,0,3,5,0,0,2,0,2,0,2,0,6,0,3,16,0,0,14,0,0,0,2,0
0,0.0,0,0.0,1,69198592.0,25,21465825.28,10,0.0,25,0.0,1,59770112.0,76,16652402.5263,26,27309331.6923,85,34904958.4941,0,0.0,0,0.0,10,4175360.0,10,-330530278.4,10,2663449.6,0,0.0,0,0.0,10,2731929.6,10,8581811.2,0,0.0,10,5591296.0,0,0.0,7,7217225.14286,11,5867822.54545,0,0.0,0,0.0,0,0.0,0,0.0,0,0.0,0,0.0,0,0.0,0,0.0,0,0.0,3,3932501.33333,4,10230080.0,10,5633177.6,0,0.0,0,0.0,0,0.0,0,0.0,0,0.0,0,0.0,0,0.0,0,0.0,0,0.0,5,3900467.2,26,37045070.7692,1,14895872.0,5,7047833.6,5,7612364.8,5,0.0,5,46354739.2,25,16771307.52,83,0.0,55,0.0,0,0.0,1,0.0,0.21598393321,0.0,-0.123950494826,0,0,0,0,2,0,2,0,2,0,1,0,2,0,3,67,2,0,2,0,0,0,0,0,2,0,3,0,3,0,0,0,0,0,2,0,3,0,0,0,3,0,0,0,3,0,2,0,0,0,0,0,0,0,0,0,0,0,0,0,0,0,0,0,0,0,3,0,3,0,3,0,0,0,0,0,0,0,0,0,0,0,0,0,0,0,0,0,0,0,3,0,3,5,3,0,2,0,2,0,2,0,6,0,2,0,0,0,13,0,0,0,0,0
0,0.0,0,0.0,1,131485952.0,25,35394928.64,10,0.0,26,0.0,1,94414592.0,76,27880872.4211,26,49075928.6154,76,43756729.2632,0,0.0,0,0.0,10,1906457.6,10,-339157760.0,10,1307084.8,0,0.0,0,0.0,10,1611955.2,10,1069952.0,0,0.0,10,3107712.0,0,0.0,7,1199360.0,10,1477785.6,0,0.0,0,0.0,0,0.0,0,0.0,0,0.0,0,0.0,0,0.0,0,0.0,0,0.0,6,2282965.33333,0,0.0,10,1501926.4,0,0.0,0,0.0,0,0.0,0,0.0,0,0.0,0,0.0,0,0.0,0,0.0,0,0.0,5,2236211.2,25,52520837.12,1,3555840.0,5,2987417.6,5,2957414.4,4,0.0,4,54652416.0,25,30385162.24,70,0.0,55,0.0,0,0.0,1,0.0,0.214552563429,0.0,-0.172547341883,0,0,0,0,2,0,2,0,3,0,2,0,2,0,3,66,3,0,2,0,0,0,0,0,2,0,3,0,3,0,0,0,0,0,1,0,3,0,0,0,2,0,0,0,3,0,2,0,0,0,0,0,0,0,0,0,0,0,0,0,0,0,0,0,0,0,1,0,0,0,1,0,0,0,0,0,0,0,0,0,0,0,0,0,0,0,0,0,0,0,3,0,3,10,3,0,2,0,2,0,2,0,5,0,1,16,0,0,7,0,0,0,2,0
0,0.0,0,0.0,1,71574784.0,25,42702182.4,10,0.0,24,0.0,1,7847936.0,75,45575888.2133,25,51775365.12,69,62314065.6232,0,0.0,0,0.0,10,2385945.6,10,-300402867.2,10,3428659.2,0,0.0,0,0.0,10,2295091.2,10,2138291.2,0,0.0,10,3641267.2,0,0.0,6,1290069.33333,10,1209779.2,0,0.0,0,0.0,0,0.0,0,0.0,0,0.0,0,0.0,0,0.0,0,0.0,0,0.0,5,1676134.4,2,1071616.0,10,1473203.2,0,0.0,0,0.0,0,0.0,0,0.0,0,0.0,0,0.0,0,0.0,0,0.0,0,0.0,5,2059264.0,25,70060226.56,1,2132224.0,5,2440038.4,5,2231091.2,5,0.0,5,41859635.2,25,41067161.6,76,0.0,54,0.0,0,0.0,1,0.0,0.217379437387,0.0,-0.0942242328078,0,0,0,0,2,0,1,0,3,0,1,0,0,0,3,68,2,0,2,0,0,0,0,0,0,0,3,0,2,0,0,0,0,0,2,0,3,0,0,0,2,0,0,0,3,0,2,0,0,0,0,0,0,0,0,0,0,0,0,0,0,0,0,0,0,0,3,0,3,0,3,0,0,0,0,0,0,0,0,0,0,0,0,0,0,0,0,0,0,0,3,0,3,3,3,0,2,0,0,0,2,0,6,0,3,16,0,0,14,0,0,0,0,0
0,0.0,0,0.0,1,144697088.0,26,44824940.3077,10,0.0,26,0.0,1,42744832.0,78,40103355.0769,26,57329437.5385,83,65913584.5783,0,0.0,0,0.0,10,2001126.4,10,-281876531.2,10,1792896.0,0,0.0,0,0.0,10,2039142.4,10,1734835.2,0,0.0,10,4570060.8,0,0.0,6,1238485.33333,10,1094732.8,0,0.0,0,0.0,0,0.0,0,0.0,0,0.0,0,0.0,0,0.0,0,0.0,0,0.0,4,2195840.0,2,3566848.0,10,1941785.6,0,0.0,0,0.0,0,0.0,0,0.0,0,0.0,0,0.0,0,0.0,0,0.0,0,0.0,5,2686361.6,26,58626766.7692,1,8065792.0,5,4966656.0,5,4851609.6,5,0.0,5,40681267.2,26,40611948.3077,77,0.0,57,0.0,0,0.0,1,0.0,0.218701928854,0.0,-0.00939404503442,0,0,0,0,2,0,1,0,3,0,2,0,2,0,2,68,2,0,2,0,0,0,0,0,2,0,3,0,3,0,0,0,0,0,2,0,2,0,0,0,3,0,0,0,3,0,1,0,0,0,0,0,0,0,0,0,0,0,0,0,0,0,0,0,0,0,3,0,3,0,3,0,0,0,0,0,0,0,0,0,0,0,0,0,0,0,0,0,0,0,3,0,1,0,2,0,2,0,2,0,1,0,5,0,2,16,0,0,13,0,0,0,2,0
0,0.0,0,0.0,0,0.0,26,28539756.3077,10,0.0,26,0.0,1,33615616.0,75,33244293.12,25,38638981.12,76,47738576.8421,0,0.0,0,0.0,10,3163596.8,10,-305423948.8,10,2669363.2,0,0.0,0,0.0,10,2784332.8,10,3370572.8,0,0.0,10,4002790.4,0,0.0,6,2619605.33333,10,1955404.8,0,0.0,0,0.0,0,0.0,0,0.0,0,0.0,0,0.0,0,0.0,0,0.0,0,0.0,5,3060531.2,1,1071104.0,10,2119168.0,0,0.0,0,0.0,0,0.0,0,0.0,0,0.0,0,0.0,0,0.0,0,0.0,0,0.0,5,898406.4,25,44048107.52,0,0.0,5,3294259.2,5,5633792.0,5,0.0,5,34018150.4,25,28740474.88,69,0.0,55,0.0,0,0.0,1,0.0,0.217436821759,0.0,0.0598106401041,0,0,0,0,0,0,1,0,3,0,2,0,0,0,3,68,3,0,2,0,0,0,0,0,2,0,3,0,3,0,0,0,0,0,2,0,3,0,0,0,3,0,0,0,2,0,2,0,0,0,0,0,0,0,0,0,0,0,0,0,0,0,0,0,0,0,2,0,0,0,2,0,0,0,0,0,0,0,0,0,0,0,0,0,0,0,0,0,0,0,1,0,3,5,0,0,1,0,2,0,2,0,6,0,2,16,0,0,14,0,0,0,0,0
0,0.0,0,0.0,1,60810752.0,21,32252537.9048,10,0.0,21,0.0,1,2549248.0,71,41455590.7606,22,46230283.6364,74,62206266.8108,0,0.0,0,0.0,10,1868774.4,10,-268157670.4,10,2084633.6,0,0.0,0,0.0,10,2117888.0,10,2360908.8,0,0.0,10,2998528.0,0,0.0,6,2214442.66667,10,1366835.2,0,0.0,0,0.0,0,0.0,0,0.0,0,0.0,0,0.0,0,0.0,0,0.0,0,0.0,3,1250304.0,4,2760320.0,10,975488.0,0,0.0,0,0.0,0,0.0,0,0.0,0,0.0,0,0.0,0,0.0,0,0.0,0,0.0,5,2608076.8,24,47187466.6667,1,2553600.0,5,2569779.2,5,3792435.2,5,0.0,5,51134003.2,22,32806027.6364,87,0.0,50,0.0,0,0.0,1,0.0,0.21859202832,0.0,0.27917798236,0,0,0,0,2,0,1,0,2,0,2,0,2,0,3,68,3,0,2,0,0,0,0,0,2,0,3,0,3,0,0,0,0,0,2,0,3,0,0,0,3,0,0,0,3,0,2,0,0,0,0,0,0,0,0,0,0,0,0,0,0,0,0,0,0,0,3,0,3,0,3,0,0,0,0,0,0,0,0,0,0,0,0,0,0,0,0,0,0,0,3,0,3,5,3,0,2,0,2,0,2,0,5,0,3,16,0,0,15,0,0,0,2,0
0,0.0,0,0.0,1,281753344.0,30,135064985.6,10,0.0,30,0.0,1,69292288.0,82,89994227.5122,30,136658952.533,81,117695769.284,0,0.0,0,0.0,10,2928435.2,10,-187781299.2,10,2798028.8,0,0.0,0,0.0,10,2476108.8,10,2253081.6,0,0.0,10,4075955.2,0,0.0,6,1770752.0,10,1162291.2,0,0.0,0,0.0,0,0.0,0,0.0,0,0.0,0,0.0,0,0.0,0,0.0,0,0.0,2,1383296.0,4,1268736.0,10,926387.2,0,0.0,0,0.0,0,0.0,0,0.0,0,0.0,0,0.0,0,0.0,0,0.0,0,0.0,5,1119897.6,28,104553828.571,1,1490432.0,6,4795861.33333,6,3536170.66667,5,0.0,5,112043008.0,30,134040704.0,73,0.0,61,0.0,0,0.0,1,0.0,0.219999998808,0.0,0.124236403033,0,0,0,0,2,0,1,0,3,0,2,0,2,0,3,68,2,3,2,0,0,0,0,0,2,0,0,0,1,0,0,0,0,0,2,0,3,0,0,0,3,0,0,0,3,0,2,0,0,0,0,0,0,0,0,0,0,0,0,0,0,0,0,0,0,0,3,0,3,0,3,0,0,0,0,0,0,0,0,0,0,0,0,0,0,0,0,0,0,0,3,0,2,5,3,0,1,0,2,0,0,0,2,0,2,16,0,0,14,0,0,0,2,0
0,0.0,0,0.0,1,48917248.0,25,60018442.24,10,0.0,25,0.0,1,24385024.0,75,31158415.36,24,40473600.0,73,49387204.3836,0,0.0,0,0.0,10,2519014.4,10,-296720460.8,10,3076096.0,0,0.0,0,0.0,10,2368000.0,10,6014105.6,0,0.0,10,3488896.0,0,0.0,6,1826090.66667,10,1657497.6,0,0.0,0,0.0,0,0.0,0,0.0,0,0.0,0,0.0,0,0.0,0,0.0,0,0.0,5,939724.8,2,2449408.0,10,919321.6,0,0.0,0,0.0,0,0.0,0,0.0,0,0.0,0,0.0,0,0.0,0,0.0,0,0.0,5,971212.8,23,47059133.2174,1,2075392.0,5,3624550.4,5,3976704.0,5,0.0,5,34377625.6,25,60208599.04,76,0.0,54,0.0,0,0.0,1,0.0,0.21731556356,0.0,0.0262309199199,0,0,0,0,0,0,2,0,3,0,1,0,0,0,3,67,3,0,1,0,0,0,0,0,2,0,3,0,3,0,0,0,0,0,2,0,3,0,0,0,3,0,0,0,2,0,2,0,0,0,0,0,0,0,0,0,0,0,0,0,0,0,0,0,0,0,3,0,3,0,3,0,0,0,0,0,0,0,0,0,0,0,0,0,0,0,0,0,0,0,2,0,3,10,0,0,2,0,2,0,2,0,5,0,3,16,0,0,15,0,0,0,0,0
0,0.0,0,0.0,1,46864640.0,26,23556302.7692,10,0.0,25,0.0,1,1124096.0,80,23381574.4,26,38680772.9231,75,38862554.4533,0,0.0,0,0.0,10,2918579.2,10,-321214156.8,10,2667315.2,0,0.0,0,0.0,10,3442124.8,10,2075264.0,0,0.0,10,4915993.6,0,0.0,8,2403616.0,10,1883417.6,0,0.0,0,0.0,0,0.0,0,0.0,0,0.0,0,0.0,0,0.0,0,0.0,0,0.0,5,1859225.6,2,1350016.0,10,1415449.6,0,0.0,0,0.0,0,0.0,0,0.0,0,0.0,0,0.0,0,0.0,0,0.0,0,0.0,5,2267136.0,26,45875889.2308,1,883968.0,5,5262438.4,5,4550707.2,5,0.0,5,38239334.4,26,20540110.7692,86,0.0,57,0.0,0,0.0,1,0.0,0.213373447955,0.0,-0.0261806467548,0,0,0,0,2,0,2,0,3,0,2,0,2,0,3,66,2,0,2,0,0,0,0,0,2,0,3,0,3,0,0,0,0,0,2,0,3,0,0,0,3,0,0,0,3,0,2,0,0,0,0,0,0,0,0,0,0,0,0,0,0,0,0,0,0,0,3,0,0,0,3,0,0,0,0,0,0,0,0,0,0,0,0,0,0,0,0,0,0,0,3,0,3,9,3,0,2,0,2,0,2,0,6,0,3,16,0,0,15,0,0,0,2,0
0,0.0,0,0.0,0,0.0,25,33715937.28,10,0.0,27,0.0,1,41056256.0,76,29586944.0,26,37629518.7692,81,45444778.6667,0,0.0,0,0.0,10,4976281.6,10,-322146227.2,10,5169766.4,0,0.0,0,0.0,10,3869721.6,10,2471091.2,0,0.0,10,4942720.0,0,0.0,7,1859620.57143,10,1624780.8,0,0.0,0,0.0,0,0.0,0,0.0,0,0.0,0,0.0,0,0.0,0,0.0,0,0.0,4,2042560.0,2,1668864.0,10,1844864.0,0,0.0,0,0.0,0,0.0,0,0.0,0,0.0,0,0.0,0,0.0,0,0.0,0,0.0,5,1815449.6,27,52866635.8519,0,0.0,5,4481843.2,5,6457651.2,5,0.0,5,32226355.2,25,28856975.36,76,0.0,56,0.0,0,0.0,1,0.0,0.127272021025,0.0,0.0352105737664,0,0,0,0,0,0,2,0,3,0,2,0,1,0,3,68,3,0,2,0,0,0,0,0,2,0,3,0,3,0,0,0,0,0,1,0,2,0,0,0,2,0,0,0,3,0,2,0,0,0,0,0,0,0,0,0,0,0,0,0,0,0,0,0,0,0,0,0,3,0,3,0,0,0,0,0,0,0,0,0,0,0,0,0,0,0,0,0,0,0,3,0,3,9,0,0,2,0,2,0,2,0,6,0,3,16,0,0,15,0,0,0,0,0
0,0.0,0,0.0,1,81419008.0,25,32440586.24,10,0.0,25,0.0,1,43043072.0,75,28026156.3733,25,40481198.08,74,41037830.9189,0,0.0,0,0.0,4,2412224.0,4,-327665280.0,4,3610560.0,0,0.0,0,0.0,4,1834624.0,10,1386137.6,0,0.0,10,2617062.4,0,0.0,5,1752473.6,10,1058739.2,0,0.0,0,0.0,0,0.0,0,0.0,0,0.0,0,0.0,0,0.0,0,0.0,0,0.0,1,1116672.0,5,2373888.0,10,1433523.2,0,0.0,0,0.0,0,0.0,0,0.0,0,0.0,0,0.0,0,0.0,0,0.0,0,0.0,5,1314201.6,25,48434493.44,1,785152.0,5,5701171.2,5,5978624.0,5,0.0,5,40425984.0,26,30410249.8462,83,0.0,54,0.0,0,0.0,1,0.0,0.0213849849999,0.0,0.10938608408,0,0,0,0,2,0,1,0,3,0,2,0,1,0,3,68,2,0,2,0,0,0,0,0,2,0,3,0,3,0,0,0,0,0,1,0,3,0,0,0,3,0,0,0,2,0,2,0,0,0,0,0,0,0,0,0,0,0,0,0,0,0,0,0,0,0,3,0,3,0,3,0,0,0,0,0,0,0,0,0,0,0,0,0,0,0,0,0,0,0,3,0,3,5,3,0,2,0,2,0,2,0,6,0,2,16,0,0,14,0,0,0,2,0
0,0.0,0,0.0,1,66587904.0,23,23201458.087,10,0.0,22,0.0,1,3960832.0,77,28171347.1169,27,40181067.8519,81,35210533.9259,0,0.0,0,0.0,0,0.0,0,0.0,0,0.0,0,0.0,0,0.0,0,0.0,10,1454771.2,0,0.0,10,2417075.2,0,0.0,7,3290733.71429,10,2527641.6,0,0.0,0,0.0,0,0.0,0,0.0,0,0.0,0,0.0,0,0.0,0,0.0,0,0.0,0,0.0,7,1705874.28571,10,2334054.4,0,0.0,0,0.0,0,0.0,0,0.0,0,0.0,0,0.0,0,0.0,0,0.0,0,0.0,5,3025510.4,25,43259709.44,1,1251328.0,5,2873190.4,5,2989209.6,5,0.0,5,26939852.8,22,21905652.3636,70,0.0,58,0.0,0,0.0,1,0.0,0.0,0.0,-0.652267880661,0,0,0,0,2,0,1,0,3,0,1,0,1,0,3,68,3,1,2,0,0,0,0,0,0,0,0,0,0,0,0,0,0,0,0,0,3,0,0,0,3,0,0,0,3,0,2,0,0,0,0,0,0,0,0,0,0,0,0,0,0,0,0,0,0,0,0,0,3,0,3,0,0,0,0,0,0,0,0,0,0,0,0,0,0,0,0,0,0,0,3,0,3,4,3,0,2,0,2,0,2,0,6,0,1,16,0,0,15,0,0,0,0,0
0,0.0,0,0.0,2,82288640.0,29,55934455.1724,10,0.0,29,0.0,1,-7054592.0,78,24861587.6923,25,29181603.84,75,43067508.0533,0,0.0,0,0.0,0,0.0,0,0.0,0,0.0,0,0.0,0,0.0,0,0.0,10,994252.8,0,0.0,10,2913228.8,0,0.0,5,1879808.0,10,1029043.2,0,0.0,0,0.0,0,0.0,0,0.0,0,0.0,0,0.0,0,0.0,0,0.0,0,0.0,0,0.0,7,1796388.57143,10,1286963.2,0,0.0,0,0.0,0,0.0,0,0.0,0,0.0,0,0.0,0,0.0,0,0.0,0,0.0,5,1068697.6,27,40951514.0741,2,1346304.0,5,3433881.6,5,3001651.2,5,0.0,5,29141401.6,29,56768317.7931,66,0.0,55,0.0,0,0.0,1,0.0,0.0,0.0,-0.284823812244,0,0,0,0,2,0,2,0,2,0,2,0,1,0,3,68,3,1,2,0,0,0,0,0,0,0,0,0,0,0,0,0,0,0,0,0,3,0,0,0,3,0,0,0,3,0,2,0,0,0,0,0,0,0,0,0,0,0,0,0,0,0,0,0,0,0,0,0,3,0,3,0,0,0,0,0,0,0,0,0,0,0,0,0,0,0,0,0,0,0,3,0,3,7,3,0,2,0,2,0,0,0,1,0,3,16,0,0,13,0,0,0,2,0
