Counter(/execute_trajectory/feedback),Messages-Age(/execute_trajectory/feedback),Counter(/execute_trajectory/goal),Messages-Age(/execute_trajectory/goal),Counter(/execute_trajectory/result),Messages-Age(/execute_trajectory/result),Counter(/execute_trajectory/status),Messages-Age(/execute_trajectory/status),Counter(/franka_control/error_recovery/status),Messages-Age(/franka_control/error_recovery/status),Counter(/franka_gripper/grasp/goal),Messages-Age(/franka_gripper/grasp/goal),Counter(/franka_gripper/grasp/result),Messages-Age(/franka_gripper/grasp/result),Counter(/franka_gripper/grasp/status),Messages-Age(/franka_gripper/grasp/status),Counter(/franka_gripper/gripper_action/status),Messages-Age(/franka_gripper/gripper_action/status),Counter(/franka_gripper/homing/status),Messages-Age(/franka_gripper/homing/status),Counter(/franka_gripper/joint_states),Messages-Age(/franka_gripper/joint_states),Counter(/franka_gripper/move/goal),Messages-Age(/franka_gripper/move/goal),Counter(/franka_gripper/move/result),Messages-Age(/franka_gripper/move/result),Counter(/franka_gripper/move/status),Messages-Age(/franka_gripper/move/status),Counter(/franka_gripper/stop/status),Messages-Age(/franka_gripper/stop/status),Counter(/franka_state_controller/F_ext),Messages-Age(/franka_state_controller/F_ext),Counter(/franka_state_controller/franka_states),Messages-Age(/franka_state_controller/franka_states),Counter(/franka_state_controller/joint_states),Messages-Age(/franka_state_controller/joint_states),Counter(/franka_state_controller/joint_states_desired),Messages-Age(/franka_state_controller/joint_states_desired),Counter(/joint_states),Messages-Age(/joint_states),Counter(/joint_states_desired),Messages-Age(/joint_states_desired),Counter(/move_group/display_planned_path),Messages-Age(/move_group/display_planned_path),Counter(/move_group/feedback),Messages-Age(/move_group/feedback),Counter(/move_group/goal),Messages-Age(/move_group/goal),Counter(/move_group/monitored_planning_scene),Messages-Age(/move_group/monitored_planning_scene),Counter(/move_group/ompl/parameter_descriptions),Messages-Age(/move_group/ompl/parameter_descriptions),Counter(/move_group/ompl/parameter_updates),Messages-Age(/move_group/ompl/parameter_updates),Counter(/move_group/plan_execution/parameter_descriptions),Messages-Age(/move_group/plan_execution/parameter_descriptions),Counter(/move_group/plan_execution/parameter_updates),Messages-Age(/move_group/plan_execution/parameter_updates),Counter(/move_group/planning_scene_monitor/parameter_descriptions),Messages-Age(/move_group/planning_scene_monitor/parameter_descriptions),Counter(/move_group/planning_scene_monitor/parameter_updates),Messages-Age(/move_group/planning_scene_monitor/parameter_updates),Counter(/move_group/result),Messages-Age(/move_group/result),Counter(/move_group/sense_for_plan/parameter_descriptions),Messages-Age(/move_group/sense_for_plan/parameter_descriptions),Counter(/move_group/sense_for_plan/parameter_updates),Messages-Age(/move_group/sense_for_plan/parameter_updates),Counter(/move_group/status),Messages-Age(/move_group/status),Counter(/move_group/trajectory_execution/parameter_descriptions),Messages-Age(/move_group/trajectory_execution/parameter_descriptions),Counter(/move_group/trajectory_execution/parameter_updates),Messages-Age(/move_group/trajectory_execution/parameter_updates),Counter(/pickup/status),Messages-Age(/pickup/status),Counter(/place/status),Messages-Age(/place/status),Counter(/position_joint_trajectory_controller/follow_joint_trajectory/feedback),Messages-Age(/position_joint_trajectory_controller/follow_joint_trajectory/feedback),Counter(/position_joint_trajectory_controller/follow_joint_trajectory/goal),Messages-Age(/position_joint_trajectory_controller/follow_joint_trajectory/goal),Counter(/position_joint_trajectory_controller/follow_joint_trajectory/result),Messages-Age(/position_joint_trajectory_controller/follow_joint_trajectory/result),Counter(/position_joint_trajectory_controller/follow_joint_trajectory/status),Messages-Age(/position_joint_trajectory_controller/follow_joint_trajectory/status),Counter(/position_joint_trajectory_controller/state),Messages-Age(/position_joint_trajectory_controller/state),Counter(/rosout),Messages-Age(/rosout),Counter(/rosout_agg),Messages-Age(/rosout_agg),Counter(/statistics),Messages-Age(/statistics),Counter(/tf),Messages-Age(/tf),Counter(/tf_static),Messages-Age(/tf_static),panda_finger_joint1 position,panda_finger_joint2 position,panda_joint1 position,panda_joint2 position,panda_joint3 position,panda_joint4 position,panda_joint5 position,panda_joint6 position,panda_joint7 position,panda_finger_joint1 velocity,panda_finger_joint2 velocity,panda_joint1 velocity,panda_joint2 velocity,panda_joint3 velocity,panda_joint4 velocity,panda_joint5 velocity,panda_joint6 velocity,panda_joint7 velocity,panda_finger_joint1 effort,panda_finger_joint2 effort,panda_joint1 effort,panda_joint2 effort,panda_joint3 effort,panda_joint4 effort,panda_joint5 effort,panda_joint6 effort,panda_joint7 effort,/execute_trajectory/feedback Active Connections,/execute_trajectory/feedback Dropped,/execute_trajectory/goal Active Connections,/execute_trajectory/goal Dropped,/execute_trajectory/result Active Connections,/execute_trajectory/result Dropped,/execute_trajectory/status Active Connections,/execute_trajectory/status Dropped,/franka_control/error_recovery/status Active Connections,/franka_control/error_recovery/status Dropped,/franka_gripper/grasp/goal Active Connections,/franka_gripper/grasp/goal Dropped,/franka_gripper/grasp/result Active Connections,/franka_gripper/grasp/result Dropped,/franka_gripper/grasp/status Active Connections,/franka_gripper/grasp/status Dropped,/franka_gripper/gripper_action/status Active Connections,/franka_gripper/gripper_action/status Dropped,/franka_gripper/homing/status Active Connections,/franka_gripper/homing/status Dropped,/franka_gripper/joint_states Active Connections,/franka_gripper/joint_states Dropped,/franka_gripper/move/goal Active Connections,/franka_gripper/move/goal Dropped,/franka_gripper/move/result Active Connections,/franka_gripper/move/result Dropped,/franka_gripper/move/status Active Connections,/franka_gripper/move/status Dropped,/franka_gripper/stop/status Active Connections,/franka_gripper/stop/status Dropped,/franka_state_controller/F_ext Active Connections,/franka_state_controller/F_ext Dropped,/franka_state_controller/franka_states Active Connections,/franka_state_controller/franka_states Dropped,/franka_state_controller/joint_states Active Connections,/franka_state_controller/joint_states Dropped,/franka_state_controller/joint_states_desired Active Connections,/franka_state_controller/joint_states_desired Dropped,/joint_states Active Connections,/joint_states Dropped,/joint_states_desired Active Connections,/joint_states_desired Dropped,/move_group/display_planned_path Active Connections,/move_group/display_planned_path Dropped,/move_group/feedback Active Connections,/move_group/feedback Dropped,/move_group/goal Active Connections,/move_group/goal Dropped,/move_group/monitored_planning_scene Active Connections,/move_group/monitored_planning_scene Dropped,/move_group/ompl/parameter_descriptions Active Connections,/move_group/ompl/parameter_descriptions Dropped,/move_group/ompl/parameter_updates Active Connections,/move_group/ompl/parameter_updates Dropped,/move_group/plan_execution/parameter_descriptions Active Connections,/move_group/plan_execution/parameter_descriptions Dropped,/move_group/plan_execution/parameter_updates Active Connections,/move_group/plan_execution/parameter_updates Dropped,/move_group/planning_scene_monitor/parameter_descriptions Active Connections,/move_group/planning_scene_monitor/parameter_descriptions Dropped,/move_group/planning_scene_monitor/parameter_updates Active Connections,/move_group/planning_scene_monitor/parameter_updates Dropped,/move_group/result Active Connections,/move_group/result Dropped,/move_group/sense_for_plan/parameter_descriptions Active Connections,/move_group/sense_for_plan/parameter_descriptions Dropped,/move_group/sense_for_plan/parameter_updates Active Connections,/move_group/sense_for_plan/parameter_updates Dropped,/move_group/status Active Connections,/move_group/status Dropped,/move_group/trajectory_execution/parameter_descriptions Active Connections,/move_group/trajectory_execution/parameter_descriptions Dropped,/move_group/trajectory_execution/parameter_updates Active Connections,/move_group/trajectory_execution/parameter_updates Dropped,/pickup/status Active Connections,/pickup/status Dropped,/place/status Active Connections,/place/status Dropped,/position_joint_trajectory_controller/follow_joint_trajectory/feedback Active Connections,/position_joint_trajectory_controller/follow_joint_trajectory/feedback Dropped,/position_joint_trajectory_controller/follow_joint_trajectory/goal Active Connections,/position_joint_trajectory_controller/follow_joint_trajectory/goal Dropped,/position_joint_trajectory_controller/follow_joint_trajectory/result Active Connections,/position_joint_trajectory_controller/follow_joint_trajectory/result Dropped,/position_joint_trajectory_controller/follow_joint_trajectory/status Active Connections,/position_joint_trajectory_controller/follow_joint_trajectory/status Dropped,/position_joint_trajectory_controller/state Active Connections,/position_joint_trajectory_controller/state Dropped,/rosout Active Connections,/rosout Dropped,/rosout_agg Active Connections,/rosout_agg Dropped,/statistics Active Connections,/statistics Dropped,/tf Active Connections,/tf Dropped,/tf_static Active Connections,/tf_static Dropped
4,-9615597696.0,6,10235960320.0,5,-2877517516.8,42,-9597991228.95,24,-11021224512.0,1,1413302272.0,1,-12773476352.0,102,-3545269644.55,99,-3495120552.08,100,-3036778549.76,60,-11157712708.3,0,0.0,0,0.0,68,-6856967378.82,103,-3186724958.45,102,-11249694172.9,129,-11157188197.2,118,-11350607659.4,118,-11351752808.1,117,-11289385253.2,115,-11413805761.7,7,0.0,4,-10393849792.0,1,108761344.0,64,0.0,1,0.0,1,0.0,1,0.0,1,0.0,1,0.0,1,0.0,2,-10420430848.0,1,0.0,1,0.0,20,-11521203123.2,1,0.0,1,0.0,101,-3137092440.71,44,-8649365585.45,108,-7878461406.81,1,-8010110208.0,2,-8702684928.0,102,-3981359242.04,125,-11382152362.0,53,4.57400346774e+11,40,-3217490892.8,111,0.0,113,0.0,1,0.0,0.235986104387,-0.129669812406,-0.901280590565,-2.29548486858,-0.135719378551,2.22314708349,0.211863492503,0.0287433261704,0.0287433261704,0.356464849578,-15.7975894895,2.56623263746,21.8350821601,0.13589462068,2.88118536656,-0.265632892266,0.0,0.0,0.0172940933855,-0.0180954749686,-0.0912677958762,-0.107450105278,-0.0150529837611,0.0702847957871,-0.0658544954953,0.0,0.0,1,0,1,0,1,0,2,3,1,0,0,0,0,0,2,0,1,0,1,44,1,0,0,0,0,0,2,0,1,15,1,3,1,0,1,190,1,187,2,114,1,154,1,0,1,0,0,0,1,0,0,0,0,0,0,0,0,0,0,0,0,0,2,0,0,0,0,0,2,3,0,0,0,0,2,5,2,5,1,62,0,0,1,0,1,17,2,222,2,0,1,0,0,0,4,326,0,0
0,0.0,0,0.0,0,0.0,1,-12910003456.0,2,-12799216128.0,0,0.0,0,0.0,3,-12838692181.3,3,-12909919402.7,4,-12749390976.0,1,-12909905408.0,0,0.0,0,0.0,3,-12839029845.3,2,-12910001664.0,19,-12664935572.2,13,-12902321033.8,15,-12841093870.9,11,-12909544215.3,18,-12784707712.0,8,-12867580960.0,0,0.0,0,0.0,0,0.0,1,0.0,0,0.0,0,0.0,0,0.0,0,0.0,0,0.0,0,0.0,0,0.0,0,0.0,0,0.0,3,-12670071978.7,0,0.0,0,0.0,3,-12840076970.7,3,-12695229610.7,8,-12727488576.0,1,-12262021888.0,0,0.0,3,-12839098709.3,20,-12880745088.0,0,0.0,0,0.0,9,0.0,15,0.0,0,0.0,0.119444765591,-0.177068033763,-0.796450932817,-2.22474521489,-0.137687703111,2.09066497372,0.185527164493,0.0144124651949,0.0144124651949,-0.320313307974,-17.3342519336,3.59648911158,23.2664413452,0.864177074697,2.57716377576,-0.23752933575,0.0,0.0,-0.330618702181,-0.1075269036,0.378957123701,0.302217055621,0.0104931360907,-0.429786098161,8.77852837639e-05,0.0,0.0,0,0,0,0,0,0,0,0,0,0,0,0,0,0,0,0,0,0,0,0,0,0,0,0,0,0,0,0,0,0,1,15,0,0,1,15,1,12,0,0,0,0,0,0,0,0,0,0,0,0,0,0,0,0,0,0,0,0,0,0,0,0,0,0,0,0,0,0,0,0,0,0,0,0,1,0,0,0,0,0,1,0,0,0,0,0,1,8,0,0,0,0,0,0,3,34,0,0
0,0.0,0,0.0,0,0.0,4,-12857482752.0,2,-12803313536.0,0,0.0,0,0.0,2,-12909965056.0,2,-12909943040.0,1,-12910018304.0,6,-12746254890.7,0,0.0,0,0.0,0,0.0,3,-12910003029.3,18,-12758862663.1,9,-12625417585.8,5,-12807415808.0,7,-12836361216.0,12,-12750186581.3,22,-12803659694.5,0,0.0,0,0.0,0,0.0,2,0.0,0,0.0,0,0.0,0,0.0,0,0.0,0,0.0,0,0.0,0,0.0,0,0.0,0,0.0,3,-12909936554.7,0,0.0,0,0.0,2,-12909944832.0,4,-12856528896.0,0,0.0,0,0.0,0,0.0,3,-12909975978.7,3,-12654770517.3,0,0.0,0,0.0,7,0.0,20,0.0,0,0.0,-0.0455358217324,-0.23077389947,-0.607197272234,-2.07284757884,-0.131723515923,1.87625042273,0.1855246864,0.0144185940735,0.0144185940735,-0.304333964984,-18.4265778859,3.80873886744,23.0687383016,1.159943223,2.37226366997,-0.230230553697,0.0,0.0,-0.248329744332,-0.0814956470742,0.287119866111,0.228361291497,0.0067331099093,-0.322555851672,5.57228662142e-05,0.0,0.0,0,0,0,0,0,0,1,0,0,0,0,0,0,0,0,0,0,0,0,0,0,0,0,0,0,0,0,0,0,0,0,0,1,0,0,0,0,0,2,0,1,0,0,0,0,0,0,0,0,0,0,0,0,0,0,0,0,0,0,0,0,0,0,0,0,0,0,0,1,5,0,0,0,0,0,0,0,0,0,0,0,0,0,0,0,0,0,0,0,0,0,0,0,0,1,23,0,0
1,-12702247424.0,0,0.0,1,-12909725440.0,3,-12826636714.7,3,-12838826325.3,0,0.0,0,0.0,3,-12838744064.0,3,-12910000725.3,4,-12749380160.0,12,-12822850282.7,0,0.0,0,0.0,0,0.0,2,-12910013568.0,0,0.0,22,-12805860224.0,5,-12167232972.8,26,-12514412878.8,15,-12859969723.7,16,-12759417040.0,0,0.0,0,0.0,0,0.0,2,0.0,0,0.0,0,0.0,0,0.0,0,0.0,0,0.0,0,0.0,0,0.0,0,0.0,0,0.0,2,-12909856896.0,0,0.0,0,0.0,3,-12840123136.0,2,-12909928064.0,18,-12498897223.1,0,0.0,1,-12910077952.0,3,-12821462186.7,0,0.0,3,-12766294528.0,3,-12909644629.3,9,0.0,77,0.0,0,0.0,-0.111485674434,-0.2522843212,-0.531609765496,-2.01212750342,-0.129323782874,1.79057868006,0.185525148818,0.0144206630066,0.0144206630066,-0.383613546689,-18.9227530162,3.72092962265,23.3408940633,1.19220030308,2.45833849907,-0.244070271651,0.0,0.0,-0.0653570538519,-0.0228101211475,0.0762879856895,0.0609283968309,0.00229163540006,-0.0854183632756,0.000349552671329,0.0,0.0,1,0,0,0,0,0,0,0,0,0,0,0,0,0,0,0,1,0,0,0,0,0,0,0,0,0,0,0,0,0,0,0,0,0,1,0,1,0,0,0,0,0,0,0,0,0,0,0,0,0,0,0,0,0,0,0,0,0,0,0,0,0,0,0,0,0,0,0,0,0,0,0,0,0,0,0,1,0,0,0,0,0,1,0,1,4,0,0,0,0,1,0,0,0,1,0,0,0
0,0.0,0,0.0,0,0.0,3,-12909935274.7,3,-12910044757.3,0,0.0,0,0.0,2,-12910009216.0,2,-12910029568.0,3,-12839170645.3,7,-12855132598.9,0,0.0,0,0.0,0,0.0,3,-12838613760.0,34,-12597049600.0,11,-12830000034.9,0,0.0,13,-12864612962.5,16,-12695197536.0,15,-12865077333.3,0,0.0,0,0.0,0,0.0,3,0.0,0,0.0,0,0.0,0,0.0,0,0.0,0,0.0,0,0.0,0,0.0,0,0.0,0,0.0,1,-12909938688.0,0,0.0,0,0.0,3,-12910006954.7,3,-12838745088.0,0,0.0,0,0.0,0,0.0,3,-12910022656.0,0,0.0,0,0.0,0,0.0,7,0.0,20,0.0,0,0.0,-0.119507257761,-0.254933401954,-0.522456383157,-2.00476156678,-0.129018734712,1.78023694243,0.185523773275,0.0144215286127,0.0144215286127,-0.309954285622,-19.2565670013,3.70823431015,23.6113471985,1.1613355875,2.54676699638,-0.235819079913,0.0,0.0,-0.000238243416064,-0.00023975978201,8.99924935346e-05,0.000166961600587,-1.27278673954e-05,-4.53706166834e-05,-2.84012128993e-05,0.0,0.0,0,0,0,0,0,0,0,0,1,0,0,0,0,0,2,11,0,0,0,0,1,0,0,0,0,0,0,0,0,0,1,0,0,0,0,0,0,0,1,0,1,0,0,0,0,0,0,0,0,0,0,0,0,0,0,0,0,0,0,0,0,0,0,0,0,0,0,0,0,0,0,0,0,0,0,0,0,0,0,0,0,0,0,0,0,0,0,0,0,0,0,0,0,0,0,0,0,0
0,0.0,0,0.0,0,0.0,1,-12910014208.0,1,-12910052096.0,0,0.0,0,0.0,3,-12909978794.7,2,-12910062080.0,1,-12910107392.0,8,-12852960480.0,0,0.0,0,0.0,10,-12123034649.6,2,-12909896064.0,5,-12909657856.0,0,0.0,44,-12187520901.8,17,-12775707482.4,18,-12849251285.3,15,-12782041105.1,0,0.0,0,0.0,0,0.0,2,0.0,0,0.0,0,0.0,0,0.0,0,0.0,0,0.0,0,0.0,0,0.0,0,0.0,0,0.0,4,-12744919744.0,0,0.0,0,0.0,2,-12910007680.0,2,-12909998976.0,0,0.0,0,0.0,0,0.0,2,-12910045312.0,103,-12162080944.5,0,0.0,0,0.0,7,0.0,41,0.0,0,0.0,-0.11950768828,-0.254935439036,-0.522454814885,-2.0047584794,-0.129016221812,1.78023726409,0.185523132068,0.0144222604835,0.0144222604835,-0.305325786273,-19.2491283417,3.69985893038,23.5968280368,1.15445005894,2.54191597303,-0.237020711932,0.0,0.0,8.62636613785e-05,0.000189063837471,-0.000122508323346,-0.000246686778316,6.83737601494e-05,9.05564397249e-05,-0.000291571683897,0.0,0.0,0,0,0,0,0,0,0,0,0,0,0,0,0,0,0,0,0,0,0,0,0,0,0,0,0,0,1,0,0,0,0,0,0,0,0,0,0,0,0,0,0,0,0,0,0,0,0,0,0,0,0,0,0,0,0,0,0,0,0,0,0,0,0,0,0,0,0,0,1,0,0,0,0,0,0,0,0,0,0,0,0,0,0,0,0,0,1,0,0,0,0,0,0,0,4,0,0,0
0,0.0,0,0.0,0,0.0,3,-12837331285.3,4,-12803396480.0,0,0.0,0,0.0,2,-12910034816.0,3,-12840430506.7,4,-12856937664.0,6,-12910015786.7,0,0.0,0,0.0,2,-12910043136.0,3,-12910076586.7,20,-12736728972.8,33,-12596055210.7,10,-12807330969.6,15,-12841389260.8,15,-12771417122.1,7,-12909786294.9,0,0.0,0,0.0,0,0.0,2,0.0,0,0.0,0,0.0,0,0.0,0,0.0,0,0.0,0,0.0,0,0.0,0,0.0,0,0.0,3,-12909936384.0,0,0.0,0,0.0,3,-12837523456.0,3,-12838783914.7,0,0.0,0,0.0,0,0.0,3,-12910071637.3,11,-12884222906.2,0,0.0,0,0.0,8,0.0,23,0.0,0,0.0,-0.119507229979,-0.254936618567,-0.522452372598,-2.00475803709,-0.129014737507,1.7802369192,0.185523451619,0.0144230486204,0.0144230486204,-0.311673442523,-19.2382844289,3.68310817083,23.6074956258,1.14874327183,2.54458117485,-0.241628863414,0.0,0.0,0.000175973930178,9.60391048473e-05,0.000196636774782,-8.71558648988e-05,3.33677474457e-05,-1.63784400172e-05,0.00187592576038,0.0,0.0,0,0,0,0,0,0,1,0,0,0,0,0,0,0,0,0,0,0,0,0,0,0,0,0,0,0,0,0,1,8,1,0,1,0,1,0,0,0,2,0,0,0,0,0,0,0,0,0,0,0,0,0,0,0,0,0,0,0,0,0,0,0,0,0,0,0,0,0,0,0,0,0,0,0,1,5,0,0,0,0,0,0,0,0,0,0,0,0,0,0,0,0,0,0,0,0,0,0
0,0.0,0,0.0,0,0.0,3,-12697227776.0,2,-12910107008.0,0,0.0,0,0.0,3,-12694357674.7,1,-12910067968.0,2,-12910048512.0,7,-12859895881.1,0,0.0,0,0.0,3,-12836534357.3,1,-12910077696.0,9,-12828240440.9,15,-12906613862.4,21,-12775744268.2,9,-12853065329.8,15,-12887298065.1,14,-12775197494.9,0,0.0,0,0.0,0,0.0,1,0.0,0,0.0,0,0.0,0,0.0,0,0.0,0,0.0,0,0.0,0,0.0,0,0.0,0,0.0,1,-12910051328.0,0,0.0,0,0.0,2,-12910097280.0,1,-12910106624.0,0,0.0,0,0.0,0,0.0,2,-12910113920.0,33,-12780507337.7,0,0.0,0,0.0,4,0.0,21,0.0,0,0.0,-0.119507552448,-0.254935922755,-0.52245370786,-2.00475655578,-0.129013592358,1.78023693676,0.185523921846,0.0144235521555,0.0144235521555,-0.311408956846,-19.2454255422,3.70056422551,23.5921554565,1.1440435648,2.5460460186,-0.245352008939,0.0,0.0,0.000270741496824,0.000775969931184,-8.19088663353e-05,0.000318725352938,9.8643628272e-05,4.95145157791e-06,-0.000161625304367,0.0,0.0,0,0,0,0,0,0,0,0,0,0,0,0,0,0,0,0,0,0,0,0,0,0,0,0,0,0,0,0,0,0,0,0,0,0,0,0,0,0,0,0,1,0,0,0,0,0,0,0,1,0,0,0,0,0,0,0,0,0,0,0,0,0,0,0,0,0,0,0,0,0,0,0,0,0,0,0,0,0,0,0,0,0,0,0,1,0,0,0,0,0,0,0,0,0,1,0,0,0
0,0.0,0,0.0,0,0.0,2,-12805162240.0,3,-12838951253.3,0,0.0,0,0.0,1,-12910100992.0,4,-12857917120.0,3,-12910108672.0,2,-12910021376.0,0,0.0,0,0.0,2,-12910137600.0,0,0.0,16,-12739326800.0,0,0.0,13,-12870162530.5,20,-12858592857.6,12,-12853886016.0,24,-12743314773.3,0,0.0,0,0.0,0,0.0,0,0.0,0,0.0,0,0.0,0,0.0,0,0.0,0,0.0,0,0.0,0,0.0,0,0.0,0,0.0,0,0.0,0,0.0,0,0.0,3,-12910093568.0,4,-12856602240.0,0,0.0,0,0.0,0,0.0,3,-12910133504.0,31,-12818439919.5,0,0.0,0,0.0,7,0.0,42,0.0,0,0.0,-0.119507146271,-0.254936508742,-0.522452133687,-2.00475562226,-0.129013823232,1.78023575326,0.1855237415,0.0144237106821,0.0144237106821,-0.314582784971,-19.2362346649,3.69104274114,23.5831629435,1.14231932163,2.54682421684,-0.243887163699,0.0,0.0,7.59244194118e-05,-8.90865226076e-05,-0.000480140429824,-0.000410116102423,7.16129129813e-05,-1.18310225266e-05,0.000629973011022,0.0,0.0,0,0,0,0,0,0,0,0,1,0,0,0,0,0,0,0,0,0,1,1,0,0,0,0,0,0,0,0,0,0,0,0,0,0,1,0,1,0,0,0,0,0,0,0,0,0,0,0,0,0,0,0,0,0,0,0,0,0,0,0,0,0,0,0,0,0,0,0,0,0,0,0,0,0,0,0,2,1,0,0,0,0,0,0,0,0,0,0,0,0,0,0,0,0,1,0,0,0
0,0.0,0,0.0,0,0.0,0,0.0,2,-12803442560.0,0,0.0,0,0.0,4,-12803267008.0,2,-12910164224.0,2,-12910191360.0,6,-12835001984.0,0,0.0,0,0.0,2,-12910074368.0,6,-12554295253.3,0,0.0,30,-12603241403.7,10,-12807446246.4,4,-12909878336.0,14,-12763081618.3,15,-12887498137.6,0,0.0,0,0.0,0,0.0,1,0.0,0,0.0,0,0.0,0,0.0,0,0.0,0,0.0,0,0.0,0,0.0,0,0.0,0,0.0,6,-12550175744.0,0,0.0,0,0.0,2,-12910145920.0,2,-12910177536.0,0,0.0,0,0.0,0,0.0,2,-12799823872.0,16,-12893227728.0,0,0.0,0,0.0,12,0.0,12,0.0,0,0.0,-0.119508176695,-0.254937252592,-0.522452632788,-2.00475565107,-0.129012002557,1.78023440517,0.185523643155,0.0144240120426,0.0144240120426,-0.299185940198,-19.2253246307,3.70029973984,23.5869413103,1.13945284912,2.55221928869,-0.243364006281,0.0,0.0,0.000707471224876,-0.000118305514396,0.000124373132362,-0.000180568284597,9.02716609377e-05,-2.64453864584e-05,-0.000423551081957,0.0,0.0,0,0,0,0,0,0,1,4,0,0,0,0,0,0,0,0,0,0,0,0,1,0,0,0,0,0,1,0,0,0,0,0,1,0,0,0,0,0,1,0,1,0,0,0,0,0,0,0,0,0,0,0,0,0,0,0,0,0,0,0,0,0,0,0,0,0,0,0,1,0,0,0,0,0,1,0,0,0,0,0,0,0,0,0,0,0,1,0,0,0,0,0,0,0,3,0,0,0
0,0.0,0,0.0,0,0.0,0,0.0,3,-12910183680.0,0,0.0,0,0.0,1,-12910176256.0,3,-12840515754.7,2,-12910196480.0,11,-12865595601.5,0,0.0,0,0.0,2,-12595934080.0,3,-12838777344.0,38,-12562600097.7,9,-12831525859.6,0,0.0,25,-12485584035.8,9,-12827692373.3,13,-12878286454.2,0,0.0,0,0.0,0,0.0,2,0.0,0,0.0,0,0.0,0,0.0,0,0.0,0,0.0,0,0.0,0,0.0,0,0.0,0,0.0,3,-12910127530.7,0,0.0,0,0.0,3,-12840143018.7,3,-12838928640.0,0,0.0,0,0.0,0,0.0,3,-12839364778.7,34,-12777594646.6,0,0.0,0,0.0,4,0.0,42,0.0,0,0.0,-0.119507796065,-0.254936075216,-0.522452210841,-2.00475635958,-0.129010719005,1.78023230673,0.185523480133,0.0144241213178,0.0144241213178,-0.30708902412,-19.2460426754,3.6950100263,23.5906567044,1.14809223016,2.55615750949,-0.237275025911,0.0,0.0,1.41190594362e-05,1.11965066567e-05,0.00029189053442,0.0003172899645,0.000165004419077,-8.98594090043e-05,-0.000906151647304,0.0,0.0,0,0,0,0,0,0,0,0,0,0,0,0,0,0,0,0,0,0,0,0,0,0,0,0,0,0,0,0,0,0,1,0,0,0,0,0,0,0,1,0,0,0,0,0,0,0,0,0,0,0,0,0,0,0,0,0,0,0,0,0,0,0,0,0,0,0,0,0,1,3,0,0,0,0,0,0,0,0,0,0,0,0,0,0,0,0,0,0,0,0,0,0,0,0,1,0,0,0
0,0.0,0,0.0,0,0.0,0,0.0,2,-12910179712.0,0,0.0,0,0.0,4,-12856736896.0,1,-12910171904.0,0,0.0,9,-12910078321.8,0,0.0,0,0.0,4,-12848988352.0,2,-12802993920.0,15,-12860351078.4,20,-12827580838.4,0,0.0,10,-12858450483.2,21,-12799908083.8,17,-12870417889.9,0,0.0,0,0.0,0,0.0,0,0.0,0,0.0,0,0.0,0,0.0,0,0.0,0,0.0,0,0.0,0,0.0,0,0.0,0,0.0,0,0.0,0,0.0,0,0.0,0,0.0,2,-12910162944.0,0,0.0,0,0.0,0,0.0,1,-12910200320.0,25,-12883923435.5,0,0.0,0,0.0,3,0.0,26,0.0,0,0.0,-0.119509496638,-0.254936387635,-0.522453046456,-2.00475571846,-0.129009522736,1.78023198022,0.185522407971,0.0144245746945,0.0144245746945,-0.279066136905,-19.2387378329,3.70653404508,23.5895861671,1.1389514889,2.55313481603,-0.233467593789,0.0,0.0,-0.00026542395482,-5.24063192694e-05,-8.22461526131e-06,0.000342116504101,-0.000150038915761,7.1185733641e-05,-7.23992769769e-06,0.0,0.0,0,0,0,0,0,0,0,0,0,0,0,0,0,0,0,0,0,0,0,0,0,0,0,0,0,0,0,0,0,0,0,0,1,0,0,0,0,0,1,0,1,0,0,0,0,0,0,0,0,0,0,0,0,0,0,0,0,0,0,0,0,0,0,0,0,0,0,0,0,0,0,0,0,0,0,0,0,0,0,0,0,0,0,0,0,0,0,0,0,0,0,0,0,0,0,0,0,0
0,0.0,0,0.0,0,0.0,10,-12113630771.2,2,-12799442944.0,0,0.0,0,0.0,2,-12910124416.0,4,-12857927424.0,6,-12417274197.3,6,-12910107178.7,0,0.0,0,0.0,2,-12803847552.0,3,-12910157056.0,10,-12909671859.2,7,-12766283812.6,0,0.0,19,-12877444742.7,0,0.0,12,-12847855765.3,0,0.0,0,0.0,0,0.0,0,0.0,0,0.0,0,0.0,0,0.0,0,0.0,0,0.0,0,0.0,0,0.0,0,0.0,0,0.0,5,-12780589875.2,0,0.0,0,0.0,3,-12693472512.0,2,-12910117888.0,0,0.0,0,0.0,0,0.0,0,0.0,25,-12891642193.9,0,0.0,0,0.0,7,0.0,13,0.0,0,0.0,0.0,0.0,0.0,0.0,0.0,0.0,0.0,0.0,0.0,0.0,0.0,0.0,0.0,0.0,0.0,0.0,0.0,0.0,0.0,0.0,0.0,0.0,0.0,0.0,0.0,0.0,0.0,0,0,0,0,0,0,1,0,0,0,0,0,0,0,1,0,1,0,0,0,0,0,0,0,0,0,0,0,0,0,1,0,0,0,0,0,1,0,0,0,0,0,0,0,0,0,0,0,0,0,0,0,0,0,0,0,0,0,0,0,0,0,0,0,0,0,0,0,0,0,0,0,0,0,0,0,1,0,0,0,0,0,0,0,0,0,0,0,0,0,0,0,0,0,1,0,0,0
0,0.0,0,0.0,0,0.0,3,-12840158293.3,3,-12695455146.7,0,0.0,0,0.0,3,-12838945024.0,0,0.0,2,-12910191744.0,6,-12828552064.0,0,0.0,0,0.0,3,-12910157824.0,2,-12910192384.0,12,-12848062122.7,22,-12798485376.0,0,0.0,15,-12841521305.6,34,-12606171075.8,17,-12890237921.9,0,0.0,0,0.0,0,0.0,1,0.0,0,0.0,0,0.0,0,0.0,0,0.0,0,0.0,0,0.0,0,0.0,0,0.0,0,0.0,1,-12910155520.0,0,0.0,0,0.0,4,-12750638400.0,0,0.0,0,0.0,0,0.0,0,0.0,6,-12421263658.7,25,-12886621409.3,0,0.0,0,0.0,11,0.0,57,0.0,0,0.0,-0.119508936013,-0.254937196591,-0.522452687245,-2.00475691278,-0.129009248114,1.78023120487,0.185522975274,0.0144247650443,0.0144247650443,-0.291401393273,-19.2311588736,3.70216669756,23.6056442261,1.13536759685,2.55790479043,-0.235916693421,0.0,0.0,-0.000181889242876,-0.000281486029542,-5.22066657178e-05,0.000161881388858,0.000114720751277,-0.000186017050609,-0.0001566830285,0.0,0.0,0,0,0,0,0,0,0,0,0,0,0,0,0,0,1,0,0,0,0,0,1,0,0,0,0,0,1,0,0,0,0,0,1,0,0,0,0,0,1,0,1,0,0,0,0,0,0,0,0,0,0,0,0,0,0,0,0,0,0,0,0,0,0,0,0,0,0,0,0,0,0,0,0,0,0,0,0,0,0,0,0,0,0,0,1,0,1,0,0,0,0,0,0,0,3,0,0,0
0,0.0,0,0.0,0,0.0,3,-12840220672.0,3,-12839056810.7,0,0.0,0,0.0,2,-12910186368.0,4,-12750993088.0,3,-12839380906.7,7,-12846375570.3,0,0.0,0,0.0,2,-12910145024.0,1,-12910222080.0,0,0.0,15,-12899495185.1,0,0.0,13,-12821950326.2,15,-12865029990.4,13,-12858145122.5,0,0.0,0,0.0,0,0.0,0,0.0,0,0.0,0,0.0,0,0.0,0,0.0,0,0.0,0,0.0,0,0.0,0,0.0,0,0.0,4,-12748158272.0,0,0.0,0,0.0,3,-12910163285.3,6,-12551002197.3,0,0.0,0,0.0,0,0.0,1,-12910213376.0,1,-12909827584.0,0,0.0,0,0.0,3,0.0,30,0.0,0,0.0,-0.119509118625,-0.254936072024,-0.522452573678,-2.00475611809,-0.12900911388,1.78023133306,0.185523146864,0.0144249964505,0.0144249964505,-0.288663188616,-19.2475414276,3.70320908229,23.6024703979,1.13665831089,2.55648303032,-0.239126422008,0.0,0.0,-7.98533846769e-05,0.000129795723332,0.00067671998108,-0.000113815050422,-4.99531544246e-05,0.00031965762982,0.000186142266243,0.0,0.0,0,0,0,0,0,0,0,0,0,0,0,0,0,0,0,0,0,0,0,0,0,0,0,0,0,0,0,0,0,0,0,0,0,0,0,0,0,0,1,0,0,0,0,0,0,0,0,0,0,0,0,0,0,0,0,0,0,0,0,0,0,0,0,0,0,0,0,0,0,0,0,0,0,0,1,6,0,0,0,0,0,0,0,0,0,0,0,0,0,0,0,0,0,0,1,0,0,0
0,0.0,0,0.0,0,0.0,2,-12805257344.0,2,-12910241408.0,0,0.0,0,0.0,3,-12695456682.7,4,-12751008064.0,2,-12910225152.0,6,-12910124117.3,0,0.0,0,0.0,2,-12910178944.0,0,0.0,32,-12597946816.0,15,-12830339379.2,0,0.0,5,-12598446131.2,9,-12872513877.3,14,-12885825846.9,0,0.0,1,-12910265856.0,1,419072.0,0,0.0,0,0.0,0,0.0,0,0.0,0,0.0,0,0.0,0,0.0,0,0.0,0,0.0,0,0.0,3,-12910177706.7,0,0.0,0,0.0,2,-12910188288.0,2,-12910231040.0,0,0.0,0,0.0,0,0.0,4,-12749600576.0,48,-12617970128.0,5,-12904125286.4,4,-12897973248.0,9,0.0,31,0.0,0,0.0,-0.119507777379,-0.254935784219,-0.52245196741,-2.00475796562,-0.129009073025,1.78023117238,0.185522143982,0.0144249964505,0.0144249964505,-0.303562548425,-19.2491283417,3.69060193168,23.6193093194,1.13364724318,2.55941271782,-0.229645634691,0.0,0.0,0.000109392243495,0.000476581314343,-0.000399962903626,-0.000407320055064,0.00108607266087,-2.00130970456e-05,-0.000219582085239,0.0,0.0,0,0,0,0,0,0,0,0,0,0,0,0,0,0,0,0,0,0,0,0,0,0,0,0,0,0,0,0,0,0,1,0,1,0,0,0,0,0,0,0,1,0,0,0,1,0,1,0,0,0,0,0,0,0,0,0,0,0,0,0,0,0,0,0,0,0,0,0,0,0,0,0,0,0,0,0,0,0,0,0,0,0,0,0,0,0,1,1,1,0,1,0,0,0,1,0,0,0
1,-12910227968.0,1,436224.0,0,0.0,1,-12910241024.0,2,-12595712512.0,0,0.0,0,0.0,2,-12910250752.0,2,-12910270208.0,3,-12910255018.7,5,-12848403814.4,0,0.0,0,0.0,2,-12803912192.0,0,0.0,7,-12806998016.0,7,-12771933952.0,106,-11381436411.2,24,-12784631989.3,21,-12803522779.4,18,-12782407680.0,1,0.0,1,-12910236672.0,0,0.0,3,0.0,0,0.0,0,0.0,0,0.0,0,0.0,0,0.0,0,0.0,1,-12910194944.0,0,0.0,0,0.0,3,-12910188117.3,0,0.0,0,0.0,3,-12840411989.3,2,-12910236544.0,7,-12910224310.9,1,-12890217984.0,0,0.0,4,-12910257152.0,13,-12889534444.3,2,-12910228864.0,3,-12684656213.3,11,0.0,25,0.0,0,0.0,-0.117090627995,-0.259197025172,-0.511558906267,-2.00415992211,-0.126347432954,1.77468980747,0.197911913426,0.0144251216913,0.0144251216913,0.305258291108,-19.4452255794,4.2417397045,23.7488443284,1.22479307652,2.50116774014,-0.0594302050415,0.0,0.0,0.0174494160311,-0.0302583007913,0.0782565455083,0.00489339504569,0.019437005771,-0.0389303653535,0.0897886935353,0.0,0.0,0,0,0,0,0,0,0,0,1,0,0,0,0,0,0,0,0,0,1,0,0,0,0,0,0,0,0,0,0,0,0,0,0,0,1,0,1,0,1,0,0,0,0,0,0,0,0,0,1,0,0,0,0,0,0,0,0,0,0,0,0,0,1,0,0,0,0,0,0,0,0,0,0,0,0,0,0,0,1,0,1,0,0,0,0,0,1,1,0,0,0,0,0,0,1,0,0,0
0,0.0,0,0.0,0,0.0,5,-12446984499.2,3,-12828498090.7,0,0.0,0,0.0,3,-12910298794.7,0,0.0,2,-12910262272.0,3,-12910216960.0,0,0.0,0,0.0,4,-12857106432.0,9,-12023066851.6,23,-12791204463.3,15,-12824324078.9,15,-12726968797.9,14,-12836925184.0,12,-12848982528.0,16,-12771162608.0,0,0.0,0,0.0,0,0.0,2,0.0,0,0.0,0,0.0,0,0.0,0,0.0,0,0.0,0,0.0,0,0.0,0,0.0,0,0.0,3,-12838124117.3,0,0.0,0,0.0,2,-12910285824.0,2,-12799365248.0,11,-12855458839.3,0,0.0,0,0.0,2,-12800352512.0,38,-12829967339.8,0,0.0,0,0.0,12,0.0,31,0.0,0,0.0,-0.0927729095903,-0.301085604936,-0.40516344108,-1.99824990738,-0.100240684572,1.72049147764,0.319995792166,0.0144253247418,0.0144253247418,0.985694944859,-19.6471792857,4.41242742538,23.8856684367,1.2323461771,2.45443224907,0.19655777514,0.0,0.0,0.0786777957303,-0.132717814787,0.341485442052,0.019333873769,0.0837651505859,-0.172551516714,0.39201192103,0.0,0.0,0,0,0,0,0,0,1,4,0,0,0,0,0,0,0,0,0,0,0,0,1,0,0,0,0,0,1,0,1,0,1,0,0,0,0,0,0,0,0,0,1,0,0,0,0,0,0,0,0,0,0,0,0,0,0,0,0,0,0,0,0,0,0,0,0,0,0,0,1,0,0,0,0,0,0,0,2,4,0,0,0,0,0,0,1,0,1,0,0,0,0,0,0,0,1,0,0,0
0,0.0,0,0.0,0,0.0,3,-12910263296.0,1,-12910323712.0,0,0.0,0,0.0,2,-12910298112.0,5,-12737226291.2,3,-12910280618.7,7,-12827042998.9,0,0.0,0,0.0,2,-12910273024.0,3,-12910317312.0,17,-12867589376.0,18,-12788170382.2,20,-12734043814.4,13,-12870461420.3,16,-12771265968.0,15,-12909970926.9,0,0.0,0,0.0,0,0.0,2,0.0,0,0.0,0,0.0,0,0.0,0,0.0,0,0.0,0,0.0,0,0.0,0,0.0,0,0.0,3,-12910256725.3,0,0.0,0,0.0,2,-12910297216.0,4,-12856815040.0,10,-12880155673.6,0,0.0,0,0.0,2,-12910268544.0,24,-12890189728.0,0,0.0,0,0.0,7,0.0,18,0.0,0,0.0,-0.0439417150979,-0.384730851284,-0.193013142238,-1.98623058883,-0.048311880137,1.61247909619,0.563651717742,0.0144254276529,0.0144254276529,-0.531378358603,-17.4707925916,0.923696093261,23.1265945435,1.03373399004,2.39599108696,0.213418738917,0.0,0.0,0.105727150425,-0.177343368197,0.455739500925,0.0263763440214,0.111211750723,-0.230020722106,0.522414685352,0.0,0.0,0,0,0,0,0,0,0,0,0,0,0,0,0,0,0,0,0,0,0,0,0,0,0,0,0,0,0,0,0,0,0,0,1,0,1,0,0,0,1,0,0,0,0,0,0,0,0,0,0,0,0,0,0,0,0,0,0,0,0,0,0,0,0,0,0,0,0,0,1,4,0,0,0,0,1,0,0,0,0,0,0,0,0,0,0,0,0,0,0,0,0,0,0,0,2,0,0,0
0,0.0,0,0.0,0,0.0,2,-12910333440.0,4,-12749314496.0,0,0.0,0,0.0,2,-12803423744.0,3,-12910275925.3,1,-12910311936.0,12,-12869559125.3,0,0.0,0,0.0,3,-12910283605.3,2,-12910304768.0,10,-12833186790.4,0,0.0,13,-12870460829.5,17,-12879871834.4,17,-12870435719.5,13,-12858623310.8,0,0.0,0,0.0,0,0.0,2,0.0,0,0.0,0,0.0,0,0.0,0,0.0,0,0.0,0,0.0,0,0.0,0,0.0,0,0.0,2,-12910279168.0,0,0.0,0,0.0,3,-12840510976.0,2,-12910272000.0,8,-12910306240.0,0,0.0,1,-12910262784.0,2,-12596253952.0,24,-12886153397.3,0,0.0,1,-12909877248.0,4,0.0,44,0.0,0,0.0,-0.00730850421685,-0.44760030316,-0.0336981706639,-1.97718680339,-0.00936585028787,1.53133394979,0.746668666844,0.0144255373298,0.0144255373298,-0.314038255635,-15.0361039218,-0.638976630043,22.745676826,1.10297408525,2.41982172517,0.245758400244,0.0,0.0,0.0346186464151,-0.0602211049862,0.155650714903,0.00872569755597,0.0352195069102,-0.0805566218873,0.178746741196,0.0,0.0,0,0,0,0,0,0,0,0,0,0,0,0,0,0,0,0,0,0,0,0,0,0,0,0,0,0,0,0,0,0,1,0,0,0,0,0,0,0,1,0,0,0,0,0,0,0,0,0,0,0,0,0,0,0,0,0,0,0,0,0,0,0,0,0,0,0,0,0,0,0,0,0,0,0,0,0,0,0,0,0,0,0,1,0,0,0,0,0,0,0,0,0,0,0,1,0,0,0
1,-12910121472.0,0,0.0,1,-12910356736.0,3,-12910141013.3,2,-12910370560.0,0,0.0,0,0.0,2,-12803421440.0,2,-12805932288.0,2,-12804039680.0,8,-12910269120.0,0,0.0,0,0.0,1,-12910281728.0,0,0.0,14,-12715152987.4,0,0.0,5,-12807603865.6,17,-12776721543.5,15,-12860677341.9,0,0.0,0,0.0,0,0.0,0,0.0,2,0.0,0,0.0,0,0.0,0,0.0,0,0.0,0,0.0,0,0.0,0,0.0,0,0.0,0,0.0,3,-12910249728.0,0,0.0,0,0.0,3,-12840464384.0,3,-12839147520.0,2,-12457975808.0,0,0.0,0,0.0,0,0.0,19,-12888758730.1,3,-12722629290.7,2,-12909837696.0,10,0.0,29,0.0,0,0.0,0.000455542017219,-0.460857218775,-0.000204670521488,-1.97532453016,-0.00115513734128,1.51423182165,0.785138650623,0.0144255656128,0.0144255656128,0.1450933218,-14.7774680456,-0.370134711266,22.7645797729,1.11096251011,2.47994494438,0.190072789788,0.0,0.0,0.000206817603827,0.000189525559167,0.000684851541328,-0.000107469033378,-0.000308912501526,-2.61062452584e-05,-0.00038099724183,0.0,0.0,1,0,0,0,1,0,1,0,0,0,0,0,0,0,1,0,1,0,0,0,0,0,0,0,0,0,0,0,0,0,0,0,0,0,0,0,1,0,1,0,0,0,0,0,0,0,0,0,0,0,0,0,0,0,0,0,0,0,0,0,0,0,0,0,0,0,0,0,0,0,0,0,0,0,0,0,0,0,1,0,0,0,0,0,0,0,0,0,0,0,0,0,0,0,2,0,0,0
0,0.0,0,0.0,0,0.0,3,-12840317098.7,2,-12803609472.0,0,0.0,0,0.0,3,-12695645098.7,3,-12910332416.0,4,-12746717120.0,8,-12846621312.0,0,0.0,0,0.0,3,-12839476906.7,5,-12475311667.2,17,-12866899124.7,4,-11464756992.0,21,-12777600073.1,15,-12875877205.3,9,-12909944433.8,30,-12593093230.9,0,0.0,0,0.0,0,0.0,2,0.0,0,0.0,0,0.0,0,0.0,0,0.0,0,0.0,0,0.0,0,0.0,0,0.0,0,0.0,2,-12910321024.0,0,0.0,0,0.0,2,-12910314880.0,2,-12910311040.0,0,0.0,0,0.0,0,0.0,7,-12395388050.3,23,-12666233566.6,0,0.0,0,0.0,9,0.0,28,0.0,0,0.0,0.000458407435022,-0.460858215695,-0.000194584730207,-1.9753198928,-0.00115259602358,1.51423161709,0.785144070328,0.0144254709077,0.0144254709077,0.12005534437,-14.7819643021,-0.403636230363,22.770310296,1.1035365661,2.47660835584,0.177255406976,0.0,0.0,0.000272804113068,0.000300436819315,0.000705803546107,0.000204523111167,0.00116384256135,-1.34117585575e-05,-0.000490363687087,0.0,0.0,0,0,0,0,0,0,0,0,0,0,0,0,0,0,1,0,0,0,0,0,1,0,0,0,0,0,0,0,0,0,1,0,1,0,1,0,0,0,0,0,1,0,0,0,0,0,0,0,0,0,0,0,0,0,0,0,0,0,0,0,0,0,0,0,0,0,0,0,0,0,0,0,0,0,0,0,1,0,0,0,0,0,0,0,1,0,1,0,0,0,0,0,0,0,0,0,0,0
1,-12910440448.0,1,435712.0,0,0.0,4,-12857800704.0,4,-12855028224.0,0,0.0,0,0.0,3,-12836333482.7,2,-12910313344.0,3,-12910372778.7,0,0.0,0,0.0,0,0.0,0,0.0,3,-12910336768.0,14,-12855149696.0,39,-12157605658.3,18,-12852934172.4,6,-12824843392.0,0,0.0,13,-12747860440.6,1,0.0,1,-12910347264.0,1,438784.0,2,0.0,0,0.0,0,0.0,0,0.0,0,0.0,0,0.0,0,0.0,0,0.0,0,0.0,0,0.0,2,-12910299520.0,0,0.0,0,0.0,3,-12910338901.3,3,-12836450560.0,0,0.0,0,0.0,0,0.0,3,-12839547306.7,0,0.0,5,-12910300825.6,5,-12897971507.2,6,0.0,31,0.0,0,0.0,0.0,0.0,0.0,0.0,0.0,0.0,0.0,0.0,0.0,0.0,0.0,0.0,0.0,0.0,0.0,0.0,0.0,0.0,0.0,0.0,0.0,0.0,0.0,0.0,0.0,0.0,0.0,0,0,0,0,0,0,0,0,0,0,0,0,0,0,0,0,0,0,0,0,0,0,0,0,0,0,0,0,0,0,0,0,0,0,0,0,0,0,0,0,0,0,0,0,0,0,1,0,0,0,0,0,0,0,0,0,0,0,0,0,0,0,0,0,0,0,0,0,0,0,0,0,0,0,1,3,0,0,0,0,0,0,0,0,0,0,1,1,0,0,0,0,0,0,3,0,0,0
0,0.0,0,0.0,0,0.0,1,-12910201856.0,2,-12910422912.0,0,0.0,0,0.0,3,-12910382762.7,3,-12910365525.3,2,-12910430720.0,14,-12753945179.4,0,0.0,0,0.0,6,-12548362752.0,2,-12910322944.0,19,-12832769037.5,14,-12904526299.4,14,-12831068251.4,0,0.0,0,0.0,19,-12853641916.6,0,0.0,1,-12703992064.0,0,0.0,2,0.0,0,0.0,0,0.0,0,0.0,0,0.0,0,0.0,0,0.0,1,-12891685376.0,0,0.0,0,0.0,5,-12799130521.6,0,0.0,0,0.0,2,-12910386176.0,2,-12910393344.0,9,-12910353891.6,1,-12703516672.0,0,0.0,3,-12910444373.3,60,-12634588595.2,2,-12496451968.0,2,-12704381184.0,6,0.0,26,0.0,0,0.0,0.0,0.0,0.0,0.0,0.0,0.0,0.0,0.0,0.0,0.0,0.0,0.0,0.0,0.0,0.0,0.0,0.0,0.0,0.0,0.0,0.0,0.0,0.0,0.0,0.0,0.0,0.0,0,0,0,0,0,0,0,0,0,0,0,0,0,0,0,0,0,0,0,0,0,0,0,0,0,0,1,0,0,0,1,0,1,0,1,0,0,0,1,0,1,0,0,0,0,0,0,0,0,0,0,0,0,0,0,0,0,0,0,0,0,0,0,0,0,0,0,0,0,0,0,0,0,0,0,0,0,0,0,0,0,0,0,0,0,0,0,0,0,0,0,0,0,0,0,0,0,0
0,0.0,0,0.0,0,0.0,4,-12750723328.0,3,-12910435840.0,0,0.0,0,0.0,0,0.0,2,-12910373120.0,2,-12800076672.0,5,-12820246784.0,0,0.0,0,0.0,1,-12910411776.0,2,-12910405632.0,14,-12910035492.6,6,-12772636373.3,17,-12845007329.9,38,-12641055447.6,50,-12086948060.2,14,-12886216045.7,0,0.0,0,0.0,0,0.0,2,0.0,0,0.0,0,0.0,0,0.0,0,0.0,0,0.0,0,0.0,0,0.0,0,0.0,0,0.0,3,-12910417920.0,0,0.0,0,0.0,3,-12910369365.3,3,-12839115861.3,4,-12866319872.0,0,0.0,0,0.0,3,-12910424832.0,23,-12882149242.4,0,0.0,0,0.0,7,0.0,33,0.0,0,0.0,0.0112409688219,-0.441370650736,0.0501863607975,-1.97799541731,0.0114552707828,1.53950757184,0.842498414696,0.0144257385097,0.0144257385097,0.497784974575,-15.0992679214,-0.485503370762,22.6327072144,1.17227842808,2.6400706768,0.215213174224,0.0,0.0,0.0335439323132,0.0590701768824,0.153812734562,-0.00939203841268,0.0376231543202,0.0776402747071,0.176851896407,0.0,0.0,0,0,0,0,0,0,0,0,0,0,0,0,0,0,0,0,0,0,1,0,0,0,0,0,0,0,0,0,0,0,0,0,0,0,0,0,1,0,1,0,0,0,0,0,0,0,0,0,0,0,0,0,0,0,0,0,0,0,0,0,0,0,0,0,0,0,0,0,0,0,0,0,0,0,0,0,0,0,0,0,0,0,0,0,0,0,1,2,0,0,0,0,0,0,2,0,0,0
0,0.0,0,0.0,0,0.0,2,-12910341888.0,2,-12910413056.0,0,0.0,0,0.0,5,-12781608601.6,1,-12910390528.0,3,-12839541930.7,2,-12910279424.0,0,0.0,0,0.0,4,-12749781888.0,3,-12839066624.0,16,-12864160032.0,24,-12594775040.0,8,-12845788160.0,7,-12837006921.1,15,-12881287987.2,12,-12854395221.3,0,0.0,0,0.0,0,0.0,2,0.0,0,0.0,0,0.0,0,0.0,0,0.0,0,0.0,0,0.0,0,0.0,0,0.0,0,0.0,2,-12910388608.0,0,0.0,0,0.0,2,-12805619584.0,2,-12803420416.0,16,-12518592912.0,0,0.0,0,0.0,2,-12910451712.0,25,-12891807703.0,0,0.0,0,0.0,9,0.0,31,0.0,0,0.0,0.0800103335201,-0.317137576295,0.370372786265,-1.99565567495,0.0916737887179,1.70080379536,1.20685916566,0.0144258502871,0.0144258502871,-0.373298605283,-18.098086675,-4.38820123672,23.2467371623,1.13812315861,2.76546740532,0.262460492055,0.0,0.0,0.0858660047815,0.154900764582,0.400311909982,-0.0239901835936,0.101558628166,0.203151843056,0.452706493811,0.0,0.0,0,0,0,0,0,0,0,0,1,0,0,0,0,0,0,0,0,0,0,0,0,0,0,0,0,0,1,0,0,0,1,0,1,0,1,0,0,0,0,0,1,0,0,0,0,0,0,0,0,0,0,0,0,0,0,0,0,0,0,0,0,0,0,0,0,0,0,0,0,0,0,0,0,0,0,0,1,0,1,0,0,0,0,0,0,0,1,0,0,0,0,0,0,0,0,0,0,0
0,0.0,0,0.0,0,0.0,3,-12910433706.7,2,-12595927168.0,0,0.0,0,0.0,1,-12910369280.0,4,-12745278208.0,3,-12910453930.7,0,0.0,0,0.0,0,0.0,1,-12910412544.0,3,-12910458112.0,15,-12860712226.1,10,-12824122316.8,20,-12764748812.8,22,-12779202571.6,16,-12883160240.0,16,-12790425120.0,0,0.0,0,0.0,0,0.0,2,0.0,0,0.0,0,0.0,0,0.0,0,0.0,0,0.0,0,0.0,0,0.0,0,0.0,0,0.0,3,-12835747072.0,0,0.0,0,0.0,2,-12910393472.0,3,-12910441472.0,0,0.0,0,0.0,1,-12910431232.0,4,-12857315968.0,21,-12882688914.3,1,-12910407936.0,1,-12910273024.0,12,0.0,21,0.0,0,0.0,0.108004043164,-0.266560297225,0.500604401118,-2.00303547914,0.124270638321,1.76644420246,1.35503072664,0.0144257763168,0.0144257763168,-0.245733857155,-17.9939785004,-4.60595560074,23.3222312927,1.2867628336,2.81827807426,0.289693620987,0.0,0.0,0.0289316097399,0.0528473848544,0.137149981637,-0.00738759310533,0.0351209019008,0.0697680239485,0.156066592672,0.0,0.0,0,0,0,0,0,0,1,4,0,0,0,0,0,0,0,0,0,0,0,0,0,0,0,0,0,0,0,0,1,0,0,0,0,0,0,0,0,0,1,0,0,0,0,0,0,0,0,0,0,0,0,0,0,0,0,0,0,0,0,0,0,0,0,0,0,0,0,0,1,0,0,0,0,0,1,0,1,3,0,0,0,0,0,0,0,0,1,1,1,0,1,0,0,0,3,0,0,0
2,-12807190272.0,1,466432.0,1,-12910264320.0,2,-12910267264.0,3,-12825977088.0,0,0.0,0,0.0,3,-12839276117.3,3,-12910436608.0,2,-12804212096.0,0,0.0,0,0.0,0,0.0,4,-12746800320.0,1,-12910509056.0,8,-12635803424.0,19,-12856430026.1,13,-12831189858.5,0,0.0,14,-12886144877.7,18,-12788625308.4,1,0.0,2,-12910305408.0,1,424960.0,2,0.0,0,0.0,0,0.0,0,0.0,0,0.0,0,0.0,0,0.0,1,-12910207744.0,0,0.0,0,0.0,4,-12910339584.0,0,0.0,0,0.0,3,-12837959936.0,2,-12910401024.0,10,-12332748748.8,1,-12910413056.0,0,0.0,3,-12910463488.0,0,0.0,9,-12907382385.8,9,-12908732984.9,11,0.0,18,0.0,0,0.0,0.10772529583,-0.254109488062,0.534179121346,-2.01070068345,0.131105258281,1.78854032923,1.38511543675,0.0144259113419,0.0144259113419,-0.0668163810458,-17.2691696712,-3.85369457517,22.6979860578,1.30666737897,2.71884526525,0.225909146879,0.0,0.0,-0.0621745899131,0.0221502412608,0.0728514931789,-0.0615290398714,0.00246134188366,0.0866589778698,0.000223498989536,0.0,0.0,1,0,0,0,0,0,0,0,0,0,0,0,0,0,0,0,0,0,0,0,0,0,0,0,0,0,0,0,0,0,1,0,1,0,1,0,0,0,1,0,1,0,0,0,1,0,0,0,0,0,0,0,0,0,0,0,0,0,0,0,0,0,1,0,0,0,0,0,1,5,0,0,0,0,0,0,0,0,0,0,1,0,0,0,0,0,1,1,0,0,0,0,0,0,0,0,0,0
0,0.0,0,0.0,0,0.0,4,-12585734208.0,3,-12910541653.3,0,0.0,0,0.0,3,-12839229866.7,1,-12910449664.0,2,-12910462976.0,0,0.0,0,0.0,0,0.0,1,-12910452480.0,4,-12854943872.0,21,-12796362727.6,10,-12810958156.8,14,-12744901101.7,21,-12300667855.2,15,-12843122739.2,14,-12886337078.9,0,0.0,0,0.0,0,0.0,2,0.0,0,0.0,0,0.0,0,0.0,0,0.0,0,0.0,0,0.0,0,0.0,0,0.0,0,0.0,3,-12910453418.7,0,0.0,0,0.0,3,-12837929045.3,3,-12910436010.7,17,-12807154657.9,0,0.0,0,0.0,3,-12910501034.7,53,-12594149607.8,0,0.0,0,0.0,4,0.0,43,0.0,0,0.0,0.0226897690192,-0.224128963741,0.633361239501,-2.09731807805,0.133950375576,1.90959294253,1.38512403749,0.0144259160385,0.0144259160385,-0.4008051157,-16.5944852829,-3.99015029271,22.4807866414,1.35882627964,2.67470812798,0.212472692132,0.0,0.0,-0.292100301987,0.103045172289,0.337731324854,-0.295609935847,0.00780176456191,0.412226060156,0.00014604537886,0.0,0.0,0,0,0,0,0,0,1,0,0,0,0,0,0,0,0,0,0,0,0,0,0,0,0,0,0,0,0,0,0,0,0,0,0,0,0,0,1,0,1,0,0,0,0,0,0,0,0,0,0,0,0,0,0,0,0,0,0,0,0,0,0,0,0,0,0,0,0,0,0,0,0,0,0,0,0,0,0,0,0,0,0,0,0,0,0,0,0,0,0,0,0,0,0,0,1,0,0,0
0,0.0,0,0.0,0,0.0,3,-12816466602.7,2,-12910531072.0,0,0.0,0,0.0,3,-12910495914.7,3,-12694310485.3,0,0.0,0,0.0,0,0.0,0,0.0,4,-12857294976.0,2,-12910483328.0,15,-12861697604.3,19,-12777916362.1,16,-12878053952.0,16,-12682102368.0,10,-12843136435.2,16,-12863530848.0,0,0.0,0,0.0,0,0.0,2,0.0,0,0.0,0,0.0,0,0.0,0,0.0,0,0.0,0,0.0,0,0.0,0,0.0,0,0.0,1,-12910501632.0,0,0.0,0,0.0,2,-12910512768.0,1,-12910465536.0,4,-12612583936.0,0,0.0,0,0.0,2,-12910499840.0,20,-12886823833.6,0,0.0,0,0.0,7,0.0,30,0.0,0,0.0,-0.113075634034,-0.176239418196,0.791442568937,-2.23547620221,0.138534231443,2.10251151331,1.3851304371,0.014425653033,0.014425653033,-0.367876648903,-16.4398933411,-3.81968927383,23.4259262085,1.33136045933,2.8885447979,0.202707067132,0.0,0.0,-0.312665074436,0.111343517301,0.36081865413,-0.316825174114,0.00988757933177,0.444156361929,0.000147347974123,0.0,0.0,0,0,0,0,0,0,0,0,0,0,0,0,0,0,2,0,1,0,0,0,0,0,0,0,0,0,0,0,0,0,1,0,1,0,1,0,0,0,0,0,0,0,0,0,0,0,0,0,0,0,0,0,0,0,0,0,0,0,0,0,0,0,0,0,0,0,0,0,0,0,0,0,0,0,0,0,0,0,0,0,0,0,0,0,0,0,0,0,0,0,0,0,0,0,1,0,0,0
1,-12910194176.0,0,0.0,1,-12910187520.0,4,-12910397504.0,3,-12910560512.0,0,0.0,0,0.0,2,-12910478720.0,2,-12806144000.0,0,0.0,0,0.0,0,0.0,0,0.0,2,-12804158464.0,1,-12910520832.0,10,-12833670835.2,14,-12903843931.4,16,-12878034144.0,16,-12723110912.0,21,-12809209234.3,14,-12886482230.9,0,0.0,0,0.0,0,0.0,2,0.0,0,0.0,0,0.0,0,0.0,0,0.0,0,0.0,0,0.0,0,0.0,0,0.0,0,0.0,4,-12800580800.0,0,0.0,0,0.0,3,-12910536277.3,4,-12857098560.0,6,-12645274538.7,0,0.0,1,-12910498304.0,4,-12910508352.0,0,0.0,2,-12910446592.0,3,-12876819712.0,5,0.0,28,0.0,0,0.0,-0.199449719371,-0.145813851983,0.89193342384,-2.32330286628,0.141423585108,2.22515021703,1.38513029514,0.0144258565491,0.0144258565491,-0.367668838728,-13.9749051503,-3.15139064335,21.8269780477,1.25727249895,2.79309017318,0.208208950503,0.0,0.0,-0.0761933034858,0.0278987684838,0.0873325919423,-0.0781855717684,0.0026626383626,0.109400627843,-9.66080846397e-06,0.0,0.0,0,0,0,0,1,0,0,0,0,0,0,0,0,0,0,0,0,0,0,0,0,0,0,0,0,0,0,0,0,0,0,0,0,0,0,0,0,0,0,0,1,0,0,0,0,0,0,0,0,0,0,0,0,0,0,0,0,0,0,0,0,0,0,0,0,0,0,0,0,0,0,0,0,0,0,0,0,0,1,0,0,0,0,0,1,0,0,0,0,0,0,0,0,0,1,0,0,0
0,0.0,0,0.0,0,0.0,2,-12910538880.0,1,-12910575872.0,0,0.0,0,0.0,2,-12803753600.0,4,-12751293312.0,0,0.0,0,0.0,0,0.0,0,0.0,3,-12910531840.0,4,-12749295744.0,19,-12871019088.8,15,-12901811626.7,0,0.0,20,-12884555814.4,15,-12887846707.2,13,-12759648886.2,0,0.0,0,0.0,0,0.0,1,0.0,0,0.0,0,0.0,0,0.0,0,0.0,0,0.0,0,0.0,0,0.0,0,0.0,0,0.0,2,-12910523776.0,0,0.0,0,0.0,2,-12910528640.0,1,-12910513664.0,5,-12257718016.0,0,0.0,0,0.0,2,-12910524288.0,33,-12284109560.2,1,-12703064832.0,0,0.0,8,0.0,35,0.0,0,0.0,-0.212965652055,-0.141019783841,0.907638578358,-2.33707457014,0.141890556931,2.24428521372,1.38513156844,0.0144256749501,0.0144256749501,-0.395515402158,-13.5425844193,-3.06259902318,21.4522018433,1.18530333042,2.72707629204,0.215524449944,0.0,0.0,0.000271407575591,-0.000221399784819,-3.04674653149e-05,0.0005437601545,0.000517955585803,3.55315793803e-05,7.24154526748e-05,0.0,0.0,0,0,0,0,0,0,0,0,0,0,0,0,0,0,0,0,0,0,0,0,0,0,0,0,0,0,1,0,0,0,0,0,1,0,0,0,0,0,2,0,0,0,0,0,0,0,0,0,0,0,0,0,0,0,0,0,0,0,0,0,0,0,0,0,0,0,0,0,0,0,0,0,0,0,1,5,0,0,0,0,0,0,0,0,0,0,1,0,0,0,0,0,0,0,2,0,0,0
0,0.0,0,0.0,0,0.0,3,-12910448469.3,4,-12857220160.0,0,0.0,0,0.0,3,-12839327829.3,2,-12910531712.0,11,-12172569088.0,48,-11300308597.3,1,885760.0,0,0.0,1,-12910511104.0,3,-12910610090.7,15,-12728472644.3,7,-12797473901.7,30,-12562743765.3,15,-12835132535.5,8,-12868134336.0,18,-12854518556.4,1,0.0,2,-12910503168.0,1,487936.0,1,0.0,0,0.0,0,0.0,0,0.0,0,0.0,0,0.0,0,0.0,1,-12910526976.0,0,0.0,0,0.0,2,-12910480768.0,0,0.0,0,0.0,3,-12910519978.7,4,-12749565888.0,0,0.0,0,0.0,0,0.0,3,-12910562048.0,48,-12712001626.7,5,-12909970944.0,6,-12909768618.7,9,0.0,24,0.0,0,0.0,-0.212965647321,-0.141018756763,0.907638059012,-2.33707385892,0.14189335323,2.24428559792,1.38513202227,0.0144259817898,0.0144259817898,-0.393763184547,-13.5535936356,-3.05449914932,21.4464492798,1.17569792271,2.72603869438,0.212045447901,0.0,0.0,0.000346530249061,0.000231817585684,-0.00028089296406,-0.000222998614524,5.1064940794e-05,6.55956486394e-05,9.17535828963e-05,0.0,0.0,0,0,0,0,0,0,0,0,0,0,0,0,0,0,0,0,0,0,1,0,1,0,0,0,0,0,0,0,0,0,1,0,0,0,1,0,0,0,0,0,1,0,1,0,0,0,1,0,1,0,0,0,0,0,0,0,0,0,0,0,0,0,0,0,0,0,0,0,0,0,0,0,0,0,0,0,0,0,0,0,0,0,0,0,0,0,1,1,0,0,0,0,0,0,0,0,0,0
0,0.0,0,0.0,0,0.0,2,-12910533632.0,2,-12910683648.0,0,0.0,0,0.0,3,-12910534656.0,2,-12808456192.0,1,-12910732288.0,6,-12858465621.3,0,0.0,0,0.0,5,-12837642086.4,2,-12910566912.0,12,-12848557610.7,16,-12436372640.0,15,-12842031445.3,14,-12866939172.6,22,-12769123688.7,12,-12854549674.7,0,0.0,0,0.0,0,0.0,0,0.0,0,0.0,0,0.0,0,0.0,0,0.0,0,0.0,0,0.0,0,0.0,0,0.0,0,0.0,4,-12785384768.0,0,0.0,0,0.0,2,-12910654592.0,2,-12910587648.0,0,0.0,0,0.0,0,0.0,2,-12910650496.0,24,-12808986346.7,1,-12496773888.0,0,0.0,5,0.0,30,0.0,0,0.0,-0.212967283987,-0.141020245468,0.907637110405,-2.33707206073,0.1418981018,2.24429016786,1.38513369162,0.0168882875957,0.0168882875957,-0.373070185835,-13.5420073596,-3.04101939635,21.4315719604,1.16694839434,2.71655050191,0.205262222073,0.0,0.0,-0.000300314786512,-0.000151447158343,-0.00029338553048,-0.000286532044853,-0.000110865250828,-9.16484782764e-05,0.000146415690459,0.0,0.0,0,0,0,0,0,0,0,0,1,0,0,0,0,0,0,0,0,0,0,0,0,0,0,0,0,0,0,0,0,0,0,0,1,0,0,0,1,0,1,0,0,0,0,0,0,0,0,0,0,0,0,0,0,0,0,0,0,0,0,0,0,0,0,0,0,0,0,0,0,0,0,0,0,0,0,0,0,0,0,0,0,0,0,0,0,0,0,0,0,0,0,0,0,0,1,0,0,0
0,0.0,0,0.0,0,0.0,3,-12693791744.0,3,-12910644394.7,0,0.0,0,0.0,2,-12910571648.0,3,-12909128618.7,4,-12804319296.0,8,-12838966624.0,0,0.0,1,-12910574592.0,2,-12910543616.0,2,-12910584320.0,14,-12803413979.4,20,-12865480998.4,13,-12910161998.8,15,-12876153344.0,11,-12841968779.6,15,-12865695283.2,0,0.0,0,0.0,0,0.0,0,0.0,0,0.0,0,0.0,0,0.0,0,0.0,0,0.0,0,0.0,0,0.0,0,0.0,0,0.0,4,-12856544192.0,0,0.0,0,0.0,3,-12840724480.0,2,-12910583040.0,0,0.0,0,0.0,0,0.0,2,-12910457728.0,20,-12885233958.4,0,0.0,0,0.0,12,0.0,37,0.0,0,0.0,-0.21296632566,-0.141023053915,0.907637610533,-2.3370673178,0.141900460475,2.24429559561,1.3851371135,0.0332588526336,0.0332588526336,-0.384431047873,-13.5142363635,-3.04805231094,21.3915384466,1.16736454313,2.70290082151,0.195482724092,0.0,0.0,0.00048838047982,0.000168506354603,-5.79267492765e-05,0.00037392560584,-0.000948593150158,-3.33298614659e-07,0.000149099666919,0.0,0.0,0,0,0,0,0,0,1,2,0,0,0,0,0,0,0,0,0,0,0,0,0,0,0,0,0,0,1,0,1,0,1,0,0,0,1,0,0,0,0,0,1,0,0,0,0,0,0,0,0,0,0,0,0,0,0,0,0,0,0,0,0,0,0,0,0,0,0,0,1,0,0,0,0,0,1,0,2,4,0,0,0,0,0,0,0,0,0,0,0,0,0,0,0,0,2,0,0,0
0,0.0,0,0.0,0,0.0,2,-12910619648.0,2,-12910652928.0,0,0.0,0,0.0,3,-12910605482.7,2,-12806261120.0,2,-12910602496.0,7,-12834377801.1,0,0.0,0,0.0,4,-12718278848.0,3,-12839209728.0,18,-12827524352.0,7,-12867405750.9,13,-12722162313.8,15,-12910174464.0,15,-12887848601.6,18,-12869304305.8,0,0.0,0,0.0,0,0.0,7,0.0,0,0.0,0,0.0,0,0.0,0,0.0,0,0.0,0,0.0,0,0.0,0,0.0,0,0.0,2,-12910614400.0,0,0.0,0,0.0,2,-12910631680.0,0,0.0,0,0.0,0,0.0,0,0.0,3,-12839798613.3,0,0.0,0,0.0,0,0.0,4,0.0,17,0.0,0,0.0,-0.212966657656,-0.141024556106,0.907638558777,-2.33706617913,0.14190151405,2.24429517617,1.38513533652,0.0348762017985,0.0348762017985,-0.383349061012,-13.5066143672,-3.05942519506,21.3702112834,1.16931211948,2.70962023735,0.220956579844,0.0,0.0,5.50927375373e-05,-0.000677845552479,8.55491597645e-05,-0.000517720136041,0.000392832273929,-5.90935718406e-05,-0.000786938393702,0.0,0.0,0,0,0,0,0,0,0,0,0,0,0,0,0,0,0,0,0,0,0,0,0,0,0,0,0,0,0,0,0,0,0,0,0,0,0,0,0,0,1,0,0,0,0,0,0,0,0,0,0,0,0,0,0,0,0,0,0,0,0,0,0,0,0,0,0,0,0,0,1,2,0,0,0,0,0,0,0,0,0,0,0,0,0,0,0,0,0,0,0,0,0,0,0,0,2,0,0,0
1,-12910597888.0,1,474880.0,0,0.0,3,-12910631594.7,2,-12910718208.0,0,0.0,0,0.0,0,0.0,3,-12838379178.7,3,-12696401920.0,7,-12831128283.4,0,0.0,0,0.0,2,-12910619904.0,3,-12910663253.3,11,-12842946699.6,22,-12769053684.4,14,-12836961755.4,2,-12910268288.0,19,-12782413419.8,15,-12861097949.9,0,0.0,0,0.0,0,0.0,2,0.0,0,0.0,0,0.0,0,0.0,0,0.0,0,0.0,0,0.0,0,0.0,0,0.0,0,0.0,2,-12910638208.0,0,0.0,0,0.0,3,-12840825770.7,6,-12545067861.3,2,-12910711168.0,1,-12910552832.0,0,0.0,4,-12910683136.0,0,0.0,0,0.0,1,-12910462208.0,9,0.0,40,0.0,0,0.0,-0.211506348537,-0.140025951109,0.901124364285,-2.32951034572,0.141066322835,2.23901160612,1.38093857414,0.0349267007489,0.0349267007489,-0.471464552377,-13.7110061144,-3.55795285576,21.9521215338,0.877808228919,2.61405524455,0.0276389670999,0.0,0.0,0.014187776228,0.00961735474767,-0.0596003018531,0.0692473962236,-0.00745677505319,-0.0490785457167,-0.0395999661099,0.0,0.0,0,0,1,0,0,0,0,0,0,0,0,0,0,0,0,0,0,0,0,0,1,0,0,0,0,0,0,0,0,0,1,0,0,0,1,0,0,0,1,0,1,0,0,0,0,0,0,0,0,0,0,0,0,0,0,0,0,0,0,0,0,0,0,0,0,0,0,0,0,0,0,0,0,0,0,0,0,0,1,0,0,0,0,0,0,0,0,0,0,0,1,0,0,0,1,0,0,0
0,0.0,0,0.0,0,0.0,3,-12840625237.3,3,-12839575210.7,0,0.0,0,0.0,0,0.0,3,-12841013248.0,2,-12910643328.0,12,-12744747114.7,0,0.0,0,0.0,3,-12910604117.3,2,-12803562496.0,10,-12837565721.6,0,0.0,17,-12820191789.2,26,-12509354289.2,12,-12738291370.7,15,-12910368580.3,0,0.0,0,0.0,0,0.0,2,0.0,0,0.0,0,0.0,0,0.0,0,0.0,0,0.0,0,0.0,0,0.0,0,0.0,0,0.0,3,-12838603605.3,0,0.0,0,0.0,2,-12910648064.0,2,-12910618112.0,15,-12794492262.4,0,0.0,0,0.0,2,-12910678016.0,57,-11853915468.4,1,-12497254400.0,0,0.0,7,0.0,28,0.0,0,0.0,-0.191365667806,-0.126617438203,0.814693968093,-2.22921702264,0.12793244166,2.16815830525,1.32395765899,0.0349267870188,0.0349267870188,-0.420046448708,-16.3450752099,-3.78067763646,23.2948735555,0.189560562372,2.48571276665,-0.28783246999,0.0,0.0,0.0727005796157,0.0477629802762,-0.310983657543,0.357283128563,-0.0484833253555,-0.25518571898,-0.203624722242,0.0,0.0,0,0,0,0,0,0,1,0,0,0,0,0,0,0,1,0,1,0,0,0,0,0,0,0,0,0,0,0,0,0,0,0,0,0,0,0,1,0,1,0,0,0,0,0,0,0,0,0,0,0,0,0,0,0,0,0,0,0,0,0,0,0,0,0,0,0,0,0,0,0,0,0,0,0,0,0,0,0,0,0,0,0,0,0,0,0,1,0,1,0,0,0,0,0,0,0,0,0
0,0.0,0,0.0,0,0.0,3,-12910626389.3,3,-12910716842.7,0,0.0,0,0.0,7,-12591546075.4,2,-12910662528.0,3,-12839845632.0,9,-12860487452.4,0,0.0,0,0.0,2,-12804349184.0,3,-12839181994.7,23,-12756714540.5,16,-12275537552.0,13,-12831440797.5,6,-12824667136.0,18,-12873101141.3,13,-12884688758.2,0,0.0,0,0.0,0,0.0,2,0.0,0,0.0,0,0.0,0,0.0,0,0.0,0,0.0,0,0.0,0,0.0,0,0.0,0,0.0,3,-12910384810.7,0,0.0,0,0.0,3,-12840882005.3,3,-12695920469.3,10,-12880469836.8,0,0.0,0,0.0,3,-12910685098.7,0,0.0,0,0.0,0,0.0,9,0.0,32,0.0,0,0.0,-0.133686477978,-0.0883923072871,0.569203638485,-1.94425392172,0.0894619798564,1.96672688577,1.16164746848,0.0349266595311,0.0349266595311,-0.415748556455,-22.9521482256,-2.58520233631,23.7134221395,0.297262181838,2.52477526665,-0.261587358183,0.0,0.0,0.141437447955,0.0925435637138,-0.602397051546,0.707097534863,-0.0944614516588,-0.497734300877,-0.402412969884,0.0,0.0,0,0,0,0,0,0,0,0,0,0,0,0,0,0,1,0,0,0,0,0,0,0,0,0,0,0,0,0,0,0,1,0,1,0,1,0,0,0,0,0,1,0,0,0,0,0,0,0,0,0,0,0,0,0,0,0,0,0,0,0,0,0,0,0,0,0,0,0,0,0,0,0,0,0,0,0,0,0,0,0,0,0,0,0,1,0,1,1,0,0,0,0,0,0,2,0,0,0
0,0.0,0,0.0,0,0.0,2,-12910639232.0,2,-12910738560.0,0,0.0,0,0.0,3,-12910682709.3,3,-12910674773.3,2,-12910698624.0,6,-12910592000.0,0,0.0,0,0.0,3,-12839784277.3,2,-12910607360.0,5,-12910385049.6,29,-12725374702.3,16,-12830250976.0,22,-12781387310.5,8,-12910174240.0,12,-12749523029.3,0,0.0,0,0.0,0,0.0,1,0.0,0,0.0,0,0.0,0,0.0,0,0.0,0,0.0,0,0.0,0,0.0,0,0.0,0,0.0,2,-12910705536.0,0,0.0,0,0.0,2,-12910667648.0,2,-12910711040.0,10,-12850357196.8,0,0.0,0,0.0,2,-12910744448.0,48,-12024623856.0,0,0.0,0,0.0,4,0.0,34,0.0,0,0.0,-0.0707937788117,-0.0467389964401,0.301348163453,-1.63339593179,0.0475155572201,1.74705884065,0.98462774197,0.0349264591932,0.0349264591932,0.791959166527,-27.2650279999,-0.141519904137,22.6490325928,0.382851276547,2.47941851616,-0.316671581939,0.0,0.0,0.139827422819,0.0933386591514,-0.603190231577,0.69199004881,-0.0949221640516,-0.489363760629,-0.396210918568,0.0,0.0,0,0,0,0,0,0,0,0,0,0,0,0,0,0,0,0,0,0,0,0,0,0,0,0,0,0,0,0,0,0,0,0,0,0,0,0,0,0,0,0,0,0,0,0,0,0,0,0,0,0,0,0,0,0,0,0,0,0,0,0,0,0,0,0,0,0,0,0,0,0,0,0,0,0,1,5,0,0,0,0,0,0,0,0,0,0,1,2,0,0,0,0,0,0,1,0,0,0
0,0.0,0,0.0,0,0.0,3,-12910715306.7,3,-12910763690.7,0,0.0,0,0.0,2,-12803882752.0,2,-12806303232.0,3,-12910773589.3,6,-12910626090.7,0,0.0,0,0.0,2,-12804124800.0,3,-12910580565.3,24,-12796169333.3,9,-12772957041.8,13,-12831708553.8,14,-12873640612.6,15,-12760358536.5,20,-12816144140.8,0,0.0,0,0.0,0,0.0,1,0.0,0,0.0,0,0.0,0,0.0,0,0.0,0,0.0,0,0.0,0,0.0,0,0.0,0,0.0,1,-12910713088.0,0,0.0,0,0.0,2,-12598095104.0,3,-12695921493.3,10,-12838220160.0,0,0.0,0,0.0,3,-12910745429.3,37,-12570328790.5,0,0.0,0,0.0,10,0.0,20,0.0,0,0.0,-0.0288824224689,-0.0189673914508,0.122715550595,-1.42613273661,0.0195523368281,1.6005475544,0.866594071933,0.0349265903234,0.0349265903234,1.03297174772,-27.9610220591,0.404279351234,21.6357549032,0.356079727411,2.61190295219,-0.342153757811,0.0,0.0,0.0832147977285,0.0551380354637,-0.359062712225,0.412569048147,-0.0551261013235,-0.292122591613,-0.236078599158,0.0,0.0,0,0,0,0,0,0,0,0,0,0,0,0,0,0,0,0,0,0,0,0,1,0,0,0,0,0,1,0,0,0,1,0,0,0,1,0,0,0,2,0,1,0,0,0,0,0,0,0,0,0,0,0,0,0,0,0,0,0,0,0,0,0,0,0,0,0,0,0,0,0,0,0,0,0,0,0,0,0,1,0,0,0,0,0,0,0,0,0,0,0,0,0,0,0,2,0,0,0
1,-12910568192.0,0,0.0,1,-12910490624.0,0,0.0,2,-12910770304.0,0,0.0,0,0.0,3,-12910709418.7,3,-12910727936.0,2,-12910771072.0,7,-12910617600.0,0,0.0,0,0.0,1,-12910728960.0,0,0.0,15,-12727724032.0,17,-12852166038.6,9,-12843739249.8,18,-12853365176.9,19,-12786341739.8,4,-12910494592.0,0,0.0,0,0.0,0,0.0,4,0.0,0,0.0,0,0.0,0,0.0,0,0.0,0,0.0,0,0.0,0,0.0,0,0.0,0,0.0,0,0.0,0,0.0,0,0.0,2,-12785968384.0,2,-12910742272.0,3,-12781504256.0,0,0.0,1,-12910735104.0,3,-12776859648.0,25,-12455004846.1,3,-12906329685.3,1,-12910329088.0,3,0.0,16,0.0,0,0.0,-0.00237733297588,-0.00140133523199,0.0101361065845,-1.2954441188,0.00193689979637,1.50817299633,0.792171506798,0.0349266662409,0.0349266662409,0.49905867953,-28.0673592216,-0.144208261841,20.8226980912,0.279390659771,2.7596240922,-0.335777190171,0.0,0.0,0.0178200421833,0.0117456707612,-0.0721292723373,0.0848921899889,-0.0122893933846,-0.0596153936286,-0.0489834547367,0.0,0.0,0,0,0,0,0,0,0,0,0,0,0,0,0,0,0,0,0,0,1,0,0,0,0,0,0,0,0,0,0,0,0,0,0,0,0,0,1,0,0,0,0,0,0,0,0,0,0,0,0,0,0,0,0,0,0,0,0,0,0,0,0,0,0,0,0,0,0,0,0,0,0,0,0,0,0,0,0,0,0,0,0,0,1,0,0,0,0,0,0,0,0,0,0,0,0,0,0,0
0,0.0,0,0.0,0,0.0,6,-12643239253.3,3,-12839617450.7,0,0.0,0,0.0,2,-12910723584.0,1,-12910721792.0,3,-12910760533.3,5,-12795666124.8,0,0.0,0,0.0,4,-12750058816.0,2,-12595809920.0,11,-12844975010.9,18,-12857058375.1,0,0.0,2,-12910307200.0,6,-12854632277.3,0,0.0,0,0.0,0,0.0,0,0.0,1,0.0,0,0.0,0,0.0,0,0.0,0,0.0,0,0.0,0,0.0,0,0.0,0,0.0,0,0.0,7,-12587963062.9,0,0.0,0,0.0,4,-12805865856.0,3,-12839449429.3,0,0.0,0,0.0,0,0.0,1,-12910745344.0,40,-12796312723.2,0,0.0,2,-12497430528.0,10,0.0,51,0.0,0,0.0,5.58931796643e-05,0.000242126400967,1.30280335201e-05,-1.2837109571,0.000341129267999,1.49986959246,0.785483838487,0.0349264591932,0.0349264591932,0.170087218285,-28.4049612681,-0.349637071292,20.8582992554,0.295075088739,2.83437609673,-0.282949658732,0.0,0.0,-0.000480497311383,0.000165093595174,-0.00136359088113,0.000670493852737,0.00145855611355,-0.000170459165929,0.000105177890647,0.0,0.0,0,0,0,0,0,0,1,3,1,0,0,0,0,0,0,0,0,0,0,0,0,0,0,0,0,0,1,0,0,0,0,0,1,0,0,0,0,0,0,0,0,0,0,0,0,0,0,0,0,0,0,0,0,0,0,0,0,0,0,0,0,0,0,0,0,0,0,0,0,0,0,0,0,0,1,0,2,3,0,0,0,0,0,0,0,0,1,0,0,0,0,0,0,0,2,0,0,0
0,0.0,0,0.0,0,0.0,2,-12910744576.0,1,-12910811392.0,0,0.0,0,0.0,3,-12910733568.0,4,-12858587264.0,2,-12910807040.0,3,-12907878144.0,0,0.0,0,0.0,3,-12910715989.3,5,-12772098048.0,8,-12818778112.0,16,-12907645280.0,39,-12524549323.5,0,0.0,0,0.0,0,0.0,0,0.0,0,0.0,0,0.0,0,0.0,0,0.0,0,0.0,0,0.0,0,0.0,0,0.0,0,0.0,0,0.0,0,0.0,0,0.0,2,-12910718976.0,0,0.0,0,0.0,2,-12910792576.0,2,-12910767488.0,0,0.0,0,0.0,0,0.0,3,-12696582826.7,26,-12890057432.6,0,0.0,0,0.0,6,0.0,26,0.0,0,0.0,0.0,0.0,0.0,0.0,0.0,0.0,0.0,0.0,0.0,0.0,0.0,0.0,0.0,0.0,0.0,0.0,0.0,0.0,0.0,0.0,0.0,0.0,0.0,0.0,0.0,0.0,0.0,0,0,0,0,0,0,0,0,0,0,0,0,0,0,0,0,0,0,0,0,0,0,0,0,0,0,0,0,1,0,1,0,0,0,1,0,0,0,0,0,0,0,0,0,0,0,0,0,0,0,0,0,0,0,0,0,0,0,0,0,0,0,0,0,0,0,0,0,2,4,0,0,0,0,0,0,0,0,0,0,0,0,0,0,0,0,0,0,0,0,0,0,0,0,1,0,0,0
0,0.0,0,0.0,0,0.0,2,-12910794112.0,4,-12803987904.0,0,0.0,0,0.0,2,-12910730624.0,2,-12910772608.0,3,-12910828202.7,0,0.0,0,0.0,0,0.0,0,0.0,3,-12910799445.3,25,-12728588236.8,5,-12903312896.0,10,-12689616870.4,0,0.0,0,0.0,56,-12196966230.9,0,0.0,0,0.0,0,0.0,0,0.0,0,0.0,0,0.0,0,0.0,0,0.0,0,0.0,0,0.0,0,0.0,0,0.0,0,0.0,2,-12910654848.0,0,0.0,0,0.0,3,-12840901376.0,3,-12910785621.3,0,0.0,0,0.0,0,0.0,3,-12839916629.3,19,-12862460025.3,0,0.0,0,0.0,3,0.0,31,0.0,0,0.0,0.0,0.0,0.0,0.0,0.0,0.0,0.0,0.0,0.0,0.0,0.0,0.0,0.0,0.0,0.0,0.0,0.0,0.0,0.0,0.0,0.0,0.0,0.0,0.0,0.0,0.0,0.0,0,0,0,0,0,0,0,0,0,0,0,0,0,0,0,0,0,0,0,0,0,0,0,0,0,0,0,0,0,0,0,0,0,0,0,0,0,0,1,0,1,0,0,0,0,0,0,0,0,0,0,0,0,0,0,0,0,0,0,0,0,0,0,0,0,0,0,0,0,0,0,0,0,0,0,0,0,0,0,0,0,0,0,0,0,0,0,0,0,0,0,0,0,0,1,0,0,0
