Counter(/amcl/parameter_descriptions),Messages-Age(/amcl/parameter_descriptions),Counter(/amcl/parameter_updates),Messages-Age(/amcl/parameter_updates),Counter(/amcl_pose),Messages-Age(/amcl_pose),Counter(/clock),Messages-Age(/clock),Counter(/cmd_vel),Messages-Age(/cmd_vel),Counter(/diagnostics),Messages-Age(/diagnostics),Counter(/imu),Messages-Age(/imu),Counter(/joint_states),Messages-Age(/joint_states),Counter(/map),Messages-Age(/map),Counter(/map_metadata),Messages-Age(/map_metadata),Counter(/move_base/DWAPlannerROS/cost_cloud),Messages-Age(/move_base/DWAPlannerROS/cost_cloud),Counter(/move_base/DWAPlannerROS/global_plan),Messages-Age(/move_base/DWAPlannerROS/global_plan),Counter(/move_base/DWAPlannerROS/local_plan),Messages-Age(/move_base/DWAPlannerROS/local_plan),Counter(/move_base/DWAPlannerROS/parameter_descriptions),Messages-Age(/move_base/DWAPlannerROS/parameter_descriptions),Counter(/move_base/DWAPlannerROS/parameter_updates),Messages-Age(/move_base/DWAPlannerROS/parameter_updates),Counter(/move_base/DWAPlannerROS/trajectory_cloud),Messages-Age(/move_base/DWAPlannerROS/trajectory_cloud),Counter(/move_base/NavfnROS/plan),Messages-Age(/move_base/NavfnROS/plan),Counter(/move_base/current_goal),Messages-Age(/move_base/current_goal),Counter(/move_base/feedback),Messages-Age(/move_base/feedback),Counter(/move_base/global_costmap/costmap),Messages-Age(/move_base/global_costmap/costmap),Counter(/move_base/global_costmap/costmap_updates),Messages-Age(/move_base/global_costmap/costmap_updates),Counter(/move_base/global_costmap/footprint),Messages-Age(/move_base/global_costmap/footprint),Counter(/move_base/global_costmap/inflation_layer/parameter_descriptions),Messages-Age(/move_base/global_costmap/inflation_layer/parameter_descriptions),Counter(/move_base/global_costmap/inflation_layer/parameter_updates),Messages-Age(/move_base/global_costmap/inflation_layer/parameter_updates),Counter(/move_base/global_costmap/obstacle_layer/parameter_descriptions),Messages-Age(/move_base/global_costmap/obstacle_layer/parameter_descriptions),Counter(/move_base/global_costmap/obstacle_layer/parameter_updates),Messages-Age(/move_base/global_costmap/obstacle_layer/parameter_updates),Counter(/move_base/global_costmap/parameter_descriptions),Messages-Age(/move_base/global_costmap/parameter_descriptions),Counter(/move_base/global_costmap/parameter_updates),Messages-Age(/move_base/global_costmap/parameter_updates),Counter(/move_base/global_costmap/static_layer/parameter_descriptions),Messages-Age(/move_base/global_costmap/static_layer/parameter_descriptions),Counter(/move_base/global_costmap/static_layer/parameter_updates),Messages-Age(/move_base/global_costmap/static_layer/parameter_updates),Counter(/move_base/goal),Messages-Age(/move_base/goal),Counter(/move_base/local_costmap/costmap),Messages-Age(/move_base/local_costmap/costmap),Counter(/move_base/local_costmap/costmap_updates),Messages-Age(/move_base/local_costmap/costmap_updates),Counter(/move_base/local_costmap/footprint),Messages-Age(/move_base/local_costmap/footprint),Counter(/move_base/local_costmap/inflation_layer/parameter_descriptions),Messages-Age(/move_base/local_costmap/inflation_layer/parameter_descriptions),Counter(/move_base/local_costmap/inflation_layer/parameter_updates),Messages-Age(/move_base/local_costmap/inflation_layer/parameter_updates),Counter(/move_base/local_costmap/obstacle_layer/parameter_descriptions),Messages-Age(/move_base/local_costmap/obstacle_layer/parameter_descriptions),Counter(/move_base/local_costmap/obstacle_layer/parameter_updates),Messages-Age(/move_base/local_costmap/obstacle_layer/parameter_updates),Counter(/move_base/local_costmap/parameter_descriptions),Messages-Age(/move_base/local_costmap/parameter_descriptions),Counter(/move_base/local_costmap/parameter_updates),Messages-Age(/move_base/local_costmap/parameter_updates),Counter(/move_base/parameter_descriptions),Messages-Age(/move_base/parameter_descriptions),Counter(/move_base/parameter_updates),Messages-Age(/move_base/parameter_updates),Counter(/move_base/result),Messages-Age(/move_base/result),Counter(/move_base/status),Messages-Age(/move_base/status),Counter(/odom),Messages-Age(/odom),Counter(/particlecloud),Messages-Age(/particlecloud),Counter(/rosout),Messages-Age(/rosout),Counter(/rosout_agg),Messages-Age(/rosout_agg),Counter(/scan),Messages-Age(/scan),Counter(/statistics),Messages-Age(/statistics),Counter(/tf),Messages-Age(/tf),Counter(/tf_static),Messages-Age(/tf_static),linear velocity x,linear velocity y,angular velocity z,/amcl/parameter_descriptions Active Connections,/amcl/parameter_descriptions Dropped,/amcl/parameter_updates Active Connections,/amcl/parameter_updates Dropped,/amcl_pose Active Connections,/amcl_pose Dropped,/clock Active Connections,/clock Dropped,/cmd_vel Active Connections,/cmd_vel Dropped,/diagnostics Active Connections,/diagnostics Dropped,/imu Active Connections,/imu Dropped,/joint_states Active Connections,/joint_states Dropped,/map Active Connections,/map Dropped,/map_metadata Active Connections,/map_metadata Dropped,/move_base/DWAPlannerROS/cost_cloud Active Connections,/move_base/DWAPlannerROS/cost_cloud Dropped,/move_base/DWAPlannerROS/global_plan Active Connections,/move_base/DWAPlannerROS/global_plan Dropped,/move_base/DWAPlannerROS/local_plan Active Connections,/move_base/DWAPlannerROS/local_plan Dropped,/move_base/DWAPlannerROS/parameter_descriptions Active Connections,/move_base/DWAPlannerROS/parameter_descriptions Dropped,/move_base/DWAPlannerROS/parameter_updates Active Connections,/move_base/DWAPlannerROS/parameter_updates Dropped,/move_base/DWAPlannerROS/trajectory_cloud Active Connections,/move_base/DWAPlannerROS/trajectory_cloud Dropped,/move_base/NavfnROS/plan Active Connections,/move_base/NavfnROS/plan Dropped,/move_base/current_goal Active Connections,/move_base/current_goal Dropped,/move_base/feedback Active Connections,/move_base/feedback Dropped,/move_base/global_costmap/costmap Active Connections,/move_base/global_costmap/costmap Dropped,/move_base/global_costmap/costmap_updates Active Connections,/move_base/global_costmap/costmap_updates Dropped,/move_base/global_costmap/footprint Active Connections,/move_base/global_costmap/footprint Dropped,/move_base/global_costmap/inflation_layer/parameter_descriptions Active Connections,/move_base/global_costmap/inflation_layer/parameter_descriptions Dropped,/move_base/global_costmap/inflation_layer/parameter_updates Active Connections,/move_base/global_costmap/inflation_layer/parameter_updates Dropped,/move_base/global_costmap/obstacle_layer/parameter_descriptions Active Connections,/move_base/global_costmap/obstacle_layer/parameter_descriptions Dropped,/move_base/global_costmap/obstacle_layer/parameter_updates Active Connections,/move_base/global_costmap/obstacle_layer/parameter_updates Dropped,/move_base/global_costmap/parameter_descriptions Active Connections,/move_base/global_costmap/parameter_descriptions Dropped,/move_base/global_costmap/parameter_updates Active Connections,/move_base/global_costmap/parameter_updates Dropped,/move_base/global_costmap/static_layer/parameter_descriptions Active Connections,/move_base/global_costmap/static_layer/parameter_descriptions Dropped,/move_base/global_costmap/static_layer/parameter_updates Active Connections,/move_base/global_costmap/static_layer/parameter_updates Dropped,/move_base/goal Active Connections,/move_base/goal Dropped,/move_base/local_costmap/costmap Active Connections,/move_base/local_costmap/costmap Dropped,/move_base/local_costmap/costmap_updates Active Connections,/move_base/local_costmap/costmap_updates Dropped,/move_base/local_costmap/footprint Active Connections,/move_base/local_costmap/footprint Dropped,/move_base/local_costmap/inflation_layer/parameter_descriptions Active Connections,/move_base/local_costmap/inflation_layer/parameter_descriptions Dropped,/move_base/local_costmap/inflation_layer/parameter_updates Active Connections,/move_base/local_costmap/inflation_layer/parameter_updates Dropped,/move_base/local_costmap/obstacle_layer/parameter_descriptions Active Connections,/move_base/local_costmap/obstacle_layer/parameter_descriptions Dropped,/move_base/local_costmap/obstacle_layer/parameter_updates Active Connections,/move_base/local_costmap/obstacle_layer/parameter_updates Dropped,/move_base/local_costmap/parameter_descriptions Active Connections,/move_base/local_costmap/parameter_descriptions Dropped,/move_base/local_costmap/parameter_updates Active Connections,/move_base/local_costmap/parameter_updates Dropped,/move_base/parameter_descriptions Active Connections,/move_base/parameter_descriptions Dropped,/move_base/parameter_updates Active Connections,/move_base/parameter_updates Dropped,/move_base/result Active Connections,/move_base/result Dropped,/move_base/status Active Connections,/move_base/status Dropped,/odom Active Connections,/odom Dropped,/particlecloud Active Connections,/particlecloud Dropped,/rosout Active Connections,/rosout Dropped,/rosout_agg Active Connections,/rosout_agg Dropped,/scan Active Connections,/scan Dropped,/statistics Active Connections,/statistics Dropped,/tf Active Connections,/tf Dropped,/tf_static Active Connections,/tf_static Dropped
1,0.0,1,0.0,1,2309000000.0,1028,0.0,0,0.0,1,0.0,1046,5007648.18356,32,4406250.0,1,1.79702e+11,1,0.0,0,0.0,0,0.0,0,0.0,1,0.0,1,0.0,0,0.0,0,0.0,0,0.0,0,0.0,1,5000000.0,6,2500000.0,10,2400000.0,1,0.0,1,0.0,1,0.0,1,0.0,1,0.0,1,0.0,1,0.0,1,0.0,0,0.0,1,107000000.0,6,2666666.66667,10,1700000.0,1,0.0,1,0.0,1,0.0,1,0.0,1,0.0,1,0.0,1,0.0,1,0.0,0,0.0,7,53000000.0,33,7151515.15152,1,2290000000.0,28,28811250000.0,21,54142857.1429,5,2200000.0,5,0.0,65,0.0,1,0.0,0.0,0.0,0.0,0,0,0,0,0,0,0,0,0,0,0,0,1,0,1,0,0,0,0,0,0,0,0,0,0,0,0,0,0,0,0,0,0,0,0,0,0,0,0,0,0,0,0,0,0,0,0,0,0,0,0,0,0,0,0,0,0,0,0,0,0,0,0,0,0,0,0,0,0,0,0,0,0,0,0,0,0,0,0,0,0,0,0,0,0,0,2,0,1,0,0,0,0,0,0,0,0,0,0,0,0,0,0,0
0,0.0,0,0.0,0,0.0,991,0.0,8,0.0,1,0.0,880,-707954.545455,30,5766666.66667,0,0.0,0,0.0,7,6857142.85714,7,-418857142.857,7,7571428.57143,0,0.0,0,0.0,7,6428571.42857,8,2500000.0,1,0.0,8,5375000.0,0,0.0,6,2833333.33333,10,5300000.0,0,0.0,0,0.0,0,0.0,0,0.0,0,0.0,0,0.0,0,0.0,0,0.0,1,0.0,0,0.0,5,10400000.0,10,8800000.0,0,0.0,0,0.0,0,0.0,0,0.0,0,0.0,0,0.0,0,0.0,0,0.0,0,0.0,6,4833333.33333,30,5900000.0,0,0.0,4,7500000.0,4,7500000.0,5,3400000.0,16,0.0,65,0.0,0,0.0,0.18382079713,5.5341876088e-05,-0.151425906923,0,0,0,0,0,0,0,0,0,0,0,0,1,0,1,0,0,0,0,0,0,0,0,0,0,0,0,0,0,0,0,0,0,0,0,0,1,0,0,0,1,0,1,0,0,0,0,0,0,0,0,0,0,0,0,0,0,0,0,0,0,0,0,0,1,0,1,0,0,0,0,0,0,0,0,0,0,0,0,0,0,0,0,0,0,0,0,0,1,0,0,0,1,0,1,0,1,0,0,0,3,0,0,0
0,0.0,0,0.0,1,54000000.0,1001,0.0,10,0.0,1,0.0,928,1797413.7931,30,5033333.33333,0,0.0,0,0.0,10,4900000.0,10,-388800000.0,10,5200000.0,0,0.0,0,0.0,10,5000000.0,10,9800000.0,0,0.0,10,11500000.0,0,0.0,5,4800000.0,10,3900000.0,0,0.0,0,0.0,0,0.0,0,0.0,0,0.0,0,0.0,0,0.0,0,0.0,0,0.0,4,8000000.0,1,3000000.0,10,5600000.0,0,0.0,0,0.0,0,0.0,0,0.0,0,0.0,0,0.0,0,0.0,0,0.0,0,0.0,5,9800000.0,30,5133333.33333,1,28000000.0,5,13200000.0,5,13600000.0,5,1600000.0,21,0.0,65,0.0,0,0.0,0.215879021585,5.35215177479e-05,-0.223543222249,0,0,0,0,1,0,0,0,1,0,1,0,1,0,1,0,0,0,0,0,1,0,1,0,1,0,0,0,0,0,1,0,1,0,0,0,1,0,0,0,0,0,1,0,0,0,0,0,0,0,0,0,0,0,0,0,0,0,0,0,0,0,1,0,0,0,1,0,0,0,0,0,0,0,0,0,0,0,0,0,0,0,0,0,0,0,2,0,1,0,1,0,0,0,1,0,0,0,0,0,0,0,0,0
0,0.0,0,0.0,1,41000000.0,1001,0.0,10,0.0,1,12000000.0,942,1726114.64968,30,3900000.0,0,0.0,0,0.0,10,4300000.0,10,-392400000.0,10,4200000.0,0,0.0,0,0.0,10,4400000.0,10,5900000.0,0,0.0,10,6800000.0,0,0.0,5,4400000.0,10,4500000.0,0,0.0,0,0.0,0,0.0,0,0.0,0,0.0,0,0.0,0,0.0,0,0.0,0,0.0,5,2800000.0,0,0.0,10,3100000.0,0,0.0,0,0.0,0,0.0,0,0.0,0,0.0,0,0.0,0,0.0,0,0.0,0,0.0,5,6800000.0,30,5433333.33333,1,14000000.0,5,6800000.0,5,6800000.0,5,1000000.0,18,0.0,65,0.0,0,0.0,0.218635976315,6.06896217505e-05,-0.154260089528,0,0,0,0,0,0,0,0,1,0,0,0,1,0,0,0,0,0,0,0,1,0,1,0,1,0,0,0,0,0,1,0,1,0,0,0,1,0,0,0,1,0,1,0,0,0,0,0,0,0,0,0,0,0,0,0,0,0,0,0,0,0,0,0,0,0,1,0,0,0,0,0,0,0,0,0,0,0,0,0,0,0,0,0,0,0,0,0,0,0,0,0,1,0,0,0,1,0,0,0,3,0,0,0
0,0.0,0,0.0,1,28000000.0,1001,0.0,10,0.0,0,0.0,919,2573449.40152,30,3500000.0,0,0.0,0,0.0,10,6400000.0,10,-393900000.0,10,6800000.0,0,0.0,0,0.0,10,6500000.0,10,7800000.0,0,0.0,10,4500000.0,0,0.0,7,6571428.57143,10,5300000.0,0,0.0,0,0.0,0,0.0,0,0.0,0,0.0,0,0.0,0,0.0,0,0.0,0,0.0,3,9666666.66667,2,6000000.0,10,4800000.0,0,0.0,0,0.0,0,0.0,0,0.0,0,0.0,0,0.0,0,0.0,0,0.0,0,0.0,5,6400000.0,30,3600000.0,1,3000000.0,5,6400000.0,5,6600000.0,5,17000000.0,17,0.0,65,0.0,0,0.0,0.217366892099,4.13546646598e-06,0.0127628327813,0,0,0,0,0,0,0,0,1,0,0,0,1,0,1,0,0,0,0,0,1,0,1,0,1,0,0,0,0,0,1,0,1,0,0,0,1,0,0,0,0,0,1,0,0,0,0,0,0,0,0,0,0,0,0,0,0,0,0,0,0,0,1,0,1,0,1,0,0,0,0,0,0,0,0,0,0,0,0,0,0,0,0,0,0,0,0,0,1,0,0,0,0,0,1,0,0,0,0,0,0,0,0,0
0,0.0,0,0.0,1,36000000.0,1003,0.0,10,0.0,1,0.0,944,186440.677966,30,3200000.0,0,0.0,0,0.0,10,6300000.0,10,-391900000.0,10,5600000.0,0,0.0,0,0.0,10,6500000.0,10,6000000.0,0,0.0,10,4700000.0,0,0.0,7,1857142.85714,10,3800000.0,0,0.0,0,0.0,0,0.0,0,0.0,0,0.0,0,0.0,0,0.0,0,0.0,0,0.0,5,1000000.0,1,0.0,10,3500000.0,0,0.0,0,0.0,0,0.0,0,0.0,0,0.0,0,0.0,0,0.0,0,0.0,0,0.0,5,8000000.0,30,3266666.66667,1,16000000.0,5,8000000.0,5,9000000.0,5,2800000.0,26,0.0,65,0.0,0,0.0,0.218676005304,5.4796259974e-06,0.0460313823074,0,0,0,0,1,0,0,0,1,0,1,0,1,0,1,0,0,0,0,0,1,0,1,0,1,0,0,0,0,0,1,0,1,0,0,0,2,0,0,0,1,0,1,0,0,0,0,0,0,0,0,0,0,0,0,0,0,0,0,0,0,0,0,0,0,0,1,0,0,0,0,0,0,0,0,0,0,0,0,0,0,0,0,0,0,0,2,0,1,0,1,0,1,0,0,0,1,0,0,0,3,0,0,0
0,0.0,0,0.0,1,25000000.0,999,0.0,10,0.0,1,0.0,942,1557324.84076,30,4300000.0,0,0.0,0,0.0,10,4500000.0,10,-377600000.0,10,3400000.0,0,0.0,0,0.0,10,3600000.0,10,4200000.0,0,0.0,10,6800000.0,0,0.0,6,3166666.66667,10,5700000.0,0,0.0,0,0.0,0,0.0,0,0.0,0,0.0,0,0.0,0,0.0,0,0.0,0,0.0,4,500000.0,1,2000000.0,10,4100000.0,0,0.0,0,0.0,0,0.0,0,0.0,0,0.0,0,0.0,0,0.0,0,0.0,0,0.0,5,5600000.0,30,4733333.33333,1,5000000.0,5,5800000.0,5,6600000.0,5,3200000.0,15,0.0,65,0.0,0,0.0,0.21868301332,4.91431064802e-06,0.0306706527248,0,0,0,0,0,0,0,0,1,0,0,0,1,0,1,0,0,0,0,0,1,0,1,0,1,0,0,0,0,0,1,0,1,0,0,0,1,0,0,0,0,0,1,0,0,0,0,0,0,0,0,0,0,0,0,0,0,0,0,0,0,0,0,0,0,0,1,0,0,0,0,0,0,0,0,0,0,0,0,0,0,0,0,0,0,0,0,0,1,0,0,0,0,0,1,0,0,0,0,0,0,0,0,0
0,0.0,0,0.0,1,33000000.0,1001,0.0,10,0.0,1,0.0,934,995717.344754,30,3566666.66667,0,0.0,0,0.0,10,7300000.0,10,-390700000.0,10,6800000.0,0,0.0,0,0.0,10,7300000.0,10,2300000.0,0,0.0,10,4200000.0,0,0.0,7,7428571.42857,10,6000000.0,0,0.0,0,0.0,0,0.0,0,0.0,0,0.0,0,0.0,0,0.0,0,0.0,0,0.0,5,3400000.0,0,0.0,10,2500000.0,0,0.0,0,0.0,0,0.0,0,0.0,0,0.0,0,0.0,0,0.0,0,0.0,0,0.0,5,5000000.0,30,3833333.33333,1,9000000.0,5,5000000.0,5,5000000.0,5,2800000.0,22,0.0,65,0.0,0,0.0,0.211876915395,4.97926942444e-05,-0.142927531712,0,0,0,0,0,0,0,0,1,0,0,0,1,0,1,0,0,0,0,0,1,0,1,0,1,0,0,0,0,0,1,0,1,0,0,0,1,0,0,0,1,0,1,0,0,0,0,0,0,0,0,0,0,0,0,0,0,0,0,0,0,0,0,0,0,0,1,0,0,0,0,0,0,0,0,0,0,0,0,0,0,0,0,0,0,0,2,0,1,0,0,0,1,0,0,0,1,0,0,0,3,0,0,0
0,0.0,0,0.0,1,26000000.0,1003,0.0,10,0.0,1,0.0,929,1837459.63402,30,3766666.66667,0,0.0,0,0.0,10,4800000.0,10,-395200000.0,10,4700000.0,0,0.0,0,0.0,10,4300000.0,10,4800000.0,0,0.0,10,3500000.0,0,0.0,6,4500000.0,10,2800000.0,0,0.0,0,0.0,0,0.0,0,0.0,0,0.0,0,0.0,0,0.0,0,0.0,0,0.0,5,15600000.0,1,0.0,10,6900000.0,0,0.0,0,0.0,0,0.0,0,0.0,0,0.0,0,0.0,0,0.0,0,0.0,0,0.0,5,1800000.0,30,3900000.0,1,2000000.0,5,1800000.0,5,1800000.0,5,1000000.0,16,0.0,65,0.0,0,0.0,0.214622950554,5.90707593801e-05,-0.127238182724,0,0,0,0,0,0,0,0,1,0,0,0,1,0,1,0,0,0,0,0,1,0,1,0,1,0,0,0,0,0,1,0,1,0,0,0,1,0,0,0,0,0,1,0,0,0,0,0,0,0,0,0,0,0,0,0,0,0,0,0,0,0,1,0,0,0,1,0,0,0,0,0,0,0,0,0,0,0,0,0,0,0,0,0,0,0,0,0,1,0,0,0,0,0,1,0,0,0,0,0,0,0,0,0
0,0.0,0,0.0,1,48000000.0,1001,0.0,10,0.0,1,0.0,902,197339.24612,30,5200000.0,0,0.0,0,0.0,10,7600000.0,10,-393100000.0,10,7600000.0,0,0.0,0,0.0,10,6400000.0,10,7800000.0,0,0.0,10,6900000.0,0,0.0,7,2000000.0,10,4200000.0,0,0.0,0,0.0,0,0.0,0,0.0,0,0.0,0,0.0,0,0.0,0,0.0,0,0.0,5,3800000.0,1,6000000.0,10,3800000.0,0,0.0,0,0.0,0,0.0,0,0.0,0,0.0,0,0.0,0,0.0,0,0.0,0,0.0,5,8600000.0,30,5366666.66667,1,19000000.0,5,8600000.0,5,8600000.0,5,10400000.0,25,0.0,65,0.0,0,0.0,0.210570597649,3.25207854075e-05,-0.0745109515265,0,0,0,0,1,0,0,0,1,0,0,0,1,0,1,0,0,0,0,0,1,0,1,0,1,0,0,0,0,0,1,0,0,0,0,0,2,0,0,0,1,0,1,0,0,0,0,0,0,0,0,0,0,0,0,0,0,0,0,0,0,0,0,0,1,0,1,0,0,0,0,0,0,0,0,0,0,0,0,0,0,0,0,0,0,0,2,0,1,0,1,0,1,0,0,0,1,0,0,0,3,0,0,0
0,0.0,0,0.0,1,29000000.0,1001,0.0,10,0.0,1,12000000.0,914,1219912.47265,30,4066666.66667,0,0.0,0,0.0,10,1900000.0,10,-399300000.0,10,1700000.0,0,0.0,0,0.0,10,1700000.0,10,3600000.0,0,0.0,10,2100000.0,0,0.0,5,8800000.0,10,4400000.0,0,0.0,0,0.0,0,0.0,0,0.0,0,0.0,0,0.0,0,0.0,0,0.0,0,0.0,3,0.0,2,1000000.0,10,1900000.0,0,0.0,0,0.0,0,0.0,0,0.0,0,0.0,0,0.0,0,0.0,0,0.0,0,0.0,5,4400000.0,30,4100000.0,1,0.0,5,4400000.0,5,4600000.0,5,4800000.0,16,0.0,65,0.0,0,0.0,0.216060441732,3.37579428134e-05,-0.0413715786766,0,0,0,0,0,0,0,0,1,0,1,0,1,0,1,0,0,0,0,0,1,0,1,0,1,0,0,0,0,0,1,0,1,0,0,0,1,0,0,0,0,0,1,0,0,0,0,0,0,0,0,0,0,0,0,0,0,0,0,0,0,0,0,0,0,0,1,0,0,0,0,0,0,0,0,0,0,0,0,0,0,0,0,0,0,0,0,0,1,0,0,0,0,0,1,0,0,0,0,0,0,0,0,0
0,0.0,0,0.0,0,0.0,1000,0.0,10,0.0,1,9000000.0,902,1210643.01552,30,2633333.33333,0,0.0,0,0.0,10,3400000.0,10,-396000000.0,10,3100000.0,0,0.0,0,0.0,10,3400000.0,10,1900000.0,0,0.0,10,1600000.0,0,0.0,6,1500000.0,10,2200000.0,0,0.0,0,0.0,0,0.0,0,0.0,0,0.0,0,0.0,0,0.0,0,0.0,0,0.0,5,-1200000.0,0,0.0,10,-400000.0,0,0.0,0,0.0,0,0.0,0,0.0,0,0.0,0,0.0,0,0.0,0,0.0,0,0.0,5,1800000.0,30,2933333.33333,0,0.0,5,1800000.0,5,1800000.0,5,2800000.0,21,0.0,65,0.0,0,0.0,0.211959648132,1.45024027915e-06,0.0279152553994,0,0,0,0,0,0,0,0,1,0,0,0,1,0,1,0,0,0,0,0,1,0,1,0,1,0,0,0,0,0,1,0,1,0,0,0,1,0,0,0,1,0,1,0,0,0,0,0,0,0,0,0,0,0,0,0,0,0,0,0,0,0,0,0,0,0,1,0,0,0,0,0,0,0,0,0,0,0,0,0,0,0,0,0,0,0,2,0,1,0,0,0,1,0,0,0,0,0,0,0,3,0,0,0
0,0.0,0,0.0,1,30000000.0,999,0.0,10,0.0,1,0.0,916,1340611.35371,30,9500000.0,0,0.0,0,0.0,10,13000000.0,10,-381500000.0,10,16900000.0,0,0.0,0,0.0,10,11400000.0,10,18600000.0,0,0.0,10,14000000.0,0,0.0,7,8000000.0,10,16600000.0,0,0.0,0,0.0,0,0.0,0,0.0,0,0.0,0,0.0,0,0.0,0,0.0,0,0.0,4,21250000.0,1,0.0,10,12800000.0,0,0.0,0,0.0,0,0.0,0,0.0,0,0.0,0,0.0,0,0.0,0,0.0,0,0.0,5,14200000.0,30,9933333.33333,1,7000000.0,5,14200000.0,5,14200000.0,5,12400000.0,17,0.0,65,0.0,0,0.0,0.214704307914,2.5890385416e-06,0.046547169378,0,0,0,0,0,0,0,0,1,0,0,0,1,0,1,0,0,0,0,0,1,0,1,0,1,0,0,0,0,0,1,0,1,0,0,0,1,0,0,0,0,0,1,0,0,0,0,0,0,0,0,0,0,0,0,0,0,0,0,0,0,0,1,0,0,0,1,0,0,0,0,0,0,0,0,0,0,0,0,0,0,0,0,0,0,0,0,0,1,0,0,0,0,0,1,0,1,0,0,0,0,0,0,0
0,0.0,0,0.0,1,65000000.0,1003,0.0,10,0.0,1,34000000.0,912,4325657.89474,30,10666666.6667,0,0.0,0,0.0,10,12000000.0,10,-374000000.0,10,11800000.0,0,0.0,0,0.0,10,12000000.0,10,16100000.0,0,0.0,10,17400000.0,0,0.0,6,17000000.0,10,16200000.0,0,0.0,0,0.0,0,0.0,0,0.0,0,0.0,0,0.0,0,0.0,0,0.0,0,0.0,4,9250000.0,1,0.0,10,5900000.0,0,0.0,0,0.0,0,0.0,0,0.0,0,0.0,0,0.0,0,0.0,0,0.0,0,0.0,5,11400000.0,30,10700000.0,1,34000000.0,5,11400000.0,5,11400000.0,5,10000000.0,16,0.0,65,0.0,0,0.0,0.218678316474,2.66932784143e-07,0.0819648237899,0,0,0,0,0,0,0,0,0,0,0,0,1,0,1,0,0,0,0,0,0,0,0,0,0,0,0,0,0,0,0,0,1,0,0,0,2,0,0,0,0,0,1,0,0,0,0,0,0,0,0,0,0,0,0,0,0,0,0,0,0,0,0,0,0,0,1,0,0,0,0,0,0,0,0,0,0,0,0,0,0,0,0,0,0,0,2,0,1,0,0,0,1,0,0,0,0,0,0,0,3,0,0,0
0,0.0,0,0.0,1,70000000.0,999,0.0,10,0.0,1,29000000.0,951,1232386.96109,30,3366666.66667,0,0.0,0,0.0,10,4900000.0,10,-392900000.0,10,5700000.0,0,0.0,0,0.0,10,5300000.0,10,2200000.0,0,0.0,10,900000.0,0,0.0,6,3500000.0,10,6400000.0,0,0.0,0,0.0,0,0.0,0,0.0,0,0.0,0,0.0,0,0.0,0,0.0,0,0.0,4,500000.0,1,1000000.0,10,3000000.0,0,0.0,0,0.0,0,0.0,0,0.0,0,0.0,0,0.0,0,0.0,0,0.0,0,0.0,5,-800000.0,30,3066666.66667,1,29000000.0,5,200000.0,5,600000.0,5,1600000.0,14,0.0,65,0.0,0,0.0,0.217356984317,0.0,0.118203701079,0,0,0,0,0,0,0,0,1,0,0,0,0,0,1,0,0,0,0,0,1,0,1,0,0,0,0,0,0,0,1,0,1,0,0,0,1,0,0,0,1,0,1,0,0,0,0,0,0,0,0,0,0,0,0,0,0,0,0,0,0,0,0,0,0,0,1,0,0,0,0,0,0,0,0,0,0,0,0,0,0,0,0,0,0,0,0,0,1,0,0,0,0,0,0,0,1,0,0,0,0,0,0,0
0,0.0,0,0.0,1,27000000.0,1001,0.0,10,0.0,1,0.0,935,1122994.65241,30,1600000.0,0,0.0,0,0.0,10,6000000.0,10,-392600000.0,10,5800000.0,0,0.0,0,0.0,10,6100000.0,10,2600000.0,0,0.0,10,9800000.0,0,0.0,5,5600000.0,10,5300000.0,0,0.0,0,0.0,0,0.0,0,0.0,0,0.0,0,0.0,0,0.0,0,0.0,0,0.0,5,3800000.0,1,10000000.0,10,3200000.0,0,0.0,0,0.0,0,0.0,0,0.0,0,0.0,0,0.0,0,0.0,0,0.0,0,0.0,5,8000000.0,30,1933333.33333,1,0.0,5,9000000.0,5,9600000.0,5,1200000.0,17,0.0,65,0.0,0,0.0,0.218677891791,0.0,0.0897110529244,0,0,0,0,0,0,0,0,1,0,0,0,1,0,1,0,0,0,0,0,1,0,1,0,1,0,0,0,0,0,1,0,1,0,0,0,1,0,0,0,0,0,0,0,0,0,0,0,0,0,0,0,0,0,0,0,0,0,0,0,0,0,0,0,0,0,0,0,0,0,0,0,0,0,0,0,0,0,0,0,0,0,0,0,0,0,2,0,1,0,0,0,0,0,1,0,0,0,0,0,2,0,0,0
0,0.0,0,0.0,1,20000000.0,1002,0.0,10,0.0,1,-1000000.0,928,-1747844.82759,30,2966666.66667,0,0.0,0,0.0,10,10100000.0,10,-387600000.0,10,10200000.0,0,0.0,0,0.0,10,10300000.0,10,3800000.0,0,0.0,10,7400000.0,0,0.0,7,8000000.0,10,10400000.0,0,0.0,0,0.0,0,0.0,0,0.0,0,0.0,0,0.0,0,0.0,0,0.0,0,0.0,4,4500000.0,1,0.0,10,7900000.0,0,0.0,0,0.0,0,0.0,0,0.0,0,0.0,0,0.0,0,0.0,0,0.0,0,0.0,5,11600000.0,30,2966666.66667,1,0.0,5,11800000.0,5,11800000.0,5,8800000.0,18,0.0,65,0.0,0,0.0,0.218682475388,3.2166939036e-06,0.035630706884,0,0,0,0,0,0,0,0,1,0,0,0,1,0,1,0,0,0,0,0,1,0,1,0,0,0,0,0,0,0,1,0,1,0,0,0,1,0,0,0,1,0,1,0,0,0,0,0,0,0,0,0,0,0,0,0,0,0,0,0,0,0,1,0,0,0,1,0,0,0,0,0,0,0,0,0,0,0,0,0,0,0,0,0,0,0,0,0,1,0,0,0,1,0,0,0,1,0,0,0,1,0,0,0
0,0.0,0,0.0,1,31000000.0,1001,0.0,10,0.0,1,0.0,918,3327886.71024,30,2700000.0,0,0.0,0,0.0,10,9200000.0,10,-384500000.0,10,10200000.0,0,0.0,0,0.0,10,9100000.0,10,5200000.0,0,0.0,10,6100000.0,0,0.0,5,11400000.0,10,13600000.0,0,0.0,0,0.0,0,0.0,0,0.0,0,0.0,0,0.0,0,0.0,0,0.0,0,0.0,4,8000000.0,2,4500000.0,10,6100000.0,0,0.0,0,0.0,0,0.0,0,0.0,0,0.0,0,0.0,0,0.0,0,0.0,0,0.0,5,3800000.0,30,2866666.66667,1,10000000.0,5,3800000.0,5,5600000.0,5,7400000.0,21,0.0,65,0.0,0,0.0,0.217370215058,1.07097778056e-05,-0.015374961542,0,0,0,0,0,0,0,0,1,0,0,0,1,0,1,0,0,0,0,0,1,0,1,0,1,0,0,0,0,0,1,0,1,0,0,0,2,0,0,0,0,0,1,0,0,0,0,0,0,0,0,0,0,0,0,0,0,0,0,0,0,0,0,0,1,0,1,0,0,0,0,0,0,0,0,0,0,0,0,0,0,0,0,0,0,0,2,0,1,0,0,0,0,0,1,0,0,0,0,0,2,0,0,0
0,0.0,0,0.0,1,31000000.0,1000,0.0,10,0.0,1,0.0,924,1292207.79221,30,5000000.0,0,0.0,0,0.0,10,4700000.0,10,-395300000.0,10,4900000.0,0,0.0,0,0.0,10,5000000.0,10,4200000.0,0,0.0,10,1600000.0,0,0.0,5,12000000.0,10,7200000.0,0,0.0,0,0.0,0,0.0,0,0.0,0,0.0,0,0.0,0,0.0,0,0.0,0,0.0,4,2250000.0,1,0.0,10,2300000.0,0,0.0,0,0.0,0,0.0,0,0.0,0,0.0,0,0.0,0,0.0,0,0.0,0,0.0,5,1200000.0,30,5166666.66667,1,0.0,5,1200000.0,5,1200000.0,5,3400000.0,20,0.0,65,0.0,0,0.0,0.218681417406,1.2321798107e-05,-0.000748636806384,0,0,0,0,1,0,0,0,1,0,1,0,1,0,1,0,0,0,0,0,1,0,1,0,0,0,0,0,0,0,1,0,1,0,0,0,1,0,0,0,1,0,1,0,0,0,0,0,0,0,0,0,0,0,0,0,0,0,0,0,0,0,0,0,0,0,1,0,0,0,0,0,0,0,0,0,0,0,0,0,0,0,0,0,0,0,0,0,1,0,1,0,1,0,0,0,1,0,0,0,1,0,0,0
0,0.0,0,0.0,1,30000000.0,1001,0.0,10,0.0,1,0.0,959,739311.783107,30,3433333.33333,0,0.0,0,0.0,10,4800000.0,10,-395900000.0,10,4400000.0,0,0.0,0,0.0,10,1900000.0,10,3300000.0,0,0.0,10,5100000.0,0,0.0,6,3666666.66667,10,4600000.0,0,0.0,0,0.0,0,0.0,0,0.0,0,0.0,0,0.0,0,0.0,0,0.0,0,0.0,5,3800000.0,0,0.0,10,2700000.0,0,0.0,0,0.0,0,0.0,0,0.0,0,0.0,0,0.0,0,0.0,0,0.0,0,0.0,5,3600000.0,30,3633333.33333,1,4000000.0,5,3600000.0,5,3600000.0,5,800000.0,18,0.0,65,0.0,0,0.0,0.217348983884,2.84731479496e-06,0.0162239260098,0,0,0,0,0,0,0,0,1,0,0,0,1,0,1,0,0,0,0,0,1,0,1,0,1,0,0,0,0,0,1,0,1,0,0,0,1,0,0,0,0,0,1,0,0,0,0,0,0,0,0,0,0,0,0,0,0,0,0,0,0,0,0,0,0,0,1,0,0,0,0,0,0,0,0,0,0,0,0,0,0,0,0,0,0,0,1,0,1,0,0,0,0,0,1,0,0,0,0,0,2,0,0,0
0,0.0,0,0.0,1,42000000.0,1000,0.0,10,0.0,1,-1000000.0,915,1325683.06011,30,6033333.33333,0,0.0,0,0.0,10,4900000.0,10,-385500000.0,10,7400000.0,0,0.0,0,0.0,10,4800000.0,10,800000.0,0,0.0,10,8600000.0,0,0.0,5,13600000.0,10,8200000.0,0,0.0,0,0.0,0,0.0,0,0.0,0,0.0,0,0.0,0,0.0,0,0.0,0,0.0,4,2750000.0,1,-1000000.0,10,2700000.0,0,0.0,0,0.0,0,0.0,0,0.0,0,0.0,0,0.0,0,0.0,0,0.0,0,0.0,5,6600000.0,30,6633333.33333,1,19000000.0,5,8600000.0,5,9800000.0,5,1600000.0,18,0.0,65,0.0,0,0.0,0.215984424949,6.75537421557e-06,0.0650090537965,0,0,0,0,0,0,0,0,1,0,0,0,1,0,1,0,0,0,0,0,1,0,1,0,0,0,0,0,0,0,1,0,1,0,0,0,0,0,0,0,1,0,1,0,0,0,0,0,0,0,0,0,0,0,0,0,0,0,0,0,0,0,1,0,0,0,1,0,0,0,0,0,0,0,0,0,0,0,0,0,0,0,0,0,0,0,1,0,1,0,0,0,1,0,0,0,1,0,0,0,1,0,0,0
0,0.0,0,0.0,1,31000000.0,1002,0.0,10,0.0,1,0.0,930,181720.430108,30,1800000.0,0,0.0,0,0.0,10,2000000.0,10,-400100000.0,10,1600000.0,0,0.0,0,0.0,10,2600000.0,10,1700000.0,0,0.0,10,2100000.0,0,0.0,7,3714285.71429,10,2900000.0,0,0.0,0,0.0,0,0.0,0,0.0,0,0.0,0,0.0,0,0.0,0,0.0,0,0.0,4,500000.0,1,0.0,10,200000.0,0,0.0,0,0.0,0,0.0,0,0.0,0,0.0,0,0.0,0,0.0,0,0.0,0,0.0,5,1600000.0,30,1866666.66667,1,2000000.0,5,2400000.0,5,2400000.0,5,2600000.0,18,0.0,65,0.0,0,0.0,0.217308488488,0.0,0.03045598194,0,0,0,0,0,0,0,0,1,0,0,0,1,0,1,0,0,0,0,0,1,0,1,0,1,0,0,0,0,0,1,0,0,0,0,0,2,0,0,0,0,0,1,0,0,0,0,0,0,0,0,0,0,0,0,0,0,0,0,0,0,0,0,0,0,0,1,0,0,0,0,0,0,0,0,0,0,0,0,0,0,0,0,0,0,0,1,0,1,0,0,0,0,0,1,0,0,0,0,0,2,0,0,0
0,0.0,0,0.0,1,18000000.0,1000,0.0,10,0.0,1,0.0,947,1746568.10982,30,3833333.33333,0,0.0,0,0.0,10,4800000.0,10,-398200000.0,10,4400000.0,0,0.0,0,0.0,10,5000000.0,10,1200000.0,0,0.0,10,6000000.0,0,0.0,6,8666666.66667,10,5900000.0,0,0.0,0,0.0,0,0.0,0,0.0,0,0.0,0,0.0,0,0.0,0,0.0,0,0.0,5,1600000.0,1,6000000.0,10,2200000.0,0,0.0,0,0.0,0,0.0,0,0.0,0,0.0,0,0.0,0,0.0,0,0.0,0,0.0,5,2600000.0,30,4033333.33333,1,0.0,5,2000000.0,5,2800000.0,5,1800000.0,18,0.0,65,0.0,0,0.0,0.218683338165,2.00928286347e-06,0.0102313444018,0,0,0,0,0,0,0,0,1,0,0,0,1,0,1,0,0,0,0,0,1,0,1,0,0,0,0,0,0,0,1,0,1,0,0,0,1,0,0,0,1,0,1,0,0,0,0,0,0,0,0,0,0,0,0,0,0,0,0,0,0,0,0,0,0,0,1,0,0,0,0,0,0,0,0,0,0,0,0,0,0,0,0,0,0,0,1,0,1,0,0,0,1,0,0,0,1,0,0,0,1,0,0,0
0,0.0,0,0.0,1,25000000.0,1018,0.0,10,0.0,1,2000000.0,947,1615628.29989,31,2419354.83871,0,0.0,0,0.0,10,6800000.0,10,-393200000.0,10,6200000.0,0,0.0,0,0.0,10,5500000.0,10,7000000.0,0,0.0,10,6300000.0,0,0.0,7,6428571.42857,10,7200000.0,0,0.0,0,0.0,0,0.0,0,0.0,0,0.0,0,0.0,0,0.0,0,0.0,0,0.0,4,4750000.0,1,5000000.0,10,4400000.0,0,0.0,0,0.0,0,0.0,0,0.0,0,0.0,0,0.0,0,0.0,0,0.0,0,0.0,5,6000000.0,31,2935483.87097,1,2000000.0,5,6000000.0,5,12600000.0,5,1200000.0,18,0.0,67,0.0,0,0.0,0.21868365705,8.08492598026e-07,-0.00248050213559,0,0,0,0,0,0,0,0,1,0,0,0,1,0,1,0,0,0,0,0,1,0,1,0,1,0,0,0,0,0,1,0,1,0,0,0,1,0,0,0,0,0,1,0,0,0,0,0,0,0,0,0,0,0,0,0,0,0,0,0,0,0,0,0,0,0,1,0,0,0,0,0,0,0,0,0,0,0,0,0,0,0,0,0,0,0,1,0,1,0,0,0,0,0,1,0,0,0,0,0,2,0,0,0
0,0.0,0,0.0,1,19000000.0,1005,0.0,10,0.0,1,0.0,895,1908379.88827,29,6758620.68966,0,0.0,0,0.0,10,7500000.0,10,-389800000.0,10,9300000.0,0,0.0,0,0.0,10,7600000.0,10,7600000.0,0,0.0,10,8600000.0,0,0.0,5,6400000.0,10,9000000.0,0,0.0,0,0.0,0,0.0,0,0.0,0,0.0,0,0.0,0,0.0,0,0.0,0,0.0,4,4000000.0,1,1000000.0,10,3400000.0,0,0.0,0,0.0,0,0.0,0,0.0,0,0.0,0,0.0,0,0.0,0,0.0,0,0.0,5,9800000.0,29,7344827.58621,1,2000000.0,5,8400000.0,5,9000000.0,5,1000000.0,19,0.0,63,0.0,0,0.0,0.217367191613,4.12528885363e-07,0.0286472005333,0,0,0,0,0,0,0,0,1,0,0,0,1,0,1,0,0,0,0,0,1,0,1,0,0,0,0,0,0,0,1,0,1,0,0,0,1,0,0,0,1,0,1,0,0,0,0,0,0,0,0,0,0,0,0,0,0,0,0,0,0,0,1,0,0,0,1,0,0,0,0,0,0,0,0,0,0,0,0,0,0,0,0,0,0,0,1,0,1,0,0,0,1,0,0,0,1,0,0,0,1,0,0,0
0,0.0,0,0.0,1,63000000.0,1000,0.0,10,0.0,1,11000000.0,902,592017.738359,30,4433333.33333,0,0.0,0,0.0,10,12000000.0,10,-390600000.0,10,11400000.0,0,0.0,0,0.0,10,11800000.0,10,15400000.0,0,0.0,10,15200000.0,0,0.0,7,11285714.2857,10,9700000.0,0,0.0,0,0.0,0,0.0,0,0.0,0,0.0,0,0.0,0,0.0,0,0.0,0,0.0,5,7600000.0,1,0.0,10,9500000.0,0,0.0,0,0.0,0,0.0,0,0.0,0,0.0,0,0.0,0,0.0,0,0.0,0,0.0,5,17600000.0,30,4833333.33333,1,25000000.0,5,17600000.0,5,17800000.0,5,14800000.0,19,0.0,65,0.0,0,0.0,0.218682685494,6.47760571155e-06,-0.0125974584254,0,0,0,0,0,0,0,0,1,0,0,0,1,0,1,0,0,0,0,0,1,0,1,0,1,0,0,0,0,0,1,0,1,0,0,0,2,0,0,0,0,0,1,0,0,0,0,0,0,0,0,0,0,0,0,0,0,0,0,0,0,0,0,0,0,0,1,0,0,0,0,0,0,0,0,0,0,0,0,0,0,0,0,0,0,0,1,0,1,0,0,0,0,0,1,0,0,0,0,0,2,0,0,0
0,0.0,0,0.0,1,19000000.0,1002,0.0,10,0.0,1,0.0,915,1090710.38251,30,4866666.66667,0,0.0,0,0.0,10,7000000.0,10,-394700000.0,10,6600000.0,0,0.0,0,0.0,10,6300000.0,10,7000000.0,0,0.0,10,10400000.0,0,0.0,6,6666666.66667,10,5100000.0,0,0.0,0,0.0,0,0.0,0,0.0,0,0.0,0,0.0,0,0.0,0,0.0,0,0.0,4,4500000.0,2,10500000.0,10,4200000.0,0,0.0,0,0.0,0,0.0,0,0.0,0,0.0,0,0.0,0,0.0,0,0.0,0,0.0,5,9000000.0,30,4933333.33333,1,1000000.0,5,8600000.0,5,9200000.0,5,3200000.0,18,0.0,65,0.0,0,0.0,0.217360390723,0.0,0.0994461048394,0,0,0,0,0,0,0,0,1,0,0,0,1,0,1,0,0,0,0,0,1,0,1,0,0,0,0,0,0,0,1,0,1,0,0,0,1,0,0,0,1,0,1,0,0,0,0,0,0,0,0,0,0,0,0,0,0,0,0,0,0,0,0,0,0,0,1,0,0,0,0,0,0,0,0,0,0,0,0,0,0,0,0,0,0,0,1,0,1,0,0,0,1,0,0,0,1,0,0,0,1,0,0,0
0,0.0,0,0.0,1,28000000.0,1001,0.0,10,0.0,1,4000000.0,944,1227754.23729,30,1966666.66667,0,0.0,0,0.0,10,4100000.0,10,-398100000.0,10,3500000.0,0,0.0,0,0.0,10,4400000.0,10,2600000.0,0,0.0,10,2900000.0,0,0.0,6,2000000.0,10,3500000.0,0,0.0,0,0.0,0,0.0,0,0.0,0,0.0,0,0.0,0,0.0,0,0.0,0,0.0,4,1500000.0,1,5000000.0,10,1500000.0,0,0.0,0,0.0,0,0.0,0,0.0,0,0.0,0,0.0,0,0.0,0,0.0,0,0.0,5,2600000.0,30,2033333.33333,1,8000000.0,5,2600000.0,5,2600000.0,5,1000000.0,18,0.0,65,0.0,0,0.0,0.214639441669,0.0,0.154408298433,0,0,0,0,0,0,0,0,1,0,0,0,1,0,1,0,0,0,0,0,1,0,1,0,1,0,0,0,0,0,1,0,1,0,0,0,1,0,0,0,0,0,1,0,0,0,0,0,0,0,0,0,0,0,0,0,0,0,0,0,0,0,0,0,0,0,1,0,0,0,0,0,0,0,0,0,0,0,0,0,0,0,0,0,0,0,1,0,1,0,0,0,0,0,1,0,0,0,0,0,2,0,0,0
0,0.0,0,0.0,1,21000000.0,1001,0.0,10,0.0,1,5000000.0,910,-418681.318681,30,5366666.66667,0,0.0,0,0.0,10,7200000.0,10,-395900000.0,10,7000000.0,0,0.0,0,0.0,10,7000000.0,10,5600000.0,0,0.0,10,8200000.0,0,0.0,6,11500000.0,10,8200000.0,0,0.0,0,0.0,0,0.0,0,0.0,0,0.0,0,0.0,0,0.0,0,0.0,0,0.0,4,3750000.0,1,0.0,10,11600000.0,0,0.0,0,0.0,0,0.0,0,0.0,0,0.0,0,0.0,0,0.0,0,0.0,0,0.0,5,3600000.0,30,5900000.0,1,2000000.0,5,3600000.0,5,3600000.0,5,4200000.0,18,0.0,65,0.0,0,0.0,0.218677060306,0.0,0.132095623389,0,0,0,0,0,0,0,0,1,0,0,0,1,0,1,0,0,0,0,0,1,0,1,0,0,0,0,0,0,0,1,0,1,0,0,0,1,0,0,0,1,0,1,0,0,0,0,0,0,0,0,0,0,0,0,0,0,0,0,0,0,0,0,0,0,0,1,0,0,0,0,0,0,0,0,0,0,0,0,0,0,0,0,0,0,0,1,0,1,0,0,0,1,0,0,0,1,0,0,0,1,0,0,0
0,0.0,0,0.0,1,14000000.0,1001,0.0,10,0.0,1,40000000.0,911,3872667.39846,30,2100000.0,0,0.0,0,0.0,10,5900000.0,10,-395700000.0,10,6600000.0,0,0.0,0,0.0,10,6700000.0,10,1200000.0,0,0.0,10,13800000.0,0,0.0,5,9400000.0,10,7700000.0,0,0.0,0,0.0,0,0.0,0,0.0,0,0.0,0,0.0,0,0.0,0,0.0,0,0.0,4,500000.0,1,7000000.0,10,1100000.0,0,0.0,0,0.0,0,0.0,0,0.0,0,0.0,0,0.0,0,0.0,0,0.0,0,0.0,5,11200000.0,30,5966666.66667,1,0.0,5,11200000.0,5,11200000.0,5,1600000.0,20,0.0,65,0.0,0,0.0,0.216027627885,0.0,0.124931869656,0,0,0,0,0,0,0,0,1,0,0,0,1,0,1,0,0,0,0,0,1,0,1,0,1,0,0,0,0,0,1,0,1,0,0,0,2,0,0,0,0,0,1,0,0,0,0,0,0,0,0,0,0,0,0,0,0,0,0,0,0,0,1,0,0,0,1,0,0,0,0,0,0,0,0,0,0,0,0,0,0,0,0,0,0,0,1,0,1,0,0,0,0,0,1,0,0,0,0,0,2,0,0,0
0,0.0,0,0.0,1,13000000.0,1002,0.0,10,0.0,1,7000000.0,923,1122426.86891,30,3366666.66667,0,0.0,0,0.0,10,5800000.0,10,-378000000.0,10,5800000.0,0,0.0,0,0.0,10,6600000.0,10,1600000.0,0,0.0,10,4400000.0,0,0.0,6,11666666.6667,10,8000000.0,0,0.0,0,0.0,0,0.0,0,0.0,0,0.0,0,0.0,0,0.0,0,0.0,0,0.0,4,1750000.0,2,8500000.0,10,3600000.0,0,0.0,0,0.0,0,0.0,0,0.0,0,0.0,0,0.0,0,0.0,0,0.0,0,0.0,5,6000000.0,30,3500000.0,1,0.0,5,7400000.0,5,7400000.0,5,1200000.0,14,0.0,65,0.0,0,0.0,0.213394322991,0.0,0.101922625303,0,0,0,0,0,0,0,0,1,0,0,0,1,0,1,0,0,0,0,0,0,0,1,0,0,0,0,0,0,0,0,0,1,0,0,0,1,0,0,0,1,0,0,0,0,0,0,0,0,0,0,0,0,0,0,0,0,0,0,0,0,0,0,0,0,0,1,0,0,0,0,0,0,0,0,0,0,0,0,0,0,0,0,0,0,0,0,0,1,0,0,0,1,0,0,0,1,0,0,0,1,0,0,0
0,0.0,0,0.0,0,0.0,997,0.0,10,0.0,0,0.0,859,614668.218859,30,5900000.0,0,0.0,0,0.0,10,7100000.0,10,-416800000.0,10,7100000.0,0,0.0,0,0.0,10,7600000.0,10,5400000.0,0,0.0,10,-300000.0,0,0.0,7,10000000.0,10,7600000.0,0,0.0,0,0.0,0,0.0,0,0.0,0,0.0,0,0.0,0,0.0,0,0.0,0,0.0,5,3000000.0,1,3000000.0,10,2300000.0,0,0.0,0,0.0,0,0.0,0,0.0,0,0.0,0,0.0,0,0.0,0,0.0,0,0.0,5,1200000.0,30,6000000.0,0,0.0,5,1400000.0,5,1600000.0,5,1400000.0,18,0.0,65,0.0,0,0.0,0.217363606393,3.53725640707e-06,0.0702765338123,0,0,0,0,0,0,0,0,1,0,0,0,1,0,1,0,0,0,0,0,1,0,1,0,1,0,0,0,0,0,1,0,1,0,0,0,1,0,0,0,0,0,1,0,0,0,0,0,0,0,0,0,0,0,0,0,0,0,0,0,0,0,0,0,0,0,1,0,0,0,0,0,0,0,0,0,0,0,0,0,0,0,0,0,0,0,1,0,1,0,0,0,0,0,1,0,0,0,0,0,2,0,0,0
0,0.0,0,0.0,1,24000000.0,1000,0.0,10,0.0,1,9000000.0,996,-6024.09638554,30,5666666.66667,0,0.0,0,0.0,10,5300000.0,10,-399500000.0,10,9600000.0,0,0.0,0,0.0,10,5200000.0,10,3400000.0,0,0.0,10,6900000.0,0,0.0,6,3333333.33333,10,5900000.0,0,0.0,0,0.0,0,0.0,0,0.0,0,0.0,0,0.0,0,0.0,0,0.0,0,0.0,4,14500000.0,1,0.0,10,8600000.0,0,0.0,0,0.0,0,0.0,0,0.0,0,0.0,0,0.0,0,0.0,0,0.0,0,0.0,5,3400000.0,30,5866666.66667,1,9000000.0,5,3800000.0,5,4000000.0,5,2600000.0,13,0.0,65,0.0,0,0.0,0.218680925667,2.72474567282e-06,0.0269403331913,0,0,0,0,0,0,0,0,1,0,0,0,1,0,1,0,0,0,0,0,1,0,1,0,0,0,0,0,0,0,1,0,0,0,0,0,1,0,0,0,1,0,1,0,0,0,0,0,0,0,0,0,0,0,0,0,0,0,0,0,0,0,0,0,0,0,0,0,0,0,0,0,0,0,0,0,0,0,0,0,0,0,0,0,0,0,1,0,1,0,0,0,0,0,0,0,0,0,0,0,0,0,0,0
0,0.0,0,0.0,1,11000000.0,1000,0.0,10,0.0,1,0.0,963,714434.060228,30,3533333.33333,0,0.0,0,0.0,10,4300000.0,10,-420700000.0,10,4300000.0,0,0.0,0,0.0,10,4800000.0,10,0.0,0,0.0,10,3100000.0,0,0.0,6,6500000.0,10,5300000.0,0,0.0,0,0.0,0,0.0,0,0.0,0,0.0,0,0.0,0,0.0,0,0.0,0,0.0,4,6000000.0,1,0.0,10,3200000.0,0,0.0,0,0.0,0,0.0,0,0.0,0,0.0,0,0.0,0,0.0,0,0.0,0,0.0,5,-200000.0,30,3566666.66667,1,0.0,5,-200000.0,5,2200000.0,5,1200000.0,22,0.0,65,0.0,0,0.0,0.21459159255,4.94380208167e-06,0.010152846016,0,0,0,0,0,0,0,0,0,0,0,0,1,0,1,0,0,0,0,0,1,0,0,0,1,0,0,0,0,0,1,0,1,0,0,0,2,0,0,0,0,0,1,0,0,0,0,0,0,0,0,0,0,0,0,0,0,0,0,0,0,0,1,0,1,0,1,0,0,0,0,0,0,0,0,0,0,0,0,0,0,0,0,0,0,0,1,0,1,0,0,0,1,0,1,0,1,0,0,0,3,0,0,0
0,0.0,0,0.0,1,18000000.0,1001,0.0,10,0.0,1,69000000.0,932,2954935.62232,30,9700000.0,0,0.0,0,0.0,10,13000000.0,10,-412500000.0,10,12700000.0,0,0.0,0,0.0,10,12700000.0,10,16600000.0,0,0.0,10,14100000.0,0,0.0,5,26800000.0,10,11400000.0,0,0.0,0,0.0,0,0.0,0,0.0,0,0.0,0,0.0,0,0.0,0,0.0,0,0.0,4,8000000.0,1,33000000.0,10,13400000.0,0,0.0,0,0.0,0,0.0,0,0.0,0,0.0,0,0.0,0,0.0,0,0.0,0,0.0,5,24800000.0,30,9833333.33333,1,5999999.99997,5,27200000.0,5,27200000.0,5,28200000.0,16,0.0,65,0.0,0,0.0,0.216048626602,4.84009503907e-06,0.00203084778041,0,0,0,0,1,0,0,0,1,0,0,0,1,0,1,0,0,0,0,0,1,0,1,0,0,0,0,0,0,0,1,0,1,0,0,0,1,0,0,0,0,0,1,0,0,0,0,0,0,0,0,0,0,0,0,0,0,0,0,0,0,0,0,0,0,0,1,0,0,0,0,0,0,0,0,0,0,0,0,0,0,0,0,0,0,0,1,0,1,0,1,0,0,0,0,0,0,0,0,0,0,0,0,0
0,0.0,0,0.0,0,0.0,1001,0.0,10,0.0,1,0.0,948,1834388.18565,30,4000000.00001,0,0.0,0,0.0,10,4200000.0,10,-422500000.0,10,3900000.0,0,0.0,0,0.0,10,4700000.0,10,1499999.99999,0,0.0,10,5200000.0,0,0.0,6,6000000.00001,10,4300000.00001,0,0.0,0,0.0,0,0.0,0,0.0,0,0.0,0,0.0,0,0.0,0,0.0,0,0.0,4,3500000.00002,1,0.0,10,2800000.00001,0,0.0,0,0.0,0,0.0,0,0.0,0,0.0,0,0.0,0,0.0,0,0.0,0,0.0,5,2200000.00001,30,3666666.66667,0,0.0,5,2400000.00001,5,5000000.00001,5,1599999.99999,23,0.0,65,0.0,0,0.0,0.214665411413,1.46121217313e-06,0.00467073926702,0,0,0,0,0,0,0,0,1,0,1,0,1,0,1,0,0,0,0,0,1,0,1,0,1,0,0,0,0,0,1,0,1,0,0,0,1,0,0,0,1,0,1,0,0,0,0,0,0,0,0,0,0,0,0,0,0,0,0,0,0,0,0,0,0,0,1,0,0,0,0,0,0,0,0,0,0,0,0,0,0,0,0,0,0,0,1,0,1,0,0,0,1,0,1,0,1,0,0,0,3,0,0,0
0,0.0,0,0.0,1,17000000.0,998,0.0,10,0.0,1,1000000.00003,958,438413.361167,30,2066666.66666,0,0.0,0,0.0,10,699999.999994,10,-408900000.0,10,899999.999994,0,0.0,0,0.0,10,1199999.99999,10,199999.999994,0,0.0,10,3400000.00001,0,0.0,6,2000000.0,10,1200000.0,0,0.0,0,0.0,0,0.0,0,0.0,0,0.0,0,0.0,0,0.0,0,0.0,0,0.0,4,249999.999992,1,-2000000.0,10,1000000.0,0,0.0,0,0.0,0,0.0,0,0.0,0,0.0,0,0.0,0,0.0,0,0.0,0,0.0,5,600000.000012,30,2333333.33333,1,1000000.00003,5,400000.000018,5,600000.000012,5,399999.999988,14,0.0,65,0.0,0,0.0,0.218683683872,1.00875907947e-05,-0.00373585671186,0,0,0,0,0,0,0,0,1,0,0,0,1,0,1,0,0,0,0,0,1,0,1,0,0,0,0,0,0,0,1,0,1,0,0,0,1,0,0,0,0,0,1,0,0,0,0,0,0,0,0,0,0,0,0,0,0,0,0,0,0,0,0,0,0,0,1,0,0,0,0,0,0,0,0,0,0,0,0,0,0,0,0,0,0,0,1,0,1,0,0,0,0,0,0,0,0,0,0,0,0,0,0,0
0,0.0,0,0.0,1,12000000.0,1005,0.0,10,0.0,1,0.0,951,1091482.64984,30,3700000.0,0,0.0,0,0.0,10,3600000.0,10,-403200000.0,10,3400000.0,0,0.0,0,0.0,10,3700000.0,10,1999999.99998,0,0.0,10,2800000.0,0,0.0,7,4285714.28572,10,5100000.0,0,0.0,0,0.0,0,0.0,0,0.0,0,0.0,0,0.0,0,0.0,0,0.0,0,0.0,5,3599999.99999,1,1000000.00003,10,2100000.0,0,0.0,0,0.0,0,0.0,0,0.0,0,0.0,0,0.0,0,0.0,0,0.0,0,0.0,5,2400000.0,30,3800000.0,1,0.0,5,1800000.0,5,2399999.99999,5,400000.000006,23,0.0,65,0.0,0,0.0,0.21598379463,6.27237104709e-06,0.000441240053624,0,0,0,0,0,0,0,0,1,0,0,0,1,0,1,0,0,0,0,0,1,0,1,0,1,0,0,0,0,0,1,0,1,0,0,0,2,0,0,0,1,0,1,0,0,0,0,0,0,0,0,0,0,0,0,0,0,0,0,0,0,0,1,0,0,0,1,0,0,0,0,0,0,0,0,0,0,0,0,0,0,0,0,0,0,0,1,0,1,0,0,0,1,0,0,0,1,0,0,0,3,0,0,0
0,0.0,0,0.0,0,0.0,999,0.0,10,0.0,1,1000000.0,941,3996811.90223,30,3566666.66667,0,0.0,0,0.0,10,4100000.00002,10,-421600000.0,10,3700000.00001,0,0.0,0,0.0,10,4300000.00001,10,1200000.00001,0,0.0,10,4799999.99999,0,0.0,6,4666666.66667,10,5900000.00001,0,0.0,0,0.0,0,0.0,0,0.0,0,0.0,0,0.0,0,0.0,0,0.0,0,0.0,4,4499999.99999,1,0.0,10,4100000.0,0,0.0,0,0.0,0,0.0,0,0.0,0,0.0,0,0.0,0,0.0,0,0.0,0,0.0,5,1200000.00001,30,3866666.66667,0,0.0,5,1400000.0,5,1799999.99999,5,400000.0,15,0.0,65,0.0,0,0.0,0.214693036675,3.31186513449e-06,0.014122798387,0,0,0,0,0,0,0,0,1,0,0,0,1,0,1,0,0,0,0,0,1,0,1,0,0,0,0,0,0,0,1,0,1,0,0,0,1,0,0,0,0,0,1,0,0,0,0,0,0,0,0,0,0,0,0,0,0,0,0,0,0,0,0,0,0,0,1,0,0,0,0,0,0,0,0,0,0,0,0,0,0,0,0,0,0,0,1,0,1,0,0,0,0,0,1,0,0,0,0,0,0,0,0,0
0,0.0,0,0.0,1,16000000.0,1001,0.0,10,0.0,1,7000000.00003,907,1800441.01434,30,4800000.0,0,0.0,0,0.0,10,3200000.00001,10,-403200000.0,10,2300000.0,0,0.0,0,0.0,10,3100000.0,10,1300000.0,0,0.0,10,6600000.00002,0,0.0,7,10142857.1429,10,4700000.0,0,0.0,0,0.0,0,0.0,0,0.0,0,0.0,0,0.0,0,0.0,0,0.0,0,0.0,5,399999.999994,0,0.0,10,499999.999991,0,0.0,0,0.0,0,0.0,0,0.0,0,0.0,0,0.0,0,0.0,0,0.0,0,0.0,5,5000000.00002,30,4866666.66667,1,0.0,5,5000000.00002,5,5000000.00002,5,3199999.99999,20,0.0,65,0.0,0,0.0,0.216055683792,1.40627314977e-05,-0.02589381492,0,0,0,0,0,0,0,0,1,0,0,0,1,0,1,0,0,0,0,0,1,0,1,0,1,0,0,0,0,0,1,0,1,0,0,0,0,0,0,0,1,0,1,0,0,0,0,0,0,0,0,0,0,0,0,0,0,0,0,0,0,0,0,0,0,0,1,0,0,0,0,0,0,0,0,0,0,0,0,0,0,0,0,0,0,0,1,0,1,0,0,0,1,0,0,0,1,0,0,0,3,0,0,0
0,0.0,0,0.0,1,17000000.0,1001,0.0,10,0.0,1,0.0,948,945147.679322,30,2700000.0,0,0.0,0,0.0,10,4300000.0,10,-401400000.0,10,4200000.00001,0,0.0,0,0.0,10,1500000.0,10,9200000.00001,0,0.0,10,4399999.99998,0,0.0,5,3600000.00001,10,5400000.0,0,0.0,0,0.0,0,0.0,0,0.0,0,0.0,0,0.0,0,0.0,0,0.0,0,0.0,5,2800000.0,0,0.0,10,1700000.0,0,0.0,0,0.0,0,0.0,0,0.0,0,0.0,0,0.0,0,0.0,0,0.0,0,0.0,5,5599999.99998,30,2999999.99999,1,999999.999969,5,5799999.99999,5,6599999.99999,5,9399999.99999,14,0.0,65,0.0,0,0.0,0.217370010912,4.55109056929e-06,0.0150182624348,0,0,0,0,0,0,0,0,1,0,0,0,1,0,1,0,0,0,0,0,1,0,1,0,0,0,0,0,0,0,1,0,0,0,0,0,1,0,0,0,0,0,1,0,0,0,0,0,0,0,0,0,0,0,0,0,0,0,0,0,0,0,0,0,0,0,1,0,0,0,0,0,0,0,0,0,0,0,0,0,0,0,0,0,0,0,1,0,1,0,0,0,0,0,1,0,0,0,0,0,0,0,0,0
0,0.0,0,0.0,1,17000000.0,1000,0.0,10,0.0,1,0.0,854,809133.489455,30,4400000.0,0,0.0,0,0.0,10,6799999.99999,10,-398200000.0,10,6799999.99999,0,0.0,0,0.0,10,7900000.0,10,3000000.0,0,0.0,10,3800000.00001,0,0.0,7,8000000.0,10,6500000.0,0,0.0,0,0.0,0,0.0,0,0.0,0,0.0,0,0.0,0,0.0,0,0.0,0,0.0,5,2400000.00001,0,0.0,10,6900000.00001,0,0.0,0,0.0,0,0.0,0,0.0,0,0.0,0,0.0,0,0.0,0,0.0,0,0.0,5,1.220703125e-05,30,5433333.33334,1,0.0,5,-199999.999982,5,200000.000018,5,1200000.00001,22,0.0,65,0.0,0,0.0,0.214721463621,4.89845286893e-06,0.0126781243831,0,0,0,0,0,0,0,0,1,0,0,0,1,0,1,0,0,0,0,0,1,0,1,0,1,0,0,0,0,0,1,0,1,0,0,0,2,0,0,0,1,0,1,0,0,0,0,0,0,0,0,0,0,0,0,0,0,0,0,0,0,0,1,0,0,0,1,0,0,0,0,0,0,0,0,0,0,0,0,0,0,0,0,0,0,0,0,0,1,0,0,0,1,0,0,0,1,0,0,0,3,0,0,0
0,0.0,0,0.0,0,0.0,999,0.0,10,0.0,1,0.0,913,534501.642934,30,3566666.66667,0,0.0,0,0.0,10,4200000.0,10,-423600000.0,10,3899999.99999,0,0.0,0,0.0,10,3500000.0,10,-199999.999994,0,0.0,10,5800000.00001,0,0.0,7,9142857.14285,10,8000000.0,0,0.0,0,0.0,0,0.0,0,0.0,0,0.0,0,0.0,0,0.0,0,0.0,0,0.0,5,400000.0,0,0.0,10,1299999.99999,0,0.0,0,0.0,0,0.0,0,0.0,0,0.0,0,0.0,0,0.0,0,0.0,0,0.0,5,1200000.00001,30,4100000.0,0,0.0,5,1200000.00001,5,2000000.00002,5,600000.000012,14,0.0,65,0.0,0,0.0,0.21731018275,1.49027782868e-05,-0.00678170910105,0,0,0,0,0,0,0,0,1,0,0,0,1,0,0,0,0,0,0,0,1,0,1,0,0,0,0,0,0,0,1,0,1,0,0,0,1,0,0,0,0,0,1,0,0,0,0,0,0,0,0,0,0,0,0,0,0,0,0,0,0,0,0,0,0,0,1,0,0,0,0,0,0,0,0,0,0,0,0,0,0,0,0,0,0,0,2,0,0,0,0,0,0,0,1,0,0,0,0,0,0,0,0,0
0,0.0,0,0.0,1,37000000.0,1002,0.0,10,0.0,1,0.0,922,1772234.27332,30,4400000.00001,0,0.0,0,0.0,10,8600000.0,10,-398500000.0,10,8199999.99999,0,0.0,0,0.0,10,8700000.00001,10,9999999.99998,0,0.0,10,8200000.00002,0,0.0,5,9599999.99999,10,6500000.0,0,0.0,0,0.0,0,0.0,0,0.0,0,0.0,0,0.0,0,0.0,0,0.0,0,0.0,5,8800000.0,0,0.0,10,5600000.00001,0,0.0,0,0.0,0,0.0,0,0.0,0,0.0,0,0.0,0,0.0,0,0.0,0,0.0,5,8200000.00001,30,4400000.00001,1,13000000.0,5,8800000.00002,5,9800000.00001,5,14400000.0,19,0.0,65,0.0,0,0.0,0.21868249923,7.23631237634e-06,0.0003189207986,0,0,0,0,0,0,0,0,1,0,0,0,1,0,1,0,0,0,0,0,1,0,1,0,1,0,0,0,0,0,1,0,1,0,0,0,1,0,0,0,1,0,1,0,0,0,0,0,0,0,0,0,0,0,0,0,0,0,0,0,0,0,0,0,0,0,1,0,0,0,0,0,0,0,0,0,0,0,0,0,0,0,0,0,0,0,0,0,1,0,0,0,1,0,0,0,1,0,0,0,2,0,0,0
0,0.0,0,0.0,1,17000000.0,1012,0.0,10,0.0,1,2000000.00003,961,1369406.86784,31,2387096.77419,0,0.0,0,0.0,10,2200000.0,10,-405900000.0,10,2600000.00001,0,0.0,0,0.0,10,2500000.0,10,1999999.99999,0,0.0,10,2499999.99999,0,0.0,6,1666666.66666,10,3400000.00001,0,0.0,0,0.0,0,0.0,0,0.0,0,0.0,0,0.0,0,0.0,0,0.0,0,0.0,6,4000000.0,0,0.0,10,3400000.0,0,0.0,0,0.0,0,0.0,0,0.0,0,0.0,0,0.0,0,0.0,0,0.0,0,0.0,5,799999.999988,30,2800000.0,1,0.0,5,799999.999988,5,799999.999988,5,800000.0,17,0.0,66,0.0,0,0.0,0.219999998808,1.18391165131e-05,-0.00571599365212,0,0,0,0,0,0,0,0,1,0,0,0,1,0,1,0,0,0,0,0,1,0,1,0,0,0,0,0,0,0,1,0,1,0,0,0,1,0,0,0,0,0,1,0,0,0,0,0,0,0,0,0,0,0,0,0,0,0,0,0,0,0,0,0,0,0,1,0,0,0,0,0,0,0,0,0,0,0,0,0,0,0,0,0,0,0,2,0,1,0,0,0,0,0,1,0,0,0,0,0,1,0,0,0
0,0.0,0,0.0,0,0.0,1005,0.0,10,0.0,1,0.0,965,2674611.39896,30,3333333.33333,0,0.0,0,0.0,10,6999999.99999,10,-419900000.0,10,8000000.0,0,0.0,0,0.0,10,7399999.99998,10,4600000.0,0,0.0,10,6599999.99999,0,0.0,7,5857142.85716,10,6100000.00001,0,0.0,0,0.0,0,0.0,0,0.0,0,0.0,0,0.0,0,0.0,0,0.0,0,0.0,6,5333333.33332,0,0.0,11,5272727.27272,0,0.0,0,0.0,0,0.0,0,0.0,0,0.0,0,0.0,0,0.0,0,0.0,0,0.0,5,999999.999994,30,4533333.33333,0,0.0,5,999999.999994,5,4799999.99999,5,2999999.99999,19,0.0,65,0.0,0,0.0,0.218671731651,2.66128481599e-06,0.0028100093361,0,0,0,0,0,0,0,0,1,0,0,0,1,0,1,0,0,0,0,0,0,0,1,0,1,0,0,0,0,0,0,0,1,0,0,0,2,0,0,0,1,0,1,0,0,0,0,0,0,0,0,0,0,0,0,0,0,0,0,0,0,0,1,0,0,0,1,0,0,0,0,0,0,0,0,0,0,0,0,0,0,0,0,0,0,0,0,0,1,0,0,0,1,0,0,0,1,0,0,0,2,0,0,0
0,0.0,0,0.0,1,68000000.0,1003,0.0,10,0.0,1,2000000.0,931,1331901.18153,30,2833333.33334,0,0.0,0,0.0,10,7700000.00001,10,-398800000.0,10,7900000.00001,0,0.0,0,0.0,10,7700000.00001,10,3800000.0,0,0.0,10,8800000.00001,0,0.0,7,10142857.1429,10,9600000.0,0,0.0,0,0.0,0,0.0,0,0.0,0,0.0,0,0.0,0,0.0,0,0.0,0,0.0,5,2000000.0,0,0.0,10,4300000.0,0,0.0,0,0.0,0,0.0,0,0.0,0,0.0,0,0.0,0,0.0,0,0.0,0,0.0,5,8600000.0,30,3133333.33334,1,41000000.0,5,8600000.0,5,8799999.99999,5,3400000.0,16,0.0,65,0.0,0,0.0,0.217363847792,5.04475542584e-06,0.0128600861877,0,0,0,0,0,0,0,0,1,0,0,0,1,0,1,0,0,0,0,0,1,0,1,0,0,0,0,0,0,0,1,0,1,0,0,0,1,0,0,0,0,0,1,0,0,0,0,0,0,0,0,0,0,0,0,0,0,0,0,0,0,0,0,0,0,0,1,0,0,0,0,0,0,0,0,0,0,0,0,0,0,0,0,0,0,0,1,0,1,0,0,0,0,0,1,0,0,0,0,0,1,0,0,0
0,0.0,0,0.0,1,23000000.0,1000,0.0,10,0.0,0,0.0,933,3499464.09432,30,4666666.66667,0,0.0,0,0.0,10,4299999.99999,10,-407200000.0,10,4100000.0,0,0.0,0,0.0,10,4399999.99999,10,13600000.0,0,0.0,10,8700000.00001,0,0.0,6,3666666.66668,10,4500000.00001,0,0.0,0,0.0,0,0.0,0,0.0,0,0.0,0,0.0,0,0.0,0,0.0,0,0.0,5,5800000.00001,1,8000000.00006,10,6200000.00002,0,0.0,0,0.0,0,0.0,0,0.0,0,0.0,0,0.0,0,0.0,0,0.0,0,0.0,5,9600000.00001,30,4833333.33334,1,9000000.00003,5,9600000.00001,5,10000000.0,5,11400000.0,19,0.0,65,0.0,0,0.0,0.211666247249,3.37909246255e-06,0.00617415817105,0,0,0,0,0,0,0,0,1,0,0,0,1,0,1,0,0,0,0,0,1,0,1,0,0,0,0,0,0,0,1,0,1,0,0,0,1,0,0,0,1,0,1,0,0,0,0,0,0,0,0,0,0,0,0,0,0,0,0,0,0,0,0,0,0,0,1,0,0,0,0,0,0,0,0,0,0,0,0,0,0,0,0,0,0,0,1,0,1,0,0,0,1,0,0,0,1,0,0,0,2,0,0,0
0,0.0,0,0.0,1,9999999.99997,1001,0.0,10,0.0,1,0.0,949,13357218.1243,30,16933333.3333,0,0.0,0,0.0,10,14800000.0,10,-383300000.0,10,14900000.0,0,0.0,0,0.0,10,15100000.0,10,26300000.0,0,0.0,10,17400000.0,0,0.0,6,21166666.6667,10,10200000.0,0,0.0,0,0.0,0,0.0,0,0.0,0,0.0,0,0.0,0,0.0,0,0.0,0,0.0,5,34200000.0,0,0.0,10,29000000.0,0,0.0,0,0.0,0,0.0,0,0.0,0,0.0,0,0.0,0,0.0,0,0.0,0,0.0,5,24000000.0,30,18366666.6667,1,0.0,5,24000000.0,5,24000000.0,5,24600000.0,16,0.0,65,0.0,0,0.0,0.206065583229,9.60125385063e-06,-0.0190927932505,0,0,0,0,0,0,0,0,1,0,0,0,1,0,1,0,0,0,0,0,1,0,1,0,1,0,0,0,0,0,1,0,1,0,0,0,1,0,0,0,0,0,0,0,0,0,0,0,0,0,0,0,0,0,0,0,0,0,0,0,0,0,0,0,0,0,1,0,0,0,0,0,0,0,0,0,0,0,0,0,0,0,0,0,0,0,1,0,1,0,0,0,0,0,1,0,0,0,0,0,1,0,0,0
0,0.0,0,0.0,0,0.0,1000,0.0,10,0.0,1,0.0,939,3350372.73695,30,6766666.66666,0,0.0,0,0.0,10,9199999.99999,10,-425800000.0,10,8400000.00001,0,0.0,0,0.0,10,9100000.0,10,7600000.0,0,0.0,10,9100000.0,0,0.0,6,7833333.33334,10,7100000.00001,0,0.0,0,0.0,0,0.0,0,0.0,0,0.0,0,0.0,0,0.0,0,0.0,0,0.0,4,11000000.0,1,14000000.0,10,10900000.0,0,0.0,0,0.0,0,0.0,0,0.0,0,0.0,0,0.0,0,0.0,0,0.0,0,0.0,5,9200000.0,30,6966666.66666,0,0.0,5,9200000.0,5,9200000.0,5,6600000.00002,18,0.0,65,0.0,0,0.0,0.162076544017,2.4991540613e-05,-0.0826075401157,0,0,0,0,0,0,0,0,1,0,0,0,1,0,1,0,0,0,0,0,1,0,1,0,0,0,0,0,0,0,1,0,0,0,0,0,1,0,0,0,1,0,1,0,0,0,0,0,0,0,0,0,0,0,0,0,0,0,0,0,0,0,1,0,0,0,1,0,0,0,0,0,0,0,0,0,0,0,0,0,0,0,0,0,0,0,1,0,1,0,0,0,1,0,0,0,0,0,0,0,2,0,0,0
0,0.0,0,0.0,1,9000000.0,1001,0.0,10,0.0,1,0.0,911,1214050.49396,30,3633333.33334,0,0.0,0,0.0,7,5285714.28571,7,-422142857.143,7,3714285.71428,0,0.0,0,0.0,7,5857142.85713,10,2199999.99999,0,0.0,10,5299999.99999,0,0.0,6,6166666.66667,10,4800000.0,0,0.0,0,0.0,0,0.0,0,0.0,0,0.0,0,0.0,0,0.0,0,0.0,0,0.0,3,3666666.66668,3,4666666.66669,10,2700000.00001,0,0.0,0,0.0,0,0.0,0,0.0,0,0.0,0,0.0,0,0.0,0,0.0,0,0.0,5,3799999.99999,30,3733333.33334,1,0.0,5,4199999.99999,5,4399999.99999,5,3600000.00002,18,0.0,65,0.0,0,0.0,0.0859361700714,2.85648291424e-05,-0.328809159786,0,0,0,0,0,0,0,0,1,0,0,0,1,0,1,0,0,0,0,0,1,0,0,0,1,0,0,0,0,0,1,0,1,0,0,0,2,0,0,0,0,0,1,0,0,0,0,0,0,0,0,0,0,0,0,0,0,0,0,0,0,0,0,0,1,0,0,0,0,0,0,0,0,0,0,0,0,0,0,0,0,0,0,0,0,0,1,0,1,0,0,0,0,0,1,0,1,0,0,0,1,0,0,0
0,0.0,0,0.0,2,59500000.0,1001,0.0,11,0.0,1,23000000.0,936,424145.299145,30,11700000.0,0,0.0,0,0.0,4,2749999.99997,4,-319250000.0,4,2749999.99997,0,0.0,0,0.0,4,2749999.99997,12,166666.666646,1,39000000.0001,11,3909090.90911,0,0.0,6,21500000.0,10,16100000.0,0,0.0,0,0.0,0,0.0,0,0.0,0,0.0,0,0.0,0,0.0,0,0.0,1,41000000.0,0,0.0,5,5600000.00001,10,6800000.0,0,0.0,0,0.0,0,0.0,0,0.0,0,0.0,0,0.0,0,0.0,0,0.0,1,0.0,7,2857142.85716,30,6833333.33334,2,24500000.0,7,12000000.0,7,4714285.71429,5,3199999.99999,23,0.0,65,0.0,0,0.0,-0.0799999995665,1.97420315337e-05,-0.381201713654,0,0,0,0,1,0,0,0,1,0,0,0,1,0,1,0,0,0,0,0,1,0,1,0,0,0,0,0,0,0,1,0,1,0,1,0,1,0,0,0,1,0,1,0,0,0,0,0,0,0,0,0,0,0,0,0,0,0,0,0,1,0,0,0,0,0,1,0,0,0,0,0,0,0,0,0,0,0,0,0,0,0,0,0,1,0,1,0,1,0,1,0,1,0,0,0,0,0,0,0,2,0,0,0
0,0.0,0,0.0,1,47000000.0,1002,0.0,10,0.0,1,3999999.99997,924,-1758658.00865,30,4700000.0,0,0.0,0,0.0,10,13600000.0,10,-305100000.0,10,12500000.0,0,0.0,0,0.0,10,13700000.0,10,4800000.0,0,0.0,10,5600000.0,0,0.0,6,12500000.0,10,6799999.99999,0,0.0,0,0.0,0,0.0,0,0.0,0,0.0,0,0.0,0,0.0,0,0.0,0,0.0,4,15500000.0,1,0.0,10,11600000.0,0,0.0,0,0.0,0,0.0,0,0.0,0,0.0,0,0.0,0,0.0,0,0.0,0,0.0,5,16600000.0,30,4833333.33334,1,3999999.99997,5,18800000.0,5,18800000.0,5,14600000.0,17,0.0,65,0.0,0,0.0,-0.211901003122,3.75887560949e-05,-0.221775326133,0,0,0,0,0,0,0,0,1,0,1,0,1,0,1,0,0,0,0,0,0,0,1,0,1,0,0,0,0,0,0,0,1,0,0,0,1,0,0,0,0,0,1,0,0,0,0,0,0,0,0,0,0,0,0,0,0,0,0,0,0,0,0,0,0,0,1,0,0,0,0,0,0,0,0,0,0,0,0,0,0,0,0,0,0,0,1,0,1,0,0,0,0,0,1,0,1,0,0,0,1,0,0,0
0,0.0,0,0.0,2,45000000.0,1001,0.0,10,0.0,1,0.0,898,1295100.22272,30,4933333.33334,0,0.0,0,0.0,10,4600000.0,10,-315200000.0,10,4500000.0,0,0.0,0,0.0,10,4700000.00001,10,8600000.0,0,0.0,10,6100000.00001,0,0.0,5,3400000.0,10,6500000.00001,0,0.0,0,0.0,0,0.0,0,0.0,0,0.0,0,0.0,0,0.0,0,0.0,0,0.0,3,3333333.33335,3,6333333.33333,10,3100000.00001,0,0.0,0,0.0,0,0.0,0,0.0,0,0.0,0,0.0,0,0.0,0,0.0,0,0.0,5,6000000.00001,30,5066666.66667,2,6000000.0,5,9600000.0,5,9600000.0,5,7800000.0,19,0.0,65,0.0,0,0.0,-0.128137436509,7.18586787116e-05,-0.637101106346,0,0,0,0,0,0,0,0,1,0,0,0,1,0,1,0,0,0,0,0,1,0,1,0,0,0,0,0,0,0,1,0,1,0,0,0,1,0,0,0,1,0,1,0,0,0,0,0,0,0,0,0,0,0,0,0,0,0,0,0,0,0,1,0,0,0,1,0,0,0,0,0,0,0,0,0,0,0,0,0,0,0,0,0,0,0,1,0,1,0,0,0,1,0,0,0,0,0,0,0,2,0,0,0
0,0.0,0,0.0,2,37000000.0,1001,0.0,10,0.0,1,33000000.0,952,850840.336134,30,5133333.33333,0,0.0,0,0.0,10,6300000.0,10,-309300000.0,10,6400000.0,0,0.0,0,0.0,10,6100000.0,10,6800000.0,0,0.0,10,5000000.0,0,0.0,5,5200000.0,10,3900000.0,0,0.0,0,0.0,0,0.0,0,0.0,0,0.0,0,0.0,0,0.0,0,0.0,0,0.0,0,0.0,5,7800000.0,10,5100000.0,0,0.0,0,0.0,0,0.0,0,0.0,0,0.0,0,0.0,0,0.0,0,0.0,0,0.0,5,600000.0,30,5233333.33333,2,1000000.0,5,4600000.0,5,6600000.0,5,1000000.0,16,0.0,65,0.0,0,0.0,0.143357793242,0.000214891762153,-1.00439605713,0,0,0,0,0,0,0,0,1,0,0,0,1,0,1,0,0,0,0,0,0,0,1,0,1,0,0,0,0,0,0,0,1,0,0,0,2,0,0,0,0,0,1,0,0,0,0,0,0,0,0,0,0,0,0,0,0,0,0,0,0,0,0,0,0,0,1,0,0,0,0,0,0,0,0,0,0,0,0,0,0,0,0,0,0,0,0,0,1,0,0,0,0,0,1,0,1,0,0,0,1,0,0,0
0,0.0,0,0.0,3,49333333.3333,1000,0.0,10,0.0,1,3000000.0,964,840248.962656,30,3266666.66667,0,0.0,0,0.0,10,3200000.0,10,-312600000.0,10,3200000.0,0,0.0,0,0.0,10,3000000.0,10,4100000.0,0,0.0,10,4300000.0,0,0.0,5,3600000.0,10,3000000.0,0,0.0,0,0.0,0,0.0,0,0.0,0,0.0,0,0.0,0,0.0,0,0.0,0,0.0,4,3000000.0,1,0.0,10,1800000.0,0,0.0,0,0.0,0,0.0,0,0.0,0,0.0,0,0.0,0,0.0,0,0.0,0,0.0,5,1000000.0,30,3300000.0,3,4666666.66667,5,2400000.0,5,2400000.0,5,2600000.0,16,0.0,65,0.0,0,0.0,0.21469977051,0.000325530223927,-0.590397661924,0,0,0,0,0,0,0,0,0,0,0,0,1,0,1,0,0,0,0,0,1,0,1,0,0,0,0,0,0,0,1,0,1,0,0,0,0,0,0,0,1,0,1,0,0,0,0,0,0,0,0,0,0,0,0,0,0,0,0,0,0,0,0,0,0,0,1,0,0,0,0,0,0,0,0,0,0,0,0,0,0,0,0,0,0,0,2,0,1,0,0,0,0,0,0,0,0,0,0,0,2,0,0,0
0,0.0,0,0.0,1,38000000.0,1000,0.0,10,0.0,1,0.0,905,-2838674.03315,30,5633333.33333,0,0.0,0,0.0,10,10500000.0,10,-310100000.0,10,10300000.0,0,0.0,0,0.0,10,10400000.0,10,8800000.0,0,0.0,10,6800000.0,0,0.0,7,5000000.0,10,6500000.0,0,0.0,0,0.0,0,0.0,0,0.0,0,0.0,0,0.0,0,0.0,0,0.0,0,0.0,4,6500000.0,1,0.0,10,5400000.0,0,0.0,0,0.0,0,0.0,0,0.0,0,0.0,0,0.0,0,0.0,0,0.0,0,0.0,5,13200000.0,30,5733333.33333,1,0.0,5,5600000.0,5,5600000.0,5,12400000.0,15,0.0,65,0.0,0,0.0,0.216068430245,8.63136065163e-05,-0.158965292573,0,0,0,0,0,0,0,0,1,0,0,0,1,0,1,0,0,0,0,0,0,0,1,0,1,0,0,0,0,0,0,0,1,0,0,0,1,0,0,0,0,0,1,0,0,0,0,0,0,0,0,0,0,0,0,0,0,0,0,0,0,0,0,0,0,0,1,0,0,0,0,0,0,0,0,0,0,0,0,0,0,0,0,0,0,0,0,0,1,0,0,0,0,0,1,0,1,0,0,0,1,0,0,0
0,0.0,0,0.0,0,0.0,1001,0.0,10,0.0,1,12000000.0,908,2879955.94714,30,7100000.0,0,0.0,0,0.0,10,4600000.0,10,-315900000.0,10,4300000.0,0,0.0,0,0.0,10,4600000.0,10,11100000.0,0,0.0,10,7600000.0,0,0.0,6,9500000.0,10,9100000.0,0,0.0,0,0.0,0,0.0,0,0.0,0,0.0,0,0.0,0,0.0,0,0.0,0,0.0,5,15000000.0,1,1000000.0,10,7900000.0,0,0.0,0,0.0,0,0.0,0,0.0,0,0.0,0,0.0,0,0.0,0,0.0,0,0.0,5,6400000.0,30,7266666.66667,0,0.0,5,7800000.0,5,7800000.0,5,6000000.0,20,0.0,65,0.0,0,0.0,0.216053117812,1.94794230083e-05,-0.0411341723986,0,0,0,0,0,0,0,0,1,0,0,0,1,0,1,0,0,0,0,0,1,0,1,0,0,0,0,0,0,0,1,0,1,0,0,0,1,0,0,0,1,0,1,0,0,0,0,0,0,0,0,0,0,0,0,0,0,0,0,0,0,0,1,0,0,0,1,0,0,0,0,0,0,0,0,0,0,0,0,0,0,0,0,0,0,0,2,0,1,0,0,0,1,0,0,0,0,0,0,0,2,0,0,0
0,0.0,0,0.0,1,54000000.0,1002,0.0,10,0.0,1,4000000.0,953,1748163.6936,30,3500000.0,0,0.0,0,0.0,10,4800000.0,10,-314200000.0,10,3700000.0,0,0.0,0,0.0,10,4300000.0,10,10400000.0,0,0.0,10,5400000.0,0,0.0,6,4333333.33333,10,5100000.0,0,0.0,0,0.0,0,0.0,0,0.0,0,0.0,0,0.0,0,0.0,0,0.0,0,0.0,6,4666666.66667,0,0.0,10,5100000.0,0,0.0,0,0.0,0,0.0,0,0.0,0,0.0,0,0.0,0,0.0,0,0.0,0,0.0,5,1200000.0,30,3500000.0,1,15000000.0,5,4600000.0,5,4600000.0,5,1400000.0,16,0.0,65,0.0,0,0.0,0.214697225392,1.13066698759e-05,-0.0147526336834,0,0,0,0,0,0,0,0,1,0,0,0,1,0,1,0,0,0,0,0,0,0,1,0,1,0,0,0,0,0,0,0,1,0,0,0,2,0,0,0,0,0,1,0,0,0,0,0,0,0,0,0,0,0,0,0,0,0,0,0,0,0,0,0,0,0,1,0,0,0,0,0,0,0,0,0,0,0,0,0,0,0,0,0,0,0,0,0,1,0,0,0,0,0,1,0,1,0,0,0,1,0,0,0
0,0.0,0,0.0,1,59000000.0,999,0.0,10,0.0,1,0.0,943,108165.42948,30,6633333.33333,0,0.0,0,0.0,10,6900000.0,10,-313300000.0,10,6700000.0,0,0.0,0,0.0,10,6600000.0,10,5400000.0,0,0.0,10,3900000.0,0,0.0,5,2800000.0,10,7100000.0,0,0.0,0,0.0,0,0.0,0,0.0,0,0.0,0,0.0,0,0.0,0,0.0,0,0.0,3,666666.666667,3,2000000.0,10,2200000.0,0,0.0,0,0.0,0,0.0,0,0.0,0,0.0,0,0.0,0,0.0,0,0.0,0,0.0,5,4000000.0,30,7166666.66667,1,15000000.0,5,3600000.0,5,3600000.0,5,4200000.0,15,0.0,65,0.0,0,0.0,0.218684533238,2.61122638676e-06,0.00112022120884,0,0,0,0,0,0,0,0,1,0,0,0,1,0,1,0,0,0,0,0,1,0,0,0,0,0,0,0,0,0,1,0,1,0,0,0,1,0,0,0,0,0,1,0,0,0,0,0,0,0,0,0,0,0,0,0,0,0,0,0,0,0,0,0,0,0,1,0,0,0,0,0,0,0,0,0,0,0,0,0,0,0,0,0,0,0,1,0,1,0,0,0,0,0,0,0,0,0,0,0,2,0,0,0
0,0.0,0,0.0,1,44000000.0,1002,0.0,10,0.0,1,4000000.0,948,-1100210.97046,30,4900000.0,0,0.0,0,0.0,10,6700000.0,10,-313900000.0,10,6700000.0,0,0.0,0,0.0,10,6600000.0,10,6700000.0,0,0.0,10,2800000.0,0,0.0,7,3142857.14286,10,3100000.0,0,0.0,0,0.0,0,0.0,0,0.0,0,0.0,0,0.0,0,0.0,0,0.0,0,0.0,3,4333333.33333,2,3000000.0,10,3600000.0,0,0.0,0,0.0,0,0.0,0,0.0,0,0.0,0,0.0,0,0.0,0,0.0,0,0.0,5,4400000.0,30,4933333.33333,1,4000000.0,5,1600000.0,5,1600000.0,5,6000000.0,16,0.0,65,0.0,0,0.0,0.217366755009,1.50269736878e-05,0.0191106306389,0,0,0,0,0,0,0,0,1,0,0,0,1,0,1,0,0,0,0,0,0,0,1,0,1,0,0,0,0,0,0,0,1,0,0,0,1,0,0,0,1,0,1,0,0,0,0,0,0,0,0,0,0,0,0,0,0,0,0,0,0,0,0,0,0,0,1,0,0,0,0,0,0,0,0,0,0,0,0,0,0,0,0,0,0,0,1,0,1,0,0,0,0,0,0,0,1,0,0,0,1,0,0,0
0,0.0,0,0.0,0,0.0,999,0.0,10,0.0,0,0.0,945,1498412.69841,30,5733333.33333,0,0.0,0,0.0,10,7400000.0,10,-307400000.0,10,6900000.0,0,0.0,0,0.0,10,7300000.0,10,11500000.0,0,0.0,10,9400000.0,0,0.0,6,6000000.0,10,7400000.0,0,0.0,0,0.0,0,0.0,0,0.0,0,0.0,0,0.0,0,0.0,0,0.0,0,0.0,5,3400000.0,0,0.0,10,4200000.0,0,0.0,0,0.0,0,0.0,0,0.0,0,0.0,0,0.0,0,0.0,0,0.0,0,0.0,5,6600000.0,30,6433333.33333,0,0.0,5,7400000.0,5,7400000.0,5,8200000.0,17,0.0,65,0.0,0,0.0,0.216054415703,9.16617323128e-06,-0.00376177993603,0,0,0,0,0,0,0,0,1,0,0,0,1,0,1,0,0,0,0,0,1,0,1,0,0,0,0,0,0,0,1,0,1,0,0,0,1,0,0,0,0,0,1,0,0,0,0,0,0,0,0,0,0,0,0,0,0,0,0,0,0,0,0,0,0,0,1,0,0,0,0,0,0,0,0,0,0,0,0,0,0,0,0,0,0,0,1,0,1,0,0,0,0,0,1,0,0,0,0,0,2,0,0,0
0,0.0,0,0.0,1,71000000.0,1001,0.0,10,0.0,1,79000000.0,914,6378555.79869,30,9200000.0,0,0.0,0,0.0,10,12500000.0,10,-301400000.0,10,13000000.0,0,0.0,0,0.0,10,12700000.0,10,15000000.0,0,0.0,10,13400000.0,0,0.0,6,10500000.0,10,14100000.0,0,0.0,0,0.0,0,0.0,0,0.0,0,0.0,0,0.0,0,0.0,0,0.0,0,0.0,5,9600000.0,1,1000000.0,10,6100000.0,0,0.0,0,0.0,0,0.0,0,0.0,0,0.0,0,0.0,0,0.0,0,0.0,0,0.0,5,7800000.0,30,9266666.66667,1,28000000.0,5,7600000.0,5,8000000.0,5,8200000.0,18,0.0,65,0.0,0,0.0,0.217366634309,2.55344607467e-06,0.0217651677085,0,0,0,0,0,0,0,0,1,0,0,0,1,0,1,0,0,0,0,0,0,0,1,0,1,0,0,0,0,0,0,0,0,0,0,0,2,0,0,0,1,0,1,0,0,0,0,0,0,0,0,0,0,0,0,0,0,0,0,0,0,0,1,0,0,0,1,0,0,0,0,0,0,0,0,0,0,0,0,0,0,0,0,0,0,0,1,0,1,0,0,0,1,0,0,0,1,0,0,0,1,0,0,0
0,0.0,0,0.0,1,30000000.0,998,0.0,10,0.0,1,-1000000.0,912,468201.754386,30,2733333.33333,0,0.0,0,0.0,10,2400000.0,10,-316700000.0,10,2700000.0,0,0.0,0,0.0,10,2600000.0,10,1000000.0,0,0.0,10,1600000.0,0,0.0,5,2600000.0,10,3400000.0,0,0.0,0,0.0,0,0.0,0,0.0,0,0.0,0,0.0,0,0.0,0,0.0,0,0.0,4,0.0,2,0.0,10,400000.0,0,0.0,0,0.0,0,0.0,0,0.0,0,0.0,0,0.0,0,0.0,0,0.0,0,0.0,5,0.0,30,2966666.66667,1,0.0,5,1600000.0,5,3000000.0,5,2000000.0,15,0.0,65,0.0,0,0.0,0.21736933738,7.40735072213e-06,-0.0156043223571,0,0,0,0,0,0,0,0,1,0,0,0,1,0,1,0,0,0,0,0,0,0,1,0,0,0,0,0,0,0,0,0,1,0,0,0,1,0,0,0,0,0,1,0,0,0,0,0,0,0,0,0,0,0,0,0,0,0,0,0,0,0,0,0,0,0,1,0,0,0,0,0,0,0,0,0,0,0,0,0,0,0,0,0,0,0,1,0,1,0,0,0,0,0,1,0,0,0,0,0,2,0,0,0
0,0.0,0,0.0,0,0.0,1002,0.0,10,0.0,1,0.0,871,1471871.41217,30,4866666.66667,0,0.0,0,0.0,10,5500000.0,10,-312900000.0,10,5500000.0,0,0.0,0,0.0,10,5800000.0,10,2600000.0,0,0.0,10,4500000.0,0,0.0,6,6500000.0,10,4600000.0,0,0.0,0,0.0,0,0.0,0,0.0,0,0.0,0,0.0,0,0.0,0,0.0,0,0.0,6,7000000.0,0,0.0,10,5200000.0,0,0.0,0,0.0,0,0.0,0,0.0,0,0.0,0,0.0,0,0.0,0,0.0,0,0.0,5,4000000.0,30,5066666.66667,0,0.0,5,5600000.0,5,5600000.0,5,6400000.0,18,0.0,65,0.0,0,0.0,0.217322531343,8.44250198497e-06,0.0063832225278,0,0,0,0,0,0,0,0,1,0,0,0,1,0,1,0,0,0,0,0,1,0,1,0,1,0,0,0,0,0,1,0,1,0,0,0,1,0,0,0,1,0,1,0,0,0,0,0,0,0,0,0,0,0,0,0,0,0,0,0,0,0,0,0,0,0,1,0,0,0,0,0,0,0,0,0,0,0,0,0,0,0,0,0,0,0,1,0,1,0,0,0,0,0,0,0,1,0,0,0,1,0,0,0
0,0.0,0,0.0,1,61000000.0,1003,0.0,10,0.0,1,20000000.0,944,1649364.40678,30,2633333.33333,0,0.0,0,0.0,10,3700000.0,10,-321000000.0,10,3400000.0,0,0.0,0,0.0,10,3600000.0,10,3700000.0,0,0.0,10,6400000.0,0,0.0,7,5857142.85714,10,5100000.0,0,0.0,0,0.0,0,0.0,0,0.0,0,0.0,0,0.0,0,0.0,0,0.0,0,0.0,5,3000000.0,0,0.0,10,3500000.0,0,0.0,0,0.0,0,0.0,0,0.0,0,0.0,0,0.0,0,0.0,0,0.0,0,0.0,5,3200000.0,30,2933333.33333,1,20000000.0,5,6200000.0,5,6800000.0,5,2600000.0,15,0.0,65,0.0,0,0.0,0.213225901127,8.93573070471e-06,-0.0115716765635,0,0,0,0,0,0,0,0,1,0,0,0,1,0,1,0,0,0,0,0,0,0,1,0,0,0,0,0,0,0,0,0,1,0,0,0,1,0,0,0,0,0,1,0,0,0,0,0,0,0,0,0,0,0,0,0,0,0,0,0,0,0,0,0,0,0,1,0,0,0,0,0,0,0,0,0,0,0,0,0,0,0,0,0,0,0,1,0,1,0,0,0,0,0,1,0,0,0,0,0,2,0,0,0
0,0.0,0,0.0,1,49000000.0,1000,0.0,10,0.0,1,9000000.0,907,554575.523705,30,2833333.33333,0,0.0,0,0.0,10,3300000.0,10,-323900000.0,10,5500000.0,0,0.0,0,0.0,10,3500000.0,10,5000000.0,0,0.0,10,3800000.0,0,0.0,6,4500000.0,10,5100000.0,0,0.0,0,0.0,0,0.0,0,0.0,0,0.0,0,0.0,0,0.0,0,0.0,0,0.0,4,500000.0,2,500000.0,10,400000.0,0,0.0,0,0.0,0,0.0,0,0.0,0,0.0,0,0.0,0,0.0,0,0.0,0,0.0,5,4000000.0,30,2900000.0,1,36000000.0,5,7400000.0,5,9000000.0,5,4200000.0,18,0.0,65,0.0,0,0.0,0.215982727706,6.93615957061e-06,0.00554736601189,0,0,0,0,0,0,0,0,1,0,0,0,1,0,1,0,0,0,0,0,1,0,1,0,1,0,0,0,0,0,1,0,1,0,0,0,2,0,0,0,1,0,0,0,0,0,0,0,0,0,0,0,0,0,0,0,0,0,0,0,0,0,1,0,0,0,0,0,0,0,0,0,0,0,0,0,0,0,0,0,0,0,0,0,0,0,1,0,1,0,0,0,1,0,0,0,1,0,0,0,0,0,0,0
0,0.0,0,0.0,1,37000000.0,1002,0.0,10,0.0,1,0.0,919,3569096.8444,30,8133333.33333,0,0.0,0,0.0,10,3000000.0,10,-320000000.0,10,2800000.0,0,0.0,0,0.0,10,2300000.0,10,3600000.0,0,0.0,10,4800000.0,0,0.0,5,15600000.0,10,4500000.0,0,0.0,0,0.0,0,0.0,0,0.0,0,0.0,0,0.0,0,0.0,0,0.0,0,0.0,4,1750000.0,1,0.0,10,2200000.0,0,0.0,0,0.0,0,0.0,0,0.0,0,0.0,0,0.0,0,0.0,0,0.0,0,0.0,5,12800000.0,30,8233333.33333,1,7000000.0,5,14800000.0,5,14800000.0,5,13800000.0,17,0.0,65,0.0,0,0.0,0.21605206877,1.84589072319e-05,-0.00514702079818,0,0,0,0,1,0,0,0,1,0,0,0,1,0,1,0,0,0,0,0,0,0,1,0,0,0,0,0,0,0,0,0,1,0,0,0,1,0,0,0,0,0,1,0,0,0,0,0,0,0,0,0,0,0,0,0,0,0,0,0,0,0,0,0,0,0,1,0,0,0,0,0,0,0,0,0,0,0,0,0,0,0,0,0,0,0,0,0,1,0,1,0,0,0,1,0,0,0,0,0,3,0,0,0
0,0.0,0,0.0,0,0.0,994,0.0,10,0.0,1,191000000.0,795,-8358490.56604,30,25600000.0,0,0.0,0,0.0,10,66800000.0,10,-255500000.0,10,66700000.0,0,0.0,0,0.0,10,66200000.0,10,53400000.0,0,0.0,10,29000000.0,0,0.0,6,58166666.6667,10,32000000.0,0,0.0,0,0.0,0,0.0,0,0.0,0,0.0,0,0.0,0,0.0,0,0.0,0,0.0,4,79750000.0,1,36000000.0,10,57700000.0,0,0.0,0,0.0,0,0.0,0,0.0,0,0.0,0,0.0,0,0.0,0,0.0,0,0.0,5,57000000.0,30,25700000.0,0,0.0,5,48800000.0,5,48800000.0,5,55000000.0,19,0.0,65,0.0,0,0.0,0.211919593811,2.07341281566e-07,0.017946186522,0,0,0,0,0,0,0,0,1,0,1,0,1,0,1,0,0,0,0,0,1,0,1,0,1,0,0,0,0,0,1,0,1,0,0,0,1,0,0,0,1,0,1,0,0,0,0,0,0,0,0,0,0,0,0,0,0,0,0,0,0,0,0,0,0,0,1,0,0,0,0,0,0,0,0,0,0,0,0,0,0,0,0,0,0,0,2,0,1,0,0,0,0,0,0,0,1,0,0,0,0,0,0,0
0,0.0,0,0.0,1,35000000.0,998,0.0,10,0.0,1,8000000.0,932,4681330.4721,30,5466666.66667,0,0.0,0,0.0,10,9800000.0,10,-312900000.0,10,11200000.0,0,0.0,0,0.0,10,9900000.0,10,7400000.0,0,0.0,10,14700000.0,0,0.0,6,12500000.0,10,13500000.0,0,0.0,0,0.0,0,0.0,0,0.0,0,0.0,0,0.0,0,0.0,0,0.0,0,0.0,5,4600000.0,1,9000000.0,10,5100000.0,0,0.0,0,0.0,0,0.0,0,0.0,0,0.0,0,0.0,0,0.0,0,0.0,0,0.0,5,600000.0,30,5600000.0,1,7000000.0,5,10200000.0,5,10600000.0,5,7800000.0,13,0.0,65,0.0,0,0.0,0.218687047064,1.05648029603e-05,-0.0210991329979,0,0,0,0,0,0,0,0,0,0,0,0,1,0,1,0,0,0,0,0,0,0,1,0,0,0,0,0,0,0,0,0,1,0,0,0,0,0,0,0,0,0,1,0,0,0,0,0,0,0,0,0,0,0,0,0,0,0,0,0,0,0,0,0,0,0,1,0,0,0,0,0,0,0,0,0,0,0,0,0,0,0,0,0,0,0,0,0,1,0,0,0,0,0,1,0,0,0,0,0,3,0,0,0
0,0.0,0,0.0,1,31000000.0,1001,0.0,10,0.0,1,10000000.0,964,1721991.70124,30,3933333.33333,0,0.0,0,0.0,10,6800000.0,10,-318700000.0,10,6700000.0,0,0.0,0,0.0,10,6800000.0,10,3000000.0,0,0.0,10,6600000.0,0,0.0,6,2833333.33333,10,2800000.0,0,0.0,0,0.0,0,0.0,0,0.0,0,0.0,0,0.0,0,0.0,0,0.0,0,0.0,4,1750000.0,1,1000000.0,10,3500000.0,0,0.0,0,0.0,0,0.0,0,0.0,0,0.0,0,0.0,0,0.0,0,0.0,0,0.0,5,1200000.0,30,4000000.0,1,1000000.0,5,10800000.0,5,10800000.0,5,2400000.0,20,0.0,65,0.0,0,0.0,0.217360629141,2.69376284706e-05,-0.0435086685466,0,0,0,0,0,0,0,0,1,0,0,0,1,0,1,0,0,0,0,0,1,0,1,0,1,0,0,0,0,0,1,0,1,0,0,0,2,0,0,0,1,0,1,0,0,0,0,0,0,0,0,0,0,0,0,0,0,0,0,0,0,0,1,0,0,0,1,0,0,0,0,0,0,0,0,0,0,0,0,0,0,0,0,0,0,0,2,0,1,0,0,0,1,0,0,0,0,0,0,0,0,0,0,0
0,0.0,0,0.0,0,0.0,1032,0.0,10,0.0,1,1000000.0,899,6913236.92992,30,21600000.0,0,0.0,0,0.0,10,16900000.0,10,-299500000.0,10,16800000.0,0,0.0,0,0.0,10,16500000.0,8,26500000.0,0,0.0,10,16700000.0,0,0.0,6,16333333.3333,10,17300000.0,0,0.0,0,0.0,0,0.0,0,0.0,0,0.0,0,0.0,0,0.0,0,0.0,0,0.0,4,47250000.0,1,0.0,9,29444444.4444,0,0.0,0,0.0,0,0.0,0,0.0,0,0.0,0,0.0,0,0.0,0,0.0,0,0.0,5,34200000.0,29,22241379.3103,0,0.0,5,16400000.0,5,17200000.0,5,32400000.0,12,0.0,63,0.0,0,0.0,0.217304630578,2.96279404211e-05,-0.0691453265026,0,0,0,0,0,0,0,0,0,0,0,0,1,0,1,0,0,0,0,0,0,0,1,0,0,0,0,0,0,0,0,0,0,0,0,0,0,0,0,0,0,0,1,0,0,0,0,0,0,0,0,0,0,0,0,0,0,0,0,0,0,0,0,0,0,0,1,0,0,0,0,0,0,0,0,0,0,0,0,0,0,0,0,0,0,0,0,0,1,0,0,0,0,0,1,0,0,0,0,0,3,0,0,0
0,0.0,0,0.0,1,33000000.0,969,0.0,10,0.0,1,4000000.0,968,3377066.1157,30,4333333.33333,0,0.0,0,0.0,10,3500000.0,10,-322200000.0,10,3400000.0,0,0.0,0,0.0,10,3700000.0,12,10000000.0,0,0.0,10,3800000.0,0,0.0,5,2400000.0,10,4400000.0,0,0.0,0,0.0,0,0.0,0,0.0,0,0.0,0,0.0,0,0.0,0,0.0,0,0.0,4,13500000.0,2,1000000.0,11,5272727.27273,0,0.0,0,0.0,0,0.0,0,0.0,0,0.0,0,0.0,0,0.0,0,0.0,0,0.0,5,2600000.0,31,6064516.12903,1,0.0,5,7000000.0,5,7000000.0,5,1800000.0,17,0.0,67,0.0,0,0.0,0.216057598591,3.43249194998e-05,-0.107379489904,0,0,0,0,0,0,0,0,1,0,0,0,1,0,1,0,0,0,0,0,1,0,0,0,1,0,0,0,0,0,1,0,1,0,0,0,1,0,0,0,1,0,1,0,0,0,0,0,0,0,0,0,0,0,0,0,0,0,0,0,0,0,0,0,0,0,1,0,0,0,0,0,0,0,0,0,0,0,0,0,0,0,0,0,0,0,2,0,1,0,0,0,0,0,0,0,1,0,0,0,0,0,0,0
0,0.0,0,0.0,1,65000000.0,987,0.0,10,0.0,1,0.0,928,4689655.17241,30,7533333.33333,0,0.0,0,0.0,10,12400000.0,10,-308800000.0,10,11600000.0,0,0.0,0,0.0,10,12700000.0,10,9900000.0,0,0.0,10,12000000.0,0,0.0,5,7600000.0,10,9000000.0,0,0.0,0,0.0,0,0.0,0,0.0,0,0.0,0,0.0,0,0.0,0,0.0,0,0.0,5,10600000.0,1,0.0,10,8400000.0,0,0.0,0,0.0,0,0.0,0,0.0,0,0.0,0,0.0,0,0.0,0,0.0,0,0.0,5,8800000.0,30,5833333.33333,1,9000000.0,5,10800000.0,5,11600000.0,5,11000000.0,13,0.0,65,0.0,0,0.0,0.21730915755,4.34746929386e-05,-0.119980603084,0,0,0,0,0,0,0,0,0,0,0,0,1,0,1,0,0,0,0,0,0,0,1,0,0,0,0,0,0,0,0,0,1,0,0,0,0,0,0,0,0,0,1,0,0,0,0,0,0,0,0,0,0,0,0,0,0,0,0,0,0,0,0,0,0,0,1,0,0,0,0,0,0,0,0,0,0,0,0,0,0,0,0,0,0,0,0,0,1,0,0,0,0,0,1,0,0,0,0,0,3,0,0,0
0,0.0,0,0.0,1,45000000.0,1014,0.0,10,0.0,1,14000000.0,966,2425465.83851,30,7933333.33333,0,0.0,0,0.0,10,10700000.0,10,-312900000.0,10,10100000.0,0,0.0,0,0.0,10,9700000.0,10,2800000.0,0,0.0,10,11700000.0,0,0.0,6,15166666.6667,10,9400000.0,0,0.0,0,0.0,0,0.0,0,0.0,0,0.0,0,0.0,0,0.0,0,0.0,0,0.0,5,14600000.0,1,2000000.0,10,8500000.0,0,0.0,0,0.0,0,0.0,0,0.0,0,0.0,0,0.0,0,0.0,0,0.0,0,0.0,5,3800000.0,30,8166666.66667,1,14000000.0,5,15200000.0,5,15400000.0,5,3200000.0,19,0.0,65,0.0,0,0.0,0.217380279303,4.74501782264e-05,-0.113894927502,0,0,0,0,0,0,0,0,1,0,0,0,1,0,1,0,0,0,0,0,1,0,0,0,1,0,0,0,0,0,1,0,1,0,0,0,2,0,0,0,1,0,1,0,0,0,0,0,0,0,0,0,0,0,0,0,0,0,0,0,0,0,1,0,0,0,1,0,0,0,0,0,0,0,0,0,0,0,0,0,0,0,0,0,0,0,2,0,1,0,0,0,1,0,0,0,0,0,0,0,0,0,0,0
0,0.0,0,0.0,1,28000000.0,1000,0.0,10,0.0,1,12000000.0,917,1773173.39149,30,3733333.33333,0,0.0,0,0.0,10,4700000.0,10,-325200000.0,10,5400000.0,0,0.0,0,0.0,10,4700000.0,10,1600000.0,0,0.0,10,6600000.0,0,0.0,6,2333333.33333,10,2700000.0,0,0.0,0,0.0,0,0.0,0,0.0,0,0.0,0,0.0,0,0.0,0,0.0,0,0.0,3,333333.333333,2,1500000.0,10,700000.0,0,0.0,0,0.0,0,0.0,0,0.0,0,0.0,0,0.0,0,0.0,0,0.0,0,0.0,5,1000000.0,30,3900000.0,1,1000000.0,5,3800000.0,5,3800000.0,5,1800000.0,11,0.0,65,0.0,0,0.0,0.218684257567,5.71947184653e-05,-0.145658750832,0,0,0,0,0,0,0,0,0,0,0,0,1,0,0,0,0,0,0,0,0,0,1,0,0,0,0,0,0,0,0,0,1,0,0,0,0,0,0,0,0,0,1,0,0,0,0,0,0,0,0,0,0,0,0,0,0,0,0,0,0,0,0,0,0,0,1,0,0,0,0,0,0,0,0,0,0,0,0,0,0,0,0,0,0,0,0,0,0,0,0,0,0,0,1,0,0,0,0,0,3,0,0,0
0,0.0,0,0.0,1,27000000.0,1001,0.0,10,0.0,1,0.0,927,1288025.88997,30,2266666.66667,0,0.0,0,0.0,10,4300000.0,10,-320900000.0,10,3500000.0,0,0.0,0,0.0,10,3900000.0,10,2200000.0,0,0.0,10,5900000.0,0,0.0,5,3600000.0,10,4600000.0,0,0.0,0,0.0,0,0.0,0,0.0,0,0.0,0,0.0,0,0.0,0,0.0,0,0.0,5,1200000.0,1,3000000.0,10,2000000.0,0,0.0,0,0.0,0,0.0,0,0.0,0,0.0,0,0.0,0,0.0,0,0.0,0,0.0,5,9400000.0,30,2566666.66667,1,0.0,5,3400000.0,5,3600000.0,5,7400000.0,13,0.0,65,0.0,0,0.0,0.218688713014,3.3209412868e-05,-0.0962194159627,0,0,0,0,0,0,0,0,0,0,0,0,1,0,1,0,0,0,0,0,1,0,0,0,0,0,0,0,0,0,1,0,1,0,0,0,0,0,0,0,0,0,1,0,0,0,0,0,0,0,0,0,0,0,0,0,0,0,0,0,0,0,0,0,0,0,1,0,0,0,0,0,0,0,0,0,0,0,0,0,0,0,0,0,0,0,2,0,1,0,0,0,0,0,0,0,1,0,0,0,0,0,0,0
0,0.0,0,0.0,1,63000000.0,1001,0.0,9,0.0,1,0.0,828,2062801.93237,29,5068965.51724,0,0.0,0,0.0,9,3333333.33333,9,-331444444.444,9,3111111.11111,0,0.0,0,0.0,9,2555555.55556,8,15500000.0,0,0.0,9,4555555.55556,0,0.0,5,400000.0,9,4666666.66667,0,0.0,0,0.0,0,0.0,0,0.0,0,0.0,0,0.0,0,0.0,0,0.0,0,0.0,4,26000000.0,1,4000000.0,10,6700000.0,0,0.0,0,0.0,0,0.0,0,0.0,0,0.0,0,0.0,0,0.0,0,0.0,0,0.0,4,250000.0,29,5206896.55172,1,9000000.0,5,7400000.0,5,7400000.0,4,0.0,14,0.0,62,0.0,0,0.0,0.219999998808,2.6187062013e-05,-0.05855890335,0,0,0,0,0,0,0,0,1,0,0,0,1,0,1,0,0,0,0,0,0,0,0,0,1,0,0,0,0,0,0,0,1,0,0,0,1,0,0,0,1,0,1,0,0,0,0,0,0,0,0,0,0,0,0,0,0,0,0,0,0,0,0,0,0,0,1,0,0,0,0,0,0,0,0,0,0,0,0,0,0,0,0,0,0,0,0,0,1,0,0,0,0,0,1,0,0,0,0,0,2,0,0,0
0,0.0,0,0.0,1,39000000.0,1001,0.0,11,0.0,1,14000000.0,1023,3801564.02737,31,4193548.3871,0,0.0,0,0.0,11,12909090.9091,11,-308636363.636,11,15272727.2727,0,0.0,0,0.0,11,12636363.6364,12,15583333.3333,0,0.0,11,17545454.5455,0,0.0,6,20666666.6667,11,18363636.3636,0,0.0,0,0.0,0,0.0,0,0.0,0,0.0,0,0.0,0,0.0,0,0.0,0,0.0,5,5800000.0,1,69000000.0,10,6100000.0,0,0.0,0,0.0,0,0.0,0,0.0,0,0.0,0,0.0,0,0.0,0,0.0,0,0.0,6,21166666.6667,31,4709677.41935,1,18000000.0,5,10000000.0,5,10800000.0,6,25500000.0,17,0.0,68,0.0,0,0.0,0.217609255151,4.2733077676e-06,-0.00669788460205,0,0,0,0,0,0,0,0,0,0,0,0,1,0,1,0,0,0,0,0,1,0,1,0,0,0,0,0,0,0,1,0,1,0,0,0,1,0,0,0,0,0,1,0,0,0,0,0,0,0,0,0,0,0,0,0,0,0,0,0,0,0,1,0,0,0,1,0,0,0,0,0,0,0,0,0,0,0,0,0,0,0,0,0,0,0,2,0,1,0,0,0,1,0,0,0,0,0,0,0,1,0,0,0
0,0.0,0,0.0,1,62000000.0,1000,0.0,10,0.0,1,8000000.0,951,-1000000.0,30,7866666.66667,0,0.0,0,0.0,10,9200000.0,10,-316200000.0,10,9000000.0,0,0.0,0,0.0,10,9100000.0,10,8700000.0,0,0.0,10,13600000.0,0,0.0,6,6500000.0,10,13200000.0,0,0.0,0,0.0,0,0.0,0,0.0,0,0.0,0,0.0,0,0.0,0,0.0,0,0.0,4,10250000.0,1,5000000.0,10,7800000.0,0,0.0,0,0.0,0,0.0,0,0.0,0,0.0,0,0.0,0,0.0,0,0.0,0,0.0,5,9400000.0,30,8000000.0,1,30000000.0,5,17000000.0,5,17800000.0,5,8800000.0,14,0.0,65,0.0,0,0.0,0.217373090982,4.87470706219e-06,0.0130928562488,0,0,0,0,0,0,0,0,1,0,0,0,1,0,1,0,0,0,0,0,0,0,0,0,1,0,0,0,0,0,0,0,1,0,0,0,1,0,0,0,1,0,1,0,0,0,0,0,0,0,0,0,0,0,0,0,0,0,0,0,0,0,0,0,0,0,1,0,0,0,0,0,0,0,0,0,0,0,0,0,0,0,0,0,0,0,0,0,1,0,0,0,0,0,0,0,0,0,0,0,2,0,0,0
0,0.0,0,0.0,1,37000000.0,1001,0.0,10,0.0,1,2000000.0,945,-353439.153439,30,2966666.66667,0,0.0,0,0.0,10,5700000.0,10,-323600000.0,10,5100000.0,0,0.0,0,0.0,10,5800000.0,10,2200000.0,0,0.0,10,8500000.0,0,0.0,6,3000000.0,10,8500000.0,0,0.0,0,0.0,0,0.0,0,0.0,0,0.0,0,0.0,0,0.0,0,0.0,0,0.0,4,5750000.0,1,0.0,10,3900000.0,0,0.0,0,0.0,0,0.0,0,0.0,0,0.0,0,0.0,0,0.0,0,0.0,0,0.0,5,1800000.0,30,3166666.66667,1,8000000.0,5,14600000.0,5,14600000.0,5,3200000.0,14,0.0,65,0.0,0,0.0,0.218685269356,1.62848146374e-05,-0.0342159874737,0,0,0,0,0,0,0,0,0,0,0,0,1,0,1,0,0,0,0,0,1,0,1,0,0,0,0,0,0,0,1,0,1,0,0,0,0,0,0,0,0,0,1,0,0,0,0,0,0,0,0,0,0,0,0,0,0,0,0,0,0,0,0,0,0,0,1,0,0,0,0,0,0,0,0,0,0,0,0,0,0,0,0,0,0,0,0,0,1,0,0,0,0,0,1,0,1,0,0,0,1,0,0,0
0,0.0,0,0.0,1,29000000.0,1001,0.0,10,0.0,1,2000000.0,936,419871.794872,30,4400000.0,0,0.0,0,0.0,10,4000000.0,10,-323900000.0,10,3600000.0,0,0.0,0,0.0,10,4300000.0,10,5600000.0,0,0.0,10,5100000.0,0,0.0,5,2600000.0,10,4100000.0,0,0.0,0,0.0,0,0.0,0,0.0,0,0.0,0,0.0,0,0.0,0,0.0,0,0.0,5,1000000.0,1,11000000.0,10,1300000.0,0,0.0,0,0.0,0,0.0,0,0.0,0,0.0,0,0.0,0,0.0,0,0.0,0,0.0,5,3200000.0,30,4500000.0,1,0.0,5,3400000.0,5,3400000.0,5,7200000.0,16,0.0,65,0.0,0,0.0,0.216098321974,1.72509589902e-05,-0.0235761313699,0,0,0,0,0,0,0,0,1,0,0,0,1,0,1,0,0,0,0,0,0,0,0,0,1,0,0,0,0,0,0,0,1,0,0,0,1,0,0,0,1,0,1,0,0,0,0,0,0,0,0,0,0,0,0,0,0,0,0,0,0,0,0,0,0,0,1,0,0,0,0,0,0,0,0,0,0,0,0,0,0,0,0,0,0,0,2,0,1,0,0,0,0,0,0,0,0,0,0,0,2,0,0,0
0,0.0,0,0.0,1,55000000.0,1010,0.0,10,0.0,1,19000000.0,913,6971522.45345,28,2071428.57143,0,0.0,0,0.0,10,2500000.0,10,-306200000.0,10,19100000.0,0,0.0,0,0.0,10,1600000.0,8,17625000.0,0,0.0,10,10800000.0,0,0.0,6,13166666.6667,10,9400000.0,0,0.0,0,0.0,0,0.0,0,0.0,0,0.0,0,0.0,0,0.0,0,0.0,0,0.0,4,2000000.0,1,2000000.0,9,10777777.7778,0,0.0,0,0.0,0,0.0,0,0.0,0,0.0,0,0.0,0,0.0,0,0.0,0,0.0,5,5000000.0,28,1535714.28571,1,10000000.0,5,9200000.0,5,9400000.0,5,10600000.0,12,0.0,60,0.0,0,0.0,0.217378617823,2.28226130048e-05,-0.030557250604,0,0,0,0,0,0,0,0,0,0,0,0,0,0,1,0,0,0,0,0,1,0,1,0,0,0,0,0,0,0,1,0,0,0,0,0,1,0,0,0,0,0,0,0,0,0,0,0,0,0,0,0,0,0,0,0,0,0,0,0,0,0,1,0,1,0,0,0,0,0,0,0,0,0,0,0,0,0,0,0,0,0,0,0,0,0,0,0,1,0,0,0,1,0,1,0,0,0,0,0,1,0,0,0
0,0.0,0,0.0,1,26000000.0,994,0.0,10,0.0,1,1000000.0,952,2471638.65546,32,3843750.0,0,0.0,0,0.0,10,3000000.0,10,-326200000.0,10,2800000.0,0,0.0,0,0.0,10,3100000.0,10,7400000.0,0,0.0,10,3700000.0,0,0.0,6,3833333.33333,10,4400000.0,0,0.0,0,0.0,0,0.0,0,0.0,0,0.0,0,0.0,0,0.0,0,0.0,0,0.0,5,2800000.0,1,0.0,11,5000000.0,0,0.0,0,0.0,0,0.0,0,0.0,0,0.0,0,0.0,0,0.0,0,0.0,0,0.0,5,800000.0,32,3937500.0,1,0.0,5,3400000.0,5,3400000.0,5,200000.0,14,0.0,70,0.0,0,0.0,0.218676201999,4.74391321291e-05,-0.0223740074784,0,0,0,0,0,0,0,0,1,0,0,0,1,0,1,0,0,0,0,0,0,0,0,0,1,0,0,0,0,0,0,0,1,0,0,0,1,0,0,0,1,0,1,0,0,0,0,0,0,0,0,0,0,0,0,0,0,0,0,0,0,0,0,0,0,0,1,0,0,0,0,0,0,0,0,0,0,0,0,0,0,0,0,0,0,0,2,0,1,0,0,0,0,0,0,0,0,0,0,0,0,0,0,0
0,0.0,0,0.0,1,33000000.0,999,0.0,10,0.0,1,2000000.0,950,425263.157895,30,2533333.33333,0,0.0,0,0.0,10,2400000.0,10,-329600000.0,10,2500000.0,0,0.0,0,0.0,10,2500000.0,12,7500000.0,0,0.0,10,7900000.0,0,0.0,6,4333333.33333,10,5900000.0,0,0.0,0,0.0,0,0.0,0,0.0,0,0.0,0,0.0,0,0.0,0,0.0,0,0.0,4,1500000.0,1,0.0,10,2100000.0,0,0.0,0,0.0,0,0.0,0,0.0,0,0.0,0,0.0,0,0.0,0,0.0,0,0.0,5,2200000.0,30,2633333.33333,1,0.0,5,5800000.0,5,6200000.0,5,800000.0,19,0.0,65,0.0,0,0.0,0.215986861289,1.06887718815e-05,0.0557242460549,0,0,0,0,1,0,0,0,0,0,1,0,1,0,1,0,0,0,0,0,1,0,1,0,0,0,0,0,0,0,1,0,1,0,0,0,0,0,0,0,0,0,1,0,0,0,0,0,0,0,0,0,0,0,0,0,0,0,0,0,0,0,0,0,0,0,1,0,0,0,0,0,0,0,0,0,0,0,0,0,0,0,0,0,0,0,0,0,1,0,1,0,0,0,1,0,1,0,0,0,3,0,0,0
0,0.0,0,0.0,1,40000000.0,1001,0.0,10,0.0,1,0.0,912,531798.245614,30,3166666.66667,0,0.0,0,0.0,10,3000000.0,10,-330800000.0,10,3000000.0,0,0.0,0,0.0,10,3100000.0,10,3600000.0,0,0.0,10,8300000.0,0,0.0,6,2333333.33333,10,3200000.0,0,0.0,0,0.0,0,0.0,0,0.0,0,0.0,0,0.0,0,0.0,0,0.0,0,0.0,4,1000000.0,1,0.0,10,2400000.0,0,0.0,0,0.0,0,0.0,0,0.0,0,0.0,0,0.0,0,0.0,0,0.0,0,0.0,5,600000.0,30,3900000.0,1,12000000.0,5,3800000.0,5,4600000.0,5,4000000.0,14,0.0,65,0.0,0,0.0,0.218683207035,3.02283779661e-06,0.0598225887865,0,0,0,0,0,0,0,0,1,0,0,0,1,0,1,0,0,0,0,0,0,0,0,0,1,0,0,0,0,0,0,0,1,0,0,0,1,0,0,0,1,0,1,0,0,0,0,0,0,0,0,0,0,0,0,0,0,0,0,0,0,0,0,0,0,0,1,0,0,0,0,0,0,0,0,0,0,0,0,0,0,0,0,0,0,0,2,0,1,0,0,0,0,0,0,0,0,0,0,0,0,0,0,0
0,0.0,0,0.0,1,29000000.0,1002,0.0,10,0.0,1,0.0,924,2339826.83983,30,3066666.66667,0,0.0,0,0.0,10,10100000.0,10,-317500000.0,10,9700000.0,0,0.0,0,0.0,10,10300000.0,10,5900000.0,0,0.0,10,9900000.0,0,0.0,5,7800000.0,10,8300000.0,0,0.0,0,0.0,0,0.0,0,0.0,0,0.0,0,0.0,0,0.0,0,0.0,0,0.0,4,3500000.0,1,8000000.0,10,5500000.0,0,0.0,0,0.0,0,0.0,0,0.0,0,0.0,0,0.0,0,0.0,0,0.0,0,0.0,5,2800000.0,30,2633333.33333,1,10000000.0,5,13000000.0,5,13200000.0,5,6600000.0,18,0.0,65,0.0,0,0.0,0.218686614931,2.01101876883e-05,-0.0527624148875,0,0,0,0,0,0,0,0,0,0,0,0,1,0,1,0,0,0,0,0,1,0,1,0,0,0,0,0,0,0,1,0,1,0,0,0,1,0,0,0,0,0,1,0,0,0,0,0,0,0,0,0,0,0,0,0,0,0,0,0,0,0,1,0,0,0,1,0,0,0,0,0,0,0,0,0,0,0,0,0,0,0,0,0,0,0,0,0,1,0,0,0,1,0,1,0,0,0,0,0,3,0,0,0
0,0.0,0,0.0,1,29000000.0,1001,0.0,10,0.0,1,18000000.0,932,1420600.85837,30,5266666.66667,0,0.0,0,0.0,10,3500000.0,10,-326700000.0,10,3000000.0,0,0.0,0,0.0,10,3500000.0,10,6100000.0,0,0.0,10,4300000.0,0,0.0,5,8400000.0,10,4800000.0,0,0.0,0,0.0,0,0.0,0,0.0,0,0.0,0,0.0,0,0.0,0,0.0,0,0.0,5,6200000.0,1,0.0,10,4100000.0,0,0.0,0,0.0,0,0.0,0,0.0,0,0.0,0,0.0,0,0.0,0,0.0,0,0.0,5,6400000.0,30,6500000.0,1,3000000.0,5,7600000.0,5,7600000.0,5,3200000.0,14,0.0,65,0.0,0,0.0,0.217367148399,6.40413425572e-05,-0.0825507653877,0,0,0,0,0,0,0,0,1,0,0,0,1,0,1,0,0,0,0,0,0,0,0,0,1,0,0,0,0,0,0,0,1,0,0,0,1,0,0,0,1,0,1,0,0,0,0,0,0,0,0,0,0,0,0,0,0,0,0,0,0,0,0,0,0,0,1,0,0,0,0,0,0,0,0,0,0,0,0,0,0,0,0,0,0,0,2,0,1,0,0,0,0,0,0,0,0,0,0,0,0,0,0,0
0,0.0,0,0.0,1,24000000.0,1001,0.0,10,0.0,1,3000000.0,924,2821428.57143,30,8866666.66667,0,0.0,0,0.0,10,14100000.0,10,-315300000.0,10,12400000.0,0,0.0,0,0.0,10,12600000.0,10,20800000.0,0,0.0,10,9500000.0,0,0.0,6,11666666.6667,10,9600000.0,0,0.0,0,0.0,0,0.0,0,0.0,0,0.0,0,0.0,0,0.0,0,0.0,0,0.0,4,9000000.0,1,29000000.0,10,12500000.0,0,0.0,0,0.0,0,0.0,0,0.0,0,0.0,0,0.0,0,0.0,0,0.0,0,0.0,5,4200000.0,30,8866666.66667,1,0.0,5,14800000.0,5,14800000.0,5,1400000.0,15,0.0,65,0.0,0,0.0,0.213339410722,5.46425641005e-05,-0.141851019114,0,0,0,0,0,0,0,0,0,0,0,0,1,0,1,0,0,0,0,0,1,0,1,0,0,0,0,0,0,0,1,0,1,0,0,0,0,0,0,0,0,0,1,0,0,0,0,0,0,0,0,0,0,0,0,0,0,0,0,0,0,0,0,0,0,0,1,0,0,0,0,0,0,0,0,0,0,0,0,0,0,0,0,0,0,0,0,0,1,0,0,0,0,0,1,0,0,0,0,0,3,0,0,0
0,0.0,0,0.0,1,22000000.0,1001,0.0,9,0.0,0,0.0,904,453539.823009,31,-1612903.22581,0,0.0,0,0.0,9,2222222.22222,9,-340777777.778,9,2111111.11111,0,0.0,0,0.0,9,2222222.22222,8,1250000.0,0,0.0,9,1333333.33333,0,0.0,5,2800000.0,9,1444444.44444,0,0.0,0,0.0,0,0.0,0,0.0,0,0.0,0,0.0,0,0.0,0,0.0,0,0.0,4,5500000.0,1,0.0,9,3333333.33333,0,0.0,0,0.0,0,0.0,0,0.0,0,0.0,0,0.0,0,0.0,0,0.0,0,0.0,5,5400000.0,31,-1419354.83871,1,-3000000.0,5,-1800000.0,5,-1800000.0,4,6000000.0,15,0.0,66,0.0,0,0.0,0.218544483185,4.52675222833e-05,-0.136284046703,0,0,0,0,0,0,0,0,1,0,0,0,1,0,1,0,0,0,0,0,0,0,0,0,1,0,0,0,0,0,0,0,1,0,0,0,1,0,0,0,1,0,1,0,0,0,0,0,0,0,0,0,0,0,0,0,0,0,0,0,0,0,0,0,0,0,1,0,0,0,0,0,0,0,0,0,0,0,0,0,0,0,0,0,0,0,2,0,1,0,0,0,0,0,0,0,1,0,0,0,0,0,0,0
0,0.0,0,0.0,1,24000000.0,1001,0.0,11,0.0,2,85000000.0,964,6823651.45228,30,18200000.0,0,0.0,0,0.0,11,9272727.27273,11,-318181818.182,11,9090909.09091,0,0.0,0,0.0,11,9909090.90909,12,24166666.6667,0,0.0,11,13818181.8182,0,0.0,6,16333333.3333,11,13181818.1818,0,0.0,0,0.0,0,0.0,0,0.0,0,0.0,0,0.0,0,0.0,0,0.0,0,0.0,4,30000000.0,2,14000000.0,11,-2181818.18182,0,0.0,0,0.0,0,0.0,0,0.0,0,0.0,0,0.0,0,0.0,0,0.0,0,0.0,5,18200000.0,30,18333333.3333,1,-1000000.0,5,44800000.0,5,44800000.0,6,12166666.6667,18,0.0,66,0.0,0,0.0,0.216347462752,4.60298722994e-05,-0.110010376031,0,0,0,0,0,0,0,0,0,0,0,0,1,0,1,0,0,0,0,0,1,0,1,0,0,0,0,0,0,0,1,0,1,0,0,0,1,0,0,0,0,0,1,0,0,0,0,0,0,0,0,0,0,0,0,0,0,0,0,0,0,0,1,0,0,0,1,0,0,0,0,0,0,0,0,0,0,0,0,0,0,0,0,0,0,0,0,0,1,0,0,0,1,0,1,0,0,0,0,0,3,0,0,0
0,0.0,0,0.0,1,31000000.0,1008,0.0,11,0.0,1,54000000.0,923,1897074.75623,32,6906250.0,0,0.0,0,0.0,11,3545454.54545,11,-321818181.818,11,1909090.90909,0,0.0,0,0.0,11,2909090.90909,12,14000000.0,0,0.0,10,3700000.0,0,0.0,6,8500000.0,10,2000000.0,0,0.0,0,0.0,0,0.0,0,0.0,0,0.0,0,0.0,0,0.0,0,0.0,0,0.0,5,6200000.0,1,19000000.0,11,12363636.3636,0,0.0,0,0.0,0,0.0,0,0.0,0,0.0,0,0.0,0,0.0,0,0.0,0,0.0,5,14800000.0,32,7062500.0,1,6000000.0,5,13600000.0,5,13800000.0,5,9800000.0,14,0.0,70,0.0,0,0.0,0.216410678896,2.02140860727e-05,-0.0375983014025,0,0,0,0,0,0,0,0,1,0,0,0,1,0,1,0,0,0,0,0,0,0,0,0,1,0,0,0,0,0,0,0,1,0,0,0,1,0,0,0,1,0,1,0,0,0,0,0,0,0,0,0,0,0,0,0,0,0,0,0,0,0,0,0,0,0,1,0,0,0,0,0,0,0,0,0,0,0,0,0,0,0,0,0,0,0,2,0,1,0,0,0,0,0,0,0,0,0,0,0,0,0,0,0
0,0.0,0,0.0,1,14000000.0,1002,0.0,10,0.0,1,1000000.0,919,630032.644178,30,3466666.66667,0,0.0,0,0.0,10,4700000.0,10,-331700000.0,10,4700000.0,0,0.0,0,0.0,10,5200000.0,10,3700000.0,0,0.0,10,5700000.0,0,0.0,6,8666666.66667,10,6500000.0,0,0.0,0,0.0,0,0.0,0,0.0,0,0.0,0,0.0,0,0.0,0,0.0,0,0.0,3,1000000.0,2,7000000.0,10,2600000.0,0,0.0,0,0.0,0,0.0,0,0.0,0,0.0,0,0.0,0,0.0,0,0.0,0,0.0,5,-200000.0,30,3533333.33333,1,3000000.0,5,10200000.0,5,10200000.0,5,800000.0,14,0.0,65,0.0,0,0.0,0.214683072269,1.21239312648e-05,0.0884220201522,0,0,0,0,0,0,0,0,0,0,0,0,1,0,1,0,0,0,0,0,1,0,1,0,0,0,0,0,0,0,1,0,1,0,0,0,0,0,0,0,0,0,1,0,0,0,0,0,0,0,0,0,0,0,0,0,0,0,0,0,0,0,0,0,0,0,1,0,0,0,0,0,0,0,0,0,0,0,0,0,0,0,0,0,0,0,0,0,1,0,0,0,0,0,0,0,0,0,0,0,3,0,0,0
0,0.0,0,0.0,0,0.0,996,0.0,11,0.0,1,2000000.0,973,1691675.23124,32,4312500.0,0,0.0,0,0.0,11,-1090909.09091,11,-345818181.818,11,-1090909.09091,0,0.0,0,0.0,11,-909090.909091,8,9250000.0,0,0.0,10,7800000.0,0,0.0,5,2800000.0,10,7600000.0,0,0.0,0,0.0,0,0.0,0,0.0,0,0.0,0,0.0,0,0.0,0,0.0,0,0.0,5,12400000.0,1,0.0,9,8777777.77778,0,0.0,0,0.0,0,0.0,0,0.0,0,0.0,0,0.0,0,0.0,0,0.0,0,0.0,5,18400000.0,32,5000000.0,0,0.0,5,3600000.0,5,3600000.0,5,20000000.0,15,0.0,69,0.0,0,0.0,0.213928440755,2.32983268234e-08,0.121734827418,0,0,0,0,0,0,0,0,1,0,0,0,1,0,1,0,0,0,0,0,0,0,0,0,1,0,0,0,0,0,0,0,0,0,0,0,1,0,0,0,1,0,1,0,0,0,0,0,0,0,0,0,0,0,0,0,0,0,0,0,0,0,0,0,0,0,1,0,0,0,0,0,0,0,0,0,0,0,0,0,0,0,0,0,0,0,2,0,1,0,0,0,0,0,1,0,1,0,0,0,0,0,0,0
0,0.0,0,0.0,1,19000000.0,1004,0.0,9,0.0,1,1000000.0,852,2186619.71831,28,9321428.57143,0,0.0,0,0.0,9,10000000.0,9,-325666666.667,9,9222222.22222,0,0.0,0,0.0,9,12444444.4444,12,15500000.0,0,0.0,10,10900000.0,0,0.0,6,12000000.0,10,8400000.0,0,0.0,0,0.0,0,0.0,0,0.0,0,0.0,0,0.0,0,0.0,0,0.0,0,0.0,4,26750000.0,2,1500000.0,11,12454545.4545,0,0.0,0,0.0,0,0.0,0,0.0,0,0.0,0,0.0,0,0.0,0,0.0,0,0.0,5,3800000.0,28,9607142.85714,1,1000000.0,5,18400000.0,5,18400000.0,5,4200000.0,14,0.0,61,0.0,0,0.0,0.218530403243,0.0,0.147482233743,0,0,0,0,0,0,0,0,0,0,0,0,1,0,1,0,0,0,0,0,0,0,1,0,0,0,0,0,0,0,0,0,1,0,0,0,1,0,0,0,0,0,1,0,0,0,0,0,0,0,0,0,0,0,0,0,0,0,0,0,0,0,1,0,0,0,1,0,0,0,0,0,0,0,0,0,0,0,0,0,0,0,0,0,0,0,0,0,1,0,0,0,0,0,0,0,0,0,0,0,3,0,0,0
0,0.0,0,0.0,1,31000000.0,998,0.0,10,0.0,1,18000000.0,932,1508583.69099,30,3633333.33333,0,0.0,0,0.0,10,9900000.0,10,-326600000.0,10,9200000.0,0,0.0,0,0.0,10,10200000.0,8,13250000.0,0,0.0,10,14500000.0,0,0.0,6,14166666.6667,10,12500000.0,0,0.0,0,0.0,0,0.0,0,0.0,0,0.0,0,0.0,0,0.0,0,0.0,0,0.0,5,8600000.0,1,34000000.0,10,10400000.0,0,0.0,0,0.0,0,0.0,0,0.0,0,0.0,0,0.0,0,0.0,0,0.0,0,0.0,5,2000000.0,30,4966666.66667,1,19000000.0,5,15000000.0,5,15200000.0,5,12000000.0,17,0.0,65,0.0,0,0.0,0.217359554768,0.0,0.10075995177,0,0,0,0,0,0,0,0,1,0,0,0,1,0,1,0,0,0,0,0,1,0,0,0,1,0,0,0,0,0,1,0,1,0,0,0,1,0,0,0,1,0,1,0,0,0,0,0,0,0,0,0,0,0,0,0,0,0,0,0,0,0,0,0,0,0,1,0,0,0,0,0,0,0,0,0,0,0,0,0,0,0,0,0,0,0,1,0,1,0,0,0,1,0,1,0,0,0,0,0,0,0,0,0
0,0.0,0,0.0,1,20000000.0,1002,0.0,10,0.0,1,34000000.0,912,-5464912.2807,30,5066666.66667,0,0.0,0,0.0,10,4900000.0,10,-343000000.0,10,4600000.0,0,0.0,0,0.0,10,14700000.0,12,12666666.6667,0,0.0,10,5100000.0,0,0.0,5,15400000.0,10,4000000.0,0,0.0,0,0.0,0,0.0,0,0.0,0,0.0,0,0.0,0,0.0,0,0.0,0,0.0,4,2500000.0,2,50500000.0,10,17200000.0,0,0.0,0,0.0,0,0.0,0,0.0,0,0.0,0,0.0,0,0.0,0,0.0,0,0.0,5,18400000.0,30,5066666.66667,1,8000000.0,5,15600000.0,5,15600000.0,5,10000000.0,12,0.0,65,0.0,0,0.0,0.218682019413,1.18745374493e-05,0.0625067345798,0,0,0,0,0,0,0,0,0,0,0,0,1,0,1,0,0,0,0,0,0,0,1,0,0,0,0,0,0,0,0,0,1,0,0,0,0,0,0,0,0,0,1,0,0,0,0,0,0,0,0,0,0,0,0,0,0,0,0,0,0,0,0,0,0,0,1,0,0,0,0,0,0,0,0,0,0,0,0,0,0,0,0,0,0,0,1,0,1,0,0,0,0,0,0,0,0,0,0,0,2,0,0,0
0,0.0,0,0.0,1,53000000.0,1001,0.0,10,0.0,1,0.0,930,986021.505376,30,5000000.0,0,0.0,0,0.0,10,5700000.0,10,-338300000.0,10,5400000.0,0,0.0,0,0.0,10,5400000.0,10,4300000.0,0,0.0,10,9100000.0,0,0.0,6,13000000.0,10,9200000.0,0,0.0,0,0.0,0,0.0,0,0.0,0,0.0,0,0.0,0,0.0,0,0.0,0,0.0,4,17250000.0,1,0.0,10,4700000.0,0,0.0,0,0.0,0,0.0,0,0.0,0,0.0,0,0.0,0,0.0,0,0.0,0,0.0,5,8200000.0,30,5166666.66667,1,37000000.0,5,13200000.0,5,13200000.0,5,1400000.0,17,0.0,65,0.0,0,0.0,0.218681594729,2.32746483562e-06,0.0379455164075,0,0,0,0,0,0,0,0,1,0,0,0,1,0,1,0,0,0,0,0,1,0,0,0,1,0,0,0,0,0,1,0,1,0,0,0,1,0,0,0,0,0,1,0,0,0,0,0,0,0,0,0,0,0,0,0,0,0,0,0,0,0,0,0,0,0,1,0,0,0,0,0,0,0,0,0,0,0,0,0,0,0,0,0,0,0,1,0,1,0,0,0,0,0,1,0,1,0,0,0,1,0,0,0
0,0.0,0,0.0,1,29000000.0,982,0.0,10,0.0,1,0.0,930,2605376.34409,30,6833333.33333,0,0.0,0,0.0,10,9300000.0,10,-335600000.0,10,8900000.0,0,0.0,0,0.0,10,9000000.0,8,2500000.0,0,0.0,10,5500000.0,0,0.0,7,7000000.0,10,8400000.0,0,0.0,0,0.0,0,0.0,0,0.0,0,0.0,0,0.0,0,0.0,0,0.0,0,0.0,5,1800000.0,0,0.0,9,1666666.66667,0,0.0,0,0.0,0,0.0,0,0.0,0,0.0,0,0.0,0,0.0,0,0.0,0,0.0,5,8000000.0,30,6966666.66667,1,7000000.0,5,7600000.0,5,7600000.0,5,16000000.0,14,0.0,65,0.0,0,0.0,0.217367404699,2.50525627052e-06,0.0127601583488,0,0,0,0,0,0,0,0,0,0,0,0,1,0,1,0,0,0,0,0,0,0,1,0,0,0,0,0,0,0,0,0,1,0,0,0,1,0,0,0,1,0,1,0,0,0,0,0,0,0,0,0,0,0,0,0,0,0,0,0,0,0,1,0,0,0,0,0,0,0,0,0,0,0,0,0,0,0,0,0,0,0,0,0,0,0,1,0,1,0,0,0,0,0,0,0,0,0,0,0,2,0,0,0
0,0.0,0,0.0,1,55000000.0,1020,0.0,10,0.0,1,3000000.0,918,-2412854.0305,30,400000.0,0,0.0,0,0.0,10,5100000.0,10,-344000000.0,10,7200000.0,0,0.0,0,0.0,10,4800000.0,12,4000000.0,0,0.0,10,4000000.0,0,0.0,7,8714285.71429,10,6000000.0,0,0.0,0,0.0,0,0.0,0,0.0,0,0.0,0,0.0,0,0.0,0,0.0,0,0.0,4,4500000.0,2,11500000.0,11,7454545.45455,0,0.0,0,0.0,0,0.0,0,0.0,0,0.0,0,0.0,0,0.0,0,0.0,0,0.0,5,7600000.0,30,1100000.0,1,34000000.0,5,3000000.0,5,3200000.0,5,4400000.0,16,0.0,65,0.0,0,0.0,0.209116643667,5.54815396754e-06,0.00727027920075,0,0,0,0,0,0,0,0,1,0,0,0,1,0,1,0,0,0,0,0,1,0,0,0,1,0,0,0,0,0,1,0,1,0,0,0,1,0,0,0,0,0,1,0,0,0,0,0,0,0,0,0,0,0,0,0,0,0,0,0,0,0,0,0,0,0,1,0,0,0,0,0,0,0,0,0,0,0,0,0,0,0,0,0,0,0,0,0,1,0,0,0,1,0,1,0,0,0,0,0,1,0,0,0
0,0.0,0,0.0,1,18000000.0,1003,0.0,10,0.0,1,13000000.0,920,315217.391304,30,3566666.66667,0,0.0,0,0.0,10,5200000.0,10,-340700000.0,10,5800000.0,0,0.0,0,0.0,10,4900000.0,8,1750000.0,0,0.0,10,3300000.0,0,0.0,6,4666666.66667,10,4300000.0,0,0.0,0,0.0,0,0.0,0,0.0,0,0.0,0,0.0,0,0.0,0,0.0,0,0.0,4,250000.0,1,0.0,10,2000000.0,0,0.0,0,0.0,0,0.0,0,0.0,0,0.0,0,0.0,0,0.0,0,0.0,0,0.0,5,0.0,30,4100000.0,1,5000000.0,5,3400000.0,5,3400000.0,5,1200000.0,13,0.0,65,0.0,0,0.0,0.194056536257,8.52988625866e-06,-0.0329339287244,0,0,0,0,0,0,0,0,0,0,0,0,1,0,1,0,0,0,0,0,0,0,1,0,0,0,0,0,0,0,0,0,1,0,0,0,0,0,0,0,1,0,0,0,0,0,0,0,0,0,0,0,0,0,0,0,0,0,0,0,0,0,0,0,0,0,1,0,0,0,0,0,0,0,0,0,0,0,0,0,0,0,0,0,0,0,2,0,1,0,0,0,0,0,0,0,0,0,0,0,2,0,0,0
0,0.0,0,0.0,1,17000000.0,998,0.0,10,0.0,1,0.0,966,-131469.979296,30,4933333.33333,0,0.0,0,0.0,10,5900000.0,10,-345000000.0,10,5700000.0,0,0.0,0,0.0,10,5500000.0,12,6000000.0,0,0.0,10,6700000.0,0,0.0,6,3333333.33333,10,8000000.0,0,0.0,0,0.0,0,0.0,0,0.0,0,0.0,0,0.0,0,0.0,0,0.0,0,0.0,2,1500000.0,4,8500000.0,10,4700000.0,0,0.0,0,0.0,0,0.0,0,0.0,0,0.0,0,0.0,0,0.0,0,0.0,0,0.0,5,9400000.0,30,5000000.0,1,6000000.0,5,9400000.0,5,9400000.0,5,3000000.0,19,0.0,65,0.0,0,0.0,0.121179675311,7.27024264506e-06,-0.0280902666971,0,0,0,0,1,0,0,0,1,0,1,0,1,0,1,0,0,0,0,0,1,0,0,0,1,0,0,0,0,0,1,0,1,0,0,0,1,0,0,0,0,0,1,0,0,0,0,0,0,0,0,0,0,0,0,0,0,0,0,0,0,0,0,0,0,0,1,0,0,0,0,0,0,0,0,0,0,0,0,0,0,0,0,0,0,0,0,0,1,0,1,0,0,0,1,0,1,0,0,0,1,0,0,0
0,0.0,0,0.0,1,42000000.0,1000,0.0,10,0.0,1,0.0,942,1283439.49045,30,3800000.0,0,0.0,0,0.0,2,10500000.0,2,-346500000.0,2,10000000.0,0,0.0,0,0.0,2,10500000.0,10,1400000.0,0,0.0,10,3900000.0,0,0.0,6,5333333.33333,10,5500000.0,0,0.0,0,0.0,0,0.0,0,0.0,0,0.0,0,0.0,0,0.0,0,0.0,0,0.0,2,13000000.0,4,1250000.0,10,4600000.0,0,0.0,0,0.0,0,0.0,0,0.0,0,0.0,0,0.0,0,0.0,0,0.0,0,0.0,5,8800000.0,30,3933333.33333,1,0.0,5,1000000.0,5,3200000.0,5,3400000.0,14,0.0,65,0.0,0,0.0,0.0236490495503,-7.58376252663e-05,0.257305590695,0,0,0,0,0,0,0,0,0,0,0,0,1,0,1,0,0,0,0,0,0,0,0,0,0,0,0,0,0,0,0,0,1,0,0,0,1,0,0,0,1,0,1,0,0,0,0,0,0,0,0,0,0,0,0,0,0,0,0,0,0,0,0,0,0,0,1,0,0,0,0,0,0,0,0,0,0,0,0,0,0,0,0,0,0,0,2,0,1,0,0,0,0,0,0,0,0,0,0,0,2,0,0,0
0,0.0,0,0.0,4,43500000.0,1001,0.0,10,0.0,1,5000000.0,960,578125.0,30,1500000.0,0,0.0,0,0.0,0,0.0,0,0.0,0,0.0,0,0.0,0,0.0,0,0.0,8,0.0,0,0.0,10,1000000.0,0,0.0,7,857142.857143,10,1200000.0,0,0.0,0,0.0,0,0.0,0,0.0,0,0.0,0,0.0,0,0.0,0,0.0,0,0.0,0,0.0,5,3000000.0,10,1700000.0,0,0.0,0,0.0,0,0.0,0,0.0,0,0.0,0,0.0,0,0.0,0,0.0,0,0.0,5,400000.0,30,1633333.33333,4,3000000.0,5,2400000.0,5,3000000.0,5,1000000.0,12,0.0,65,0.0,0,0.0,0.0,0.0,1.750338414,0,0,0,0,0,0,0,0,1,0,0,0,1,0,1,0,0,0,0,0,0,0,0,0,0,0,0,0,0,0,0,0,0,0,0,0,1,0,0,0,0,0,1,0,0,0,0,0,0,0,0,0,0,0,0,0,0,0,0,0,0,0,0,0,0,0,1,0,0,0,0,0,0,0,0,0,0,0,0,0,0,0,0,0,0,0,0,0,1,0,0,0,1,0,1,0,0,0,0,0,1,0,0,0
0,0.0,0,0.0,4,39750000.0,1030,0.0,10,0.0,0,0.0,973,-929085.303186,29,2758620.68966,0,0.0,0,0.0,0,0.0,0,0.0,0,0.0,0,0.0,0,0.0,0,0.0,10,600000.0,0,0.0,10,5200000.0,0,0.0,7,6142857.14286,10,5800000.0,0,0.0,0,0.0,0,0.0,0,0.0,0,0.0,0,0.0,0,0.0,0,0.0,0,0.0,0,0.0,5,1600000.0,9,3444444.44444,0,0.0,0,0.0,0,0.0,0,0.0,0,0.0,0,0.0,0,0.0,0,0.0,0,0.0,5,200000.0,29,2931034.48276,4,1000000.0,5,7000000.0,5,7000000.0,5,3600000.0,13,0.0,62,0.0,0,0.0,0.0,0.0,1.096,0,0,0,0,0,0,0,0,0,0,0,0,1,0,1,0,0,0,0,0,0,0,0,0,0,0,0,0,0,0,0,0,1,0,0,0,0,0,0,0,1,0,1,0,0,0,0,0,0,0,0,0,0,0,0,0,0,0,0,0,0,0,0,0,0,0,1,0,0,0,0,0,0,0,0,0,0,0,0,0,0,0,0,0,0,0,2,0,1,0,0,0,0,0,0,0,0,0,0,0,2,0,0,0
