,norm,norm,norm,norm,norm,norm,norm,norm,norm,norm,anomaly,anomaly,anomaly
0,0.096988738,0.084337823,0.078028195,0.090929464,0.081559233,0.077251457,0.089238301,0.09019801,0.082724378,0.073940605,0.102587491,0.092368305,0.096100166
1,0.026016342,0.022964705,0.011734037,0.022816621,0.01781081,0.015906641,0.018179771,0.024781067,0.018895328,0.00753958,0.019419726,0.01960599,0.023744257
2,0.025079733,0.025593262,0.010854272,0.023519814,0.01753022,0.017162932,0.017936712,0.025570508,0.018206995,0.006885226,0.019873554,0.019945154,0.022929002
3,0.026297035,0.023804409,0.010920755,0.023798412,0.017162662,0.015675204,0.017816719,0.025385765,0.017890377,0.007056233,0.019961255,0.019283609,0.023735542
4,0.026371837,0.023716576,0.01105747,0.023853857,0.020999322,0.016977469,0.017527409,0.026152132,0.018694127,0.00618295,0.018712889,0.017257588,0.022839706
5,0.026574712,0.023132671,0.010898423,0.026140727,0.021103356,0.017085077,0.017602444,0.025447296,0.019805964,0.006187561,0.017596796,0.016471067,0.021258373
6,0.02705404,0.022454396,0.010316007,0.026375432,0.019591682,0.017364848,0.017839007,0.024195442,0.020327605,0.005784355,0.017272158,0.017212557,0.020996725
7,0.027003314,0.021905737,0.009897263,0.026732933,0.019743517,0.016757859,0.019409588,0.02378759,0.020001758,0.005489942,0.018407488,0.017616482,0.020554168
8,0.026037347,0.02227715,0.009626495,0.025636738,0.020086322,0.015314802,0.017338583,0.024217431,0.018785575,0.004688126,0.018699056,0.018232053,0.021134218
9,0.027127266,0.021106832,0.009496157,0.024493281,0.018592399,0.012177091,0.018186022,0.022455005,0.019427389,0.004352364,0.017151145,0.018137161,0.020759979
10,0.027843295,0.018797213,0.009222739,0.024832245,0.017566727,0.010829065,0.016048219,0.023976212,0.020986751,0.005873771,0.01721669,0.01816467,0.02067074
11,0.026523821,0.017859962,0.00961376,0.025454927,0.017111985,0.011018069,0.015924877,0.023762835,0.022048602,0.008251909,0.017162899,0.01674512,0.02063828
12,0.027106976,0.018099096,0.009879049,0.024812283,0.018146122,0.011008269,0.01521806,0.025353894,0.019821664,0.008454163,0.017157752,0.016310127,0.02133343
13,0.025921987,0.019141933,0.010099991,0.024916265,0.018734012,0.012053099,0.015404017,0.024277173,0.020526633,0.009620055,0.016774008,0.015986374,0.020487519
14,0.026030466,0.019384261,0.010482267,0.02719843,0.016053641,0.011556099,0.01529791,0.025195979,0.021301335,0.009758512,0.01696031,0.016814357,0.021578789
15,0.025674934,0.01987558,0.010871111,0.024634508,0.018228205,0.013427344,0.015877726,0.02552212,0.020700201,0.012477701,0.017619465,0.016372172,0.021018082
16,0.026353402,0.019591305,0.010513159,0.025564032,0.017395081,0.013175501,0.016116029,0.026310947,0.01963779,0.012999892,0.016568976,0.015272667,0.021854693
17,0.026710592,0.022250125,0.012803137,0.024625966,0.017563248,0.012317035,0.015890861,0.028332584,0.019320454,0.013511493,0.015682438,0.016076485,0.023688618
18,0.02714109,0.02010561,0.012464288,0.02694338,0.017952451,0.014448416,0.015994402,0.0279199,0.020311045,0.014671346,0.016110944,0.016271465,0.02400898
19,0.02680251,0.020146584,0.014236319,0.0257782,0.016115585,0.016207024,0.015706021,0.027503425,0.019742982,0.0147064,0.016907154,0.016139565,0.025012782
20,0.027163595,0.021217538,0.013029414,0.027937785,0.018156219,0.016151322,0.016551152,0.02656473,0.01857472,0.012817803,0.016777541,0.017039483,0.026878525
21,0.026994783,0.021222036,0.016940594,0.027605759,0.019141717,0.016827377,0.015648276,0.026721509,0.017488074,0.010846232,0.017360689,0.019644214,0.026818944
22,0.026639488,0.019918043,0.018284958,0.028470792,0.018736145,0.016163839,0.016938047,0.027118167,0.02165412,0.010891212,0.01796459,0.019058028,0.02658961
23,0.02671111,0.021832125,0.017612811,0.028963123,0.018653015,0.015574561,0.017473897,0.027794279,0.022830112,0.010588958,0.018044857,0.018644389,0.02593484
24,0.024771724,0.020946069,0.017068911,0.02842447,0.018698037,0.015286817,0.018606327,0.026278745,0.023044473,0.011268761,0.017776329,0.01649148,0.024255926
25,0.024864156,0.020560583,0.017086031,0.027795995,0.017607316,0.012638815,0.018261584,0.025368495,0.023677571,0.00862452,0.016783511,0.017778577,0.023533722
26,0.025220523,0.019080063,0.015981965,0.0259555,0.017214701,0.012802836,0.018593511,0.025115389,0.021387471,0.007378234,0.016328108,0.018231682,0.021523958
27,0.02705968,0.01804924,0.01540546,0.02599684,0.018126335,0.013243477,0.0188343,0.023251679,0.019982973,0.00596047,0.016317463,0.01870021,0.024447411
28,0.025796015,0.017652584,0.016998073,0.024957843,0.017172018,0.011291385,0.01895131,0.023510424,0.021722728,0.006289985,0.016031802,0.018657442,0.024120493
29,0.026049133,0.018079912,0.014628257,0.026334949,0.017086422,0.008513738,0.017991226,0.022141276,0.022333214,0.006309177,0.015727712,0.018840391,0.024480145
30,0.024230087,0.016515236,0.015012067,0.022924121,0.016392313,0.009262376,0.016078502,0.022035472,0.024077205,0.005969042,0.017202254,0.019071668,0.023923147
31,0.023835244,0.016195621,0.012659753,0.02231106,0.016233075,0.009025868,0.016193913,0.02163993,0.022452815,0.00673884,0.017223971,0.018723877,0.024054185
32,0.023818608,0.015110125,0.012724158,0.022371201,0.015858557,0.008967524,0.014965531,0.021607654,0.019715609,0.005725922,0.01713524,0.018468298,0.024145823
33,0.026467551,0.013683572,0.013286946,0.022428362,0.015534598,0.008855104,0.015795974,0.02064437,0.0190343,0.006536584,0.017161567,0.019184588,0.025006656
34,0.029743629,0.01398651,0.013546349,0.022180323,0.016207846,0.009039399,0.014895104,0.021036932,0.018584363,0.005479063,0.017275561,0.01954196,0.025159823
35,0.029379742,0.014203467,0.012445943,0.022018524,0.015187984,0.009457981,0.015054202,0.020930281,0.016751541,0.006316663,0.017196944,0.015682055,0.022782119
36,0.028656069,0.015388548,0.012404761,0.022431834,0.015202258,0.013462766,0.014870831,0.020771122,0.016827634,0.007155875,0.018305641,0.015352893,0.020956563
37,0.027309312,0.01486244,0.011754596,0.021944972,0.0153124,0.011801493,0.015574539,0.021499237,0.017421821,0.006911158,0.018658085,0.01551553,0.020230671
38,0.027291978,0.014689815,0.011571572,0.021845935,0.015342713,0.014178026,0.015118965,0.021019252,0.017621052,0.006163861,0.017553292,0.014990842,0.020033
39,0.028737202,0.016143933,0.01113614,0.022440596,0.014850642,0.015192614,0.015176264,0.021563616,0.018253386,0.006461882,0.015416002,0.015448232,0.020311244
40,0.028488856,0.018230045,0.010153966,0.02190786,0.014315323,0.012924842,0.014901138,0.021940967,0.017424671,0.006513449,0.015189871,0.016772481,0.019131834
41,0.028403748,0.018474614,0.010248818,0.022912588,0.014446592,0.014284429,0.01573782,0.021228934,0.018432889,0.005726219,0.014579258,0.016306192,0.019898677
42,0.027390489,0.018059621,0.010045746,0.023239469,0.013923729,0.014173294,0.016243404,0.021514697,0.019578531,0.006167306,0.014432785,0.017405713,0.019902468
43,0.024994556,0.017944714,0.009022875,0.023908107,0.014075743,0.014378286,0.014800611,0.023354599,0.019290479,0.00498017,0.015159498,0.017871881,0.019234421
44,0.024670107,0.017521011,0.010130018,0.024339542,0.013147987,0.013980007,0.01572071,0.023139972,0.021047907,0.004983106,0.015372477,0.017760463,0.019141627
45,0.024150297,0.017459141,0.010454391,0.023985522,0.013208494,0.014179257,0.015267434,0.023923093,0.020846235,0.004031014,0.016152466,0.017974559,0.019347494
46,0.024268566,0.01675451,0.01094141,0.023983376,0.012549646,0.009980388,0.015510354,0.023828348,0.02198481,0.003282191,0.015909279,0.018310048,0.019803474
47,0.023439534,0.016829604,0.010843006,0.025028812,0.012585703,0.011066124,0.015118136,0.023390925,0.021236306,0.00319525,0.017169585,0.018050425,0.020063374
48,0.023768963,0.0170212,0.010050513,0.025014419,0.012255612,0.010261893,0.015324742,0.02451559,0.020967431,0.004331023,0.016972059,0.018224301,0.020693704
49,0.023825813,0.016599566,0.009352262,0.023639793,0.012424009,0.009496746,0.01591225,0.023960833,0.020410139,0.004191488,0.016745977,0.018902037,0.020305295
50,0.024908395,0.014729605,0.009374431,0.024073835,0.012073418,0.009791639,0.015811358,0.023410255,0.019155143,0.003865674,0.016727597,0.017965311,0.021285506
51,0.023913931,0.014281259,0.009114255,0.023048893,0.011960918,0.012432819,0.014762305,0.023519525,0.017407531,0.003541824,0.016182849,0.019104499,0.021127436
52,0.023832591,0.016514873,0.009873874,0.023502531,0.012481268,0.01292998,0.014171099,0.023257408,0.016765911,0.004361635,0.016635368,0.019838916,0.022840675
53,0.025042195,0.021172497,0.010282977,0.022584666,0.01242495,0.013722953,0.015234243,0.022790346,0.01624047,0.004778469,0.015979586,0.018730002,0.022925219
54,0.022026809,0.021561211,0.009118961,0.021543086,0.012394645,0.014224666,0.014211265,0.022212215,0.01550799,0.005082691,0.015946602,0.018940995,0.023158692
55,0.021437932,0.020948013,0.009568148,0.022400215,0.01249968,0.014077999,0.014567236,0.021735163,0.01500634,0.006686046,0.015683826,0.018299881,0.024193659
56,0.02194804,0.020048147,0.008925707,0.023103083,0.012733549,0.015205421,0.015827365,0.021222129,0.013783208,0.006576476,0.016061159,0.018119756,0.024460627
57,0.021711692,0.02065319,0.009359906,0.022564804,0.012646789,0.01549537,0.015824333,0.021649027,0.013914905,0.006642161,0.015941257,0.018888753,0.024406301
58,0.027230546,0.021535441,0.011188844,0.022124762,0.012945126,0.015883792,0.015509829,0.021068262,0.013590351,0.006731062,0.015964849,0.018484144,0.025430055
59,0.037576575,0.021844508,0.010427173,0.022749517,0.012725321,0.015988981,0.015388712,0.02173043,0.014485411,0.006728544,0.015814187,0.017519994,0.025884755
60,0.038689092,0.024472725,0.012757141,0.022491176,0.012621076,0.017163455,0.014992391,0.022103464,0.015101965,0.006140011,0.015755527,0.017232107,0.026781773
61,0.035527978,0.022356011,0.012925871,0.022531223,0.012263565,0.014062995,0.015515358,0.022524787,0.015692689,0.006182233,0.016214201,0.017661445,0.027211383
62,0.037082899,0.020194236,0.012802518,0.021781627,0.012168203,0.01399962,0.015709948,0.022207014,0.016357884,0.005916159,0.016640177,0.016026393,0.025267875
63,0.040827408,0.018415313,0.01468625,0.021844257,0.012516045,0.015023907,0.015202371,0.020839231,0.018478272,0.006960627,0.016279299,0.014481757,0.025334962
64,0.04211,0.020245247,0.013500171,0.02247051,0.012690573,0.014581553,0.015452308,0.021017332,0.019193187,0.006745046,0.016141333,0.014771285,0.02588274
65,0.039485626,0.019378008,0.012212283,0.02155452,0.012639215,0.013785684,0.015349646,0.021084122,0.019259736,0.005745707,0.015868688,0.014915738,0.02403027
66,0.038709223,0.019766403,0.012486241,0.023023784,0.011898833,0.01469184,0.013896104,0.022264611,0.020077527,0.006428969,0.015552065,0.014697731,0.024497658
67,0.037505683,0.022804195,0.013419333,0.023000618,0.011564026,0.013606085,0.014524899,0.021510506,0.020310836,0.006007691,0.015334214,0.013741196,0.024764284
68,0.037263207,0.021281894,0.011063958,0.023013106,0.011262218,0.01266076,0.014491159,0.021374436,0.019969678,0.005384588,0.015302194,0.013760797,0.024304949
69,0.03508278,0.021389203,0.010284375,0.022421211,0.011915131,0.014818929,0.015058267,0.021467138,0.019245129,0.005740825,0.016016519,0.015030279,0.025907878
70,0.034717888,0.022094551,0.009934526,0.022651101,0.010762928,0.013213978,0.015217879,0.022082448,0.01961354,0.005531287,0.016211953,0.015050621,0.024193466
71,0.034769055,0.023155309,0.009778162,0.02243129,0.0123107,0.014213996,0.015102153,0.022916293,0.019528652,0.005889524,0.015900128,0.014535388,0.023838539
72,0.030937759,0.023187552,0.009914672,0.024428278,0.012185055,0.012759448,0.015573373,0.022935387,0.021544065,0.006724426,0.017026085,0.015465098,0.023733886
73,0.029770421,0.024323931,0.008523831,0.024769993,0.011919804,0.012413233,0.015667504,0.024103059,0.020612286,0.005464391,0.016620271,0.015429431,0.023051417
74,0.028172206,0.022545736,0.008633743,0.024010777,0.011759777,0.012422564,0.015654597,0.024006533,0.020667801,0.004973724,0.016596252,0.014296501,0.02201882
75,0.028914073,0.022715166,0.009584904,0.026301831,0.011871433,0.011874015,0.015780497,0.02410971,0.019668626,0.005026887,0.016964598,0.015602374,0.021641131
76,0.026597237,0.023237459,0.010033131,0.02390207,0.012726021,0.011233055,0.015895993,0.023185723,0.019944753,0.005094994,0.017017908,0.015029594,0.02074727
77,0.026091911,0.023201846,0.010090469,0.024451246,0.013724065,0.01122151,0.014441315,0.023142016,0.020717153,0.00490632,0.016524205,0.016491143,0.01992403
78,0.026219556,0.021319102,0.009997425,0.023939392,0.014572565,0.011757924,0.014663617,0.024570569,0.021368165,0.005016996,0.016224403,0.015886573,0.019057525
79,0.024367912,0.020678494,0.010615012,0.025457561,0.013328469,0.008800137,0.013904321,0.024539204,0.020736808,0.005996299,0.016112709,0.015320747,0.018823132
80,0.025393648,0.019841101,0.009830801,0.025604365,0.014630025,0.00907477,0.01406224,0.025112223,0.020504268,0.006640057,0.016095085,0.01446876,0.019408429
81,0.025338005,0.020602159,0.010242648,0.025436183,0.014334585,0.008921297,0.013971201,0.024226578,0.020602364,0.006891444,0.016107989,0.015613399,0.020495582
82,0.025253052,0.022511944,0.011507585,0.027047615,0.014274291,0.010747682,0.014546427,0.025205739,0.018372746,0.006920968,0.01491366,0.014948709,0.020604448
83,0.025373237,0.021300077,0.0123784,0.02661648,0.01401068,0.00994696,0.015814913,0.023915172,0.017177496,0.007146663,0.015077322,0.014872022,0.021974899
84,0.025857348,0.021085829,0.012440071,0.026564542,0.015182531,0.01033261,0.016140774,0.024285739,0.016721927,0.007139641,0.015225821,0.0175357,0.021871295
85,0.024933144,0.019544231,0.012033298,0.024628352,0.015822029,0.011389413,0.015776118,0.024128551,0.017108785,0.008904739,0.014326942,0.016256163,0.022786386
86,0.025803119,0.02056371,0.011105889,0.024680166,0.014825984,0.011186162,0.015631698,0.024893377,0.017024543,0.008390029,0.014723156,0.017873257,0.023585655
87,0.026564188,0.019088792,0.011143646,0.025140526,0.013978158,0.011436981,0.01629255,0.024914566,0.017406549,0.009196431,0.014536101,0.017227959,0.02325616
88,0.026801132,0.020842589,0.01115642,0.025333527,0.01447105,0.011129453,0.01622978,0.024167953,0.017402407,0.009303921,0.014783722,0.019039635,0.022915782
89,0.026528304,0.021617869,0.011426397,0.023700798,0.014586953,0.01202877,0.016483974,0.024492426,0.019749722,0.009252635,0.014654486,0.020193653,0.023104317
90,0.026222605,0.022280524,0.011255716,0.024510719,0.014074082,0.012972337,0.016429391,0.024087179,0.019258128,0.008233641,0.01548495,0.020947812,0.02253834
91,0.026433093,0.020138206,0.011171919,0.024310229,0.012938924,0.013771011,0.016553398,0.023860667,0.019985873,0.007871637,0.016116336,0.021513484,0.022149587
92,0.026257243,0.020277457,0.009862795,0.021070708,0.012899073,0.01237755,0.015994718,0.023414345,0.019254766,0.006125357,0.016194312,0.020612184,0.022452237
93,0.027898984,0.020299008,0.00864379,0.021073714,0.01350221,0.0130862,0.01567761,0.023646479,0.018993173,0.006187831,0.015635774,0.020647446,0.02358311
94,0.026944146,0.019914096,0.008665649,0.02143755,0.012661783,0.013925371,0.015946791,0.023412125,0.019780966,0.005874692,0.015771264,0.018749364,0.023213649
95,0.028818971,0.019775724,0.008038226,0.021255435,0.012395288,0.012665697,0.015928065,0.025473103,0.019856775,0.004330029,0.015955683,0.018709986,0.022884618
96,0.027417317,0.018810995,0.008549333,0.021559324,0.012785057,0.012958865,0.016382447,0.023713473,0.020053621,0.004183745,0.016621362,0.017705683,0.022960996
97,0.027862322,0.018175794,0.00879594,0.021282999,0.01245265,0.011895177,0.016043084,0.025299314,0.01850367,0.003287689,0.019081751,0.017594479,0.022721762
98,0.026485076,0.017320856,0.008750836,0.020782456,0.012646257,0.011340309,0.016274447,0.025175754,0.019056523,0.00329752,0.018754613,0.016549908,0.022649648
99,0.026998794,0.016368836,0.008397975,0.021566382,0.012965922,0.010765503,0.015640121,0.024301047,0.017067904,0.002470132,0.018025504,0.015035278,0.022426227
100,0.026714439,0.015652562,0.008953156,0.021901714,0.012731002,0.010195565,0.015627552,0.024403511,0.017734021,0.002315373,0.01784453,0.014633074,0.022784134
101,0.027077008,0.016520957,0.008742197,0.023174113,0.013664283,0.009592382,0.015452577,0.024490621,0.017690741,0.003220546,0.018959386,0.014911635,0.022878118
102,0.027987404,0.015084833,0.008822578,0.023871185,0.014052747,0.009614254,0.015026565,0.024393708,0.017475395,0.003339081,0.018966818,0.016138902,0.023250196
103,0.02598235,0.014652652,0.010141976,0.024362246,0.015034917,0.0091378,0.01395195,0.023879929,0.018351877,0.003389574,0.019612415,0.01613133,0.021499446
104,0.027406294,0.018391827,0.009927538,0.023965467,0.014517114,0.009042002,0.013818932,0.024055166,0.017722694,0.003215459,0.019229122,0.017171806,0.020847267
105,0.026314925,0.019190514,0.010279548,0.023830144,0.015832717,0.008836759,0.013912497,0.021878073,0.017937016,0.003375452,0.01938591,0.018098509,0.021539269
106,0.026574532,0.020383099,0.010243038,0.025756001,0.016124768,0.009455098,0.013377802,0.022731008,0.017693289,0.003205829,0.018622985,0.017878992,0.020220408
107,0.023823153,0.020170338,0.009985981,0.026328629,0.01622415,0.010382577,0.013619166,0.021470662,0.0183233,0.003329116,0.017432841,0.01832602,0.020965818
108,0.024044449,0.02047549,0.009585951,0.027463242,0.015614745,0.010706769,0.01349028,0.022587067,0.017515581,0.0032911,0.017312706,0.017456234,0.021187454
109,0.023794452,0.021432487,0.009234058,0.025752306,0.014883789,0.010754265,0.013597677,0.022597181,0.017495036,0.003302974,0.018470315,0.017617017,0.022437779
110,0.023862517,0.021975003,0.008878465,0.025561066,0.014860408,0.010685042,0.013576196,0.022630196,0.016794361,0.004115666,0.018722104,0.0176665,0.024256673
111,0.023790762,0.020946706,0.009379053,0.025229104,0.014492213,0.010485384,0.013984113,0.025942294,0.016899319,0.006050112,0.01775535,0.017810551,0.023807708
112,0.023286508,0.020511821,0.010297243,0.025183482,0.014438426,0.012235705,0.013595546,0.028548542,0.017508462,0.006693279,0.018225405,0.016034577,0.024475712
113,0.023965284,0.021470245,0.008850451,0.025625695,0.01359486,0.010993978,0.01392517,0.026167514,0.015407722,0.007773343,0.018862586,0.017209252,0.024328146
114,0.023368876,0.018488038,0.00894447,0.025960388,0.014149966,0.011712969,0.014018668,0.026733648,0.015524172,0.007503262,0.01789481,0.017984418,0.024074828
115,0.023050573,0.017579013,0.009197284,0.027043657,0.01323213,0.011228999,0.015716631,0.027615909,0.014966743,0.008430663,0.017473467,0.016747788,0.022740392
116,0.022907307,0.017288882,0.00921239,0.026776914,0.01424329,0.010770212,0.01631845,0.026357409,0.014984955,0.008848951,0.017298009,0.01768269,0.022248723
117,0.022676891,0.016325489,0.008942363,0.026706072,0.018179448,0.010396427,0.016687404,0.028192233,0.014118436,0.009132023,0.017217042,0.016944181,0.022052659
118,0.022878604,0.015652241,0.00971857,0.026041606,0.01863724,0.011982824,0.016324231,0.028259939,0.015626187,0.008968239,0.016901663,0.016377332,0.022959258
119,0.022628095,0.015133349,0.009688217,0.026930334,0.020135248,0.011325167,0.016326934,0.027826043,0.016886104,0.009653118,0.015721921,0.016775487,0.020263057
120,0.021902675,0.015662309,0.009257386,0.026312461,0.0201499,0.011266173,0.016431667,0.027603088,0.018063564,0.008903649,0.016001066,0.018761538,0.01977274
121,0.02182788,0.015691578,0.009939774,0.026227618,0.019962717,0.01107894,0.017291544,0.02802431,0.018372858,0.00661719,0.016014345,0.018761365,0.020222755
122,0.023865497,0.016413916,0.009647012,0.024945142,0.020129979,0.009588638,0.017708549,0.024133036,0.019308912,0.004995921,0.015593973,0.019358627,0.019576505
123,0.025881197,0.016043035,0.009610355,0.024900325,0.020231998,0.009866752,0.017865445,0.023688573,0.02022416,0.00589872,0.014469419,0.017495295,0.01936724
124,0.025254652,0.017225331,0.009549481,0.027067492,0.020513961,0.008443585,0.018143963,0.024118368,0.021162858,0.010322626,0.016100699,0.017338216,0.018970206
125,0.025780635,0.017925175,0.009811841,0.032568906,0.019404674,0.008294328,0.016659837,0.023623252,0.020813243,0.011706421,0.015248376,0.017929614,0.019050848
126,0.028476629,0.017900361,0.010182724,0.032464575,0.018168263,0.009281819,0.0156583,0.022070251,0.021866206,0.009902709,0.014780459,0.01641123,0.020288713
127,0.027579391,0.018927066,0.01171912,0.029093536,0.017179148,0.009634206,0.014877225,0.020848731,0.022931114,0.014938331,0.013489331,0.014623779,0.020432938
128,0.028268924,0.021858074,0.012119146,0.028777562,0.017222406,0.007860008,0.014816274,0.01913717,0.021652047,0.016825197,0.013327878,0.015011945,0.020885477
129,0.02783576,0.022233028,0.011686436,0.026344778,0.016075246,0.00866766,0.014847346,0.017323211,0.020457363,0.015437861,0.014554723,0.014704855,0.020666357
130,0.034239933,0.020692205,0.011750144,0.027521383,0.01622216,0.009176413,0.014823667,0.016621731,0.019639118,0.017744873,0.017427398,0.013830561,0.021052869
131,0.033170905,0.02290358,0.011273944,0.028750001,0.01683563,0.009818421,0.014621251,0.015667131,0.019876843,0.018068388,0.018595757,0.014863007,0.020543566
132,0.031621478,0.027969269,0.010720666,0.031655047,0.016872775,0.009872564,0.014489192,0.015588246,0.020642728,0.014568415,0.018583765,0.014428454,0.020242084
133,0.029299088,0.028283166,0.010502506,0.032791439,0.018637013,0.010473084,0.014293671,0.015845051,0.018265147,0.0140908,0.017529204,0.016877325,0.020917688
134,0.029745564,0.02673926,0.010434401,0.029032378,0.018205371,0.010398469,0.019290395,0.015390974,0.017499961,0.013706262,0.018838357,0.016954174,0.021120129
135,0.030599151,0.024909249,0.010702301,0.02730847,0.021543294,0.012485721,0.017314881,0.015108564,0.018245626,0.011124476,0.020263445,0.017516118,0.021744983
136,0.030800415,0.026945276,0.010235802,0.027135558,0.02348814,0.016608719,0.017244225,0.014854052,0.017893597,0.01021651,0.02029172,0.019775821,0.019852918
137,0.031807423,0.027205983,0.008620537,0.027723258,0.019552905,0.014555641,0.01726193,0.015214993,0.017065924,0.008069828,0.019084301,0.019117462,0.020621313
138,0.031752393,0.024720548,0.008386633,0.029219551,0.019420397,0.014793396,0.017333467,0.017860522,0.017754253,0.008894337,0.018869819,0.019307226,0.01988199
139,0.031941563,0.025363307,0.008994692,0.028595909,0.020309385,0.015527522,0.017800948,0.018179119,0.017182533,0.008063181,0.017711923,0.01972042,0.02052019
140,0.026624115,0.025171824,0.009083725,0.027693719,0.02185915,0.016058166,0.018901635,0.022782616,0.021195015,0.008035546,0.017138161,0.019538974,0.020180734
141,0.025324753,0.023714559,0.011327771,0.02554404,0.025452845,0.016928142,0.019187964,0.022641907,0.023096502,0.012109721,0.015799258,0.019160369,0.020579489
142,0.025886478,0.019699151,0.01515981,0.023988381,0.024372138,0.017534686,0.01952914,0.023082387,0.021530408,0.012346867,0.01586565,0.019865427,0.02086734
143,0.026074877,0.01888736,0.013782846,0.023009425,0.021864945,0.017658023,0.020476507,0.023002185,0.024577182,0.010953636,0.015440268,0.017584724,0.021102393
144,0.026891842,0.021454638,0.014286703,0.025148589,0.020926343,0.017211141,0.016795009,0.023512686,0.024335824,0.009875356,0.017169297,0.017675338,0.021627067
145,0.025227638,0.021211596,0.013673894,0.024119169,0.019658353,0.015638081,0.017638629,0.023158427,0.022851458,0.010602697,0.017680597,0.018502651,0.021753939
146,0.023881529,0.01901144,0.015521077,0.025163297,0.016015997,0.014933862,0.018563466,0.023182832,0.024909923,0.010486512,0.017230108,0.015279286,0.023405286
147,0.024645975,0.020953944,0.015628399,0.026114451,0.015863817,0.014558903,0.018577559,0.022424052,0.024517022,0.011639926,0.017997354,0.019117234,0.022971146
148,0.024627106,0.024685107,0.015811967,0.023934245,0.014428706,0.016136233,0.018325439,0.020032566,0.0246149,0.011063582,0.018440133,0.020341957,0.022902064
149,0.025082568,0.025406478,0.015708292,0.025700139,0.014723061,0.015604643,0.018962344,0.021068774,0.024850959,0.010660678,0.0185265,0.020332839,0.021709733
150,0.024351245,0.026727118,0.016119182,0.027419165,0.013952729,0.0151233,0.019210609,0.021814317,0.021697232,0.008777124,0.017936649,0.020634418,0.021584038
151,0.025811538,0.026444595,0.016555689,0.026602468,0.012563584,0.016485471,0.018620634,0.021727933,0.017314622,0.005108041,0.01809632,0.02024059,0.021649748
152,0.027179845,0.025315801,0.014937783,0.026236648,0.012481516,0.015275237,0.018946446,0.022049922,0.017619817,0.005399326,0.018273825,0.018517636,0.022175295
153,0.027474167,0.025013408,0.015286624,0.026156632,0.013331809,0.018469157,0.018220127,0.022371083,0.01724432,0.006263083,0.018095795,0.01825445,0.023491045
154,0.024706395,0.022393733,0.017226275,0.024835713,0.016507568,0.017951936,0.017859191,0.022695651,0.017317804,0.006276376,0.016075125,0.019283222,0.024021944
155,0.025513351,0.023281805,0.017224871,0.025784435,0.017499,0.017697413,0.016790243,0.023156878,0.017456021,0.005575676,0.015878022,0.020439807,0.024250928
156,0.028492676,0.023099411,0.014804222,0.023970118,0.018139593,0.015439807,0.016781304,0.023046833,0.016507711,0.005304362,0.017081091,0.018767891,0.023129925
157,0.028379258,0.022132324,0.014628146,0.025285991,0.018923851,0.015261848,0.017628768,0.02288603,0.016864955,0.004357709,0.016732382,0.016818035,0.022249188
158,0.029275462,0.017772859,0.015687192,0.026023537,0.018447641,0.014064779,0.016896626,0.022974864,0.016630925,0.005553256,0.01684876,0.017503321,0.022840729
159,0.029296173,0.016064089,0.015716555,0.024887748,0.017339112,0.01431373,0.016349934,0.021366511,0.017163252,0.009228197,0.01747033,0.018244132,0.024925232
160,0.030408517,0.014803207,0.016190367,0.024069486,0.017191248,0.014204377,0.016382232,0.022388341,0.016348509,0.012016185,0.016905978,0.018379061,0.024888296
161,0.030761523,0.014767006,0.015304586,0.024595866,0.017290616,0.013147162,0.016442141,0.022156734,0.015173348,0.011764327,0.01811965,0.020905342,0.024705732
162,0.029218089,0.016170124,0.012808322,0.024242666,0.019012773,0.011223239,0.01550351,0.022060705,0.016648903,0.013484357,0.019802179,0.021140456,0.024163818
163,0.027841955,0.015930718,0.01098239,0.024917776,0.017316984,0.009143666,0.015511446,0.021778731,0.01671209,0.013448862,0.020087967,0.020254418,0.026119774
164,0.029016757,0.016614674,0.009821826,0.024953529,0.014737144,0.009217745,0.014624705,0.02161786,0.016720533,0.013262752,0.019100336,0.020285564,0.026572501
165,0.027625831,0.015094604,0.009548957,0.024495307,0.01345018,0.00913618,0.015893895,0.021134544,0.016576871,0.014001044,0.020092087,0.018298162,0.027775828
166,0.025164731,0.019054702,0.009609375,0.024165815,0.013696267,0.008858986,0.015615174,0.021464618,0.016560195,0.013918452,0.019106606,0.018725934,0.027892411
167,0.027254146,0.02018101,0.009736321,0.021342637,0.012528262,0.009079173,0.015037352,0.022111431,0.016684201,0.012395535,0.019990759,0.018218974,0.027688522
168,0.026968373,0.021442775,0.00845402,0.021113889,0.013285123,0.00915571,0.014919539,0.022052472,0.01650797,0.010618156,0.020281561,0.017741807,0.027129777
169,0.028362252,0.021009075,0.008566343,0.02154756,0.013514592,0.009558388,0.014785433,0.023003124,0.01559833,0.009534516,0.020011783,0.021084394,0.025899073
170,0.026760526,0.021457938,0.007902962,0.022866936,0.013069909,0.009758942,0.014910228,0.021729523,0.016179044,0.005366856,0.020850215,0.018955452,0.025106445
171,0.026685059,0.021605097,0.007670837,0.0226481,0.013422109,0.009568535,0.015469763,0.021921223,0.01658454,0.00473032,0.018999925,0.016667534,0.024676854
172,0.026519895,0.019776614,0.007767361,0.025092097,0.011905767,0.009130375,0.016022133,0.022358755,0.015057473,0.005040649,0.024098812,0.016781311,0.026512202
173,0.026764527,0.01941237,0.008976863,0.02830665,0.013615807,0.009267266,0.015613372,0.022936333,0.016148726,0.005717844,0.020224266,0.016508093,0.026115945
174,0.026175903,0.018381869,0.00872123,0.027035484,0.013357031,0.009305246,0.015624687,0.023415461,0.01614262,0.00534988,0.019401455,0.017360784,0.023056895
175,0.025858928,0.018815571,0.010613087,0.029320557,0.014236802,0.010261747,0.014363029,0.024287565,0.016190888,0.004869829,0.018158076,0.019588897,0.022890473
176,0.025894471,0.015172566,0.010286602,0.029319888,0.014686331,0.010700479,0.014503257,0.023650533,0.016601151,0.005689029,0.017885536,0.018697385,0.022035269
177,0.024712089,0.013934474,0.01122098,0.030123856,0.014608921,0.010302033,0.014747989,0.023207447,0.016503403,0.005463374,0.018736113,0.020282086,0.022611974
178,0.024610415,0.01310872,0.011385378,0.032375019,0.01509948,0.010105401,0.015444029,0.022603834,0.016496332,0.005486055,0.019839337,0.021559669,0.023582472
179,0.022953095,0.013287851,0.011206431,0.033780258,0.015093921,0.009731892,0.015920289,0.022150928,0.016514063,0.006005773,0.019405928,0.01805648,0.026122555
180,0.023587821,0.013204447,0.011246107,0.032535996,0.016280061,0.009384162,0.015576028,0.023402905,0.016214134,0.006782321,0.019699898,0.018629339,0.025952188
181,0.024674073,0.012956755,0.011383573,0.031641502,0.014783254,0.00987131,0.015365539,0.023611277,0.016887302,0.005548982,0.020155957,0.018573491,0.026888877
182,0.025256805,0.012922669,0.011171084,0.031624157,0.015927427,0.010166815,0.015117853,0.023322929,0.017213425,0.006312538,0.016597172,0.019172717,0.026503766
183,0.025633546,0.01410177,0.010133564,0.026473407,0.015066997,0.010207516,0.014863737,0.023022393,0.015928507,0.0056303,0.016908707,0.019627422,0.02510054
184,0.026194522,0.016710194,0.010247283,0.024872301,0.015019201,0.011172779,0.014611415,0.023492081,0.015562229,0.005594281,0.017019698,0.01960611,0.025407847
185,0.026815303,0.018143002,0.008361008,0.024915034,0.01486326,0.010491226,0.014608941,0.022541793,0.015854692,0.005342221,0.017463081,0.018482007,0.024471365
186,0.027010737,0.019184263,0.009222709,0.025584638,0.014557229,0.008739182,0.014443276,0.023907471,0.016680147,0.00498087,0.015957383,0.019656932,0.025402064
187,0.026992921,0.019389154,0.008977815,0.024934288,0.01440746,0.008908043,0.01424927,0.024098702,0.016045343,0.004838014,0.015591555,0.018441185,0.024976656
188,0.029124638,0.019599881,0.008363758,0.024481472,0.013370896,0.010733388,0.014858403,0.023513036,0.016756026,0.005698884,0.015607445,0.017627349,0.024642318
189,0.029452907,0.021183982,0.008561633,0.023661703,0.013546122,0.010359739,0.014999181,0.024148049,0.016612865,0.006026136,0.017048415,0.016946787,0.02266646
190,0.031001182,0.021339905,0.009352849,0.023371469,0.012903056,0.010926566,0.015981929,0.023193192,0.016593751,0.005127837,0.018388391,0.015843187,0.02336866
191,0.029899551,0.021390444,0.00989774,0.023380572,0.013539102,0.010436897,0.015436238,0.022715339,0.016613603,0.005254841,0.018035278,0.016156765,0.021346394
192,0.030255977,0.021561718,0.010419619,0.021415558,0.012755265,0.010330892,0.015655342,0.022994069,0.016293997,0.004455657,0.018759388,0.015041559,0.020310668
193,0.029158738,0.02063217,0.010722271,0.021507205,0.012148229,0.010369883,0.015101982,0.022727255,0.016179174,0.004342174,0.018349718,0.015116504,0.02020794
194,0.028752508,0.018120952,0.011480561,0.021738665,0.01238131,0.009050004,0.015150967,0.021748347,0.016039971,0.004376807,0.017311741,0.015670249,0.020216804
195,0.027621847,0.01645601,0.011517142,0.021416839,0.011646115,0.009160023,0.015424157,0.021420291,0.01618688,0.006175896,0.016607411,0.015689943,0.020728584
196,0.026488638,0.01647914,0.010840175,0.020586397,0.011402492,0.010671098,0.01550588,0.020381933,0.015775332,0.005682779,0.016548362,0.014650328,0.020643692
197,0.026010986,0.016157953,0.010359468,0.020489944,0.011465851,0.010803805,0.015951971,0.020735286,0.016181661,0.005753293,0.018445333,0.013628535,0.020952521
198,0.024731901,0.016496021,0.010460488,0.020121412,0.011490819,0.008733345,0.015240164,0.020555405,0.015926534,0.006179686,0.017930301,0.014910377,0.022008065
199,0.025748003,0.015185327,0.010842404,0.020363458,0.011629152,0.00890426,0.015138748,0.020659961,0.015583944,0.006072544,0.01748631,0.015442454,0.021542162
200,0.023635834,0.015498965,0.009761122,0.020145262,0.011582043,0.008804349,0.014353797,0.019684035,0.01523369,0.006209185,0.017308142,0.01515305,0.020823583
201,0.024508489,0.015513822,0.008470592,0.020213971,0.01155565,0.008692199,0.014563135,0.02059019,0.014661538,0.006139857,0.017922768,0.017284799,0.021936161
202,0.024682134,0.014867329,0.008906615,0.020409105,0.012616593,0.008540591,0.016016297,0.020352671,0.014699442,0.006288174,0.017698329,0.01860656,0.022005241
203,0.024567861,0.014874391,0.008048133,0.020429946,0.012758436,0.009135069,0.015566012,0.020449841,0.014945125,0.005940906,0.017671378,0.019183017,0.022650782
204,0.024737198,0.014792234,0.007587284,0.02027186,0.013395363,0.009150153,0.015943434,0.02054443,0.015284621,0.005970164,0.017859615,0.018053038,0.022734998
205,0.025435193,0.015336548,0.008085575,0.021688292,0.012880824,0.009214311,0.015711619,0.020764537,0.015349936,0.004151062,0.017785383,0.018252708,0.022572804
206,0.025767403,0.015063506,0.007895141,0.021700518,0.012937334,0.008111629,0.015371482,0.021550763,0.015219497,0.004346869,0.018466786,0.018420422,0.023120193
207,0.026006568,0.014711015,0.008003773,0.021918142,0.013108294,0.008349195,0.015934264,0.021347243,0.015034354,0.004046091,0.016216772,0.018559672,0.022340177
208,0.025519742,0.014163163,0.008442805,0.022159647,0.013078623,0.00922898,0.015802093,0.021059679,0.015953047,0.003159113,0.016111353,0.01774695,0.021596476
209,0.024150807,0.014025278,0.008521096,0.02243158,0.013764492,0.009689779,0.01572747,0.021444051,0.016301835,0.002540259,0.015986538,0.017468346,0.022065802
210,0.024187457,0.013661794,0.008355042,0.02251832,0.013572713,0.010874818,0.015765898,0.021483226,0.016124871,0.002440197,0.01540817,0.01777553,0.022272194
211,0.025611864,0.014263084,0.008941423,0.022492688,0.014263486,0.011619837,0.016262811,0.020924462,0.015972208,0.002418058,0.015003962,0.015323572,0.021029416
212,0.024669642,0.014075254,0.008860176,0.022093635,0.013157755,0.012448966,0.014781659,0.021326808,0.015903607,0.002363287,0.017857742,0.014468554,0.021254834
213,0.02540906,0.013730008,0.008440878,0.022679428,0.014156708,0.011847015,0.016185621,0.021314519,0.017139537,0.002416167,0.018458717,0.015056554,0.020205323
214,0.02566215,0.013762238,0.008728026,0.024702234,0.013410727,0.01206986,0.015973009,0.021347376,0.017039137,0.002482159,0.019226611,0.015203566,0.018743508
215,0.026465662,0.013517217,0.009432144,0.02316427,0.013076114,0.011863762,0.015701216,0.0226121,0.01659761,0.002470911,0.019259837,0.015499172,0.019151682
216,0.026183434,0.014346545,0.009592777,0.024561575,0.013555012,0.011655211,0.015710179,0.021712283,0.016968448,0.002180691,0.019481238,0.015401545,0.019406684
217,0.026075579,0.014808153,0.010327565,0.024522616,0.013637401,0.011543048,0.01436802,0.021687962,0.016503116,0.002138611,0.018797936,0.014936873,0.01969705
218,0.027151948,0.01453879,0.009503056,0.026699273,0.013588224,0.011058572,0.01482692,0.021946644,0.017294424,0.00217232,0.019706616,0.015330812,0.020008035
219,0.027338803,0.014793601,0.010226117,0.025923451,0.013333351,0.012250328,0.015187674,0.021526972,0.01742015,0.002963374,0.020066105,0.015712257,0.020802999
220,0.028216166,0.014328092,0.010035672,0.027232544,0.013036682,0.010154972,0.015280508,0.021556061,0.016929721,0.003338162,0.020032683,0.016574789,0.0205108
221,0.027220635,0.014032772,0.0100658,0.027612895,0.012718371,0.011673195,0.014730691,0.022053195,0.017937146,0.003324973,0.019594023,0.017625231,0.021537002
222,0.028073283,0.014481131,0.010136275,0.028075147,0.012290579,0.01113664,0.014798651,0.022068575,0.018445313,0.003458215,0.018549852,0.018317562,0.022597937
223,0.02796259,0.014391186,0.010208149,0.027423043,0.011339066,0.010606222,0.014353262,0.022982523,0.016860675,0.004356839,0.018706795,0.017789835,0.023358393
224,0.028856194,0.01521273,0.010304812,0.026691595,0.011912974,0.011207947,0.013848676,0.024242755,0.016960612,0.004260924,0.017870264,0.017731752,0.023048881
225,0.025833888,0.014803632,0.009275895,0.026764661,0.012410933,0.011022162,0.013903796,0.023645656,0.016942751,0.004533435,0.017780911,0.017891966,0.023846332
226,0.026090415,0.014423641,0.009633238,0.026259715,0.012759496,0.010899614,0.013367834,0.024796112,0.01715989,0.004461708,0.018232688,0.017217461,0.022694374
227,0.02629053,0.015095894,0.008879055,0.026273554,0.013513663,0.011154975,0.013782097,0.025120318,0.018390257,0.005337981,0.017787743,0.019298542,0.022846311
228,0.026539624,0.015249006,0.00911611,0.024187382,0.013407718,0.010903518,0.013907669,0.025943169,0.017291171,0.005571353,0.018045135,0.018275507,0.022360001
229,0.031203743,0.015031801,0.008457444,0.025030484,0.014913489,0.009380287,0.014295568,0.02639891,0.017117625,0.004651729,0.018810952,0.018151624,0.022698581
230,0.029996237,0.01547279,0.008191038,0.02426222,0.015838927,0.009213991,0.014420719,0.025903814,0.017193239,0.00560819,0.017693361,0.018178901,0.023058079
231,0.02951913,0.016719135,0.01016908,0.024453754,0.015250021,0.0078479,0.014406368,0.025957663,0.017144512,0.005934581,0.017747195,0.017830966,0.022700699
232,0.029903099,0.01630066,0.009853783,0.023862213,0.016706737,0.008003561,0.015057813,0.025647005,0.017188756,0.006022732,0.016813237,0.016754348,0.022783432
233,0.02833225,0.016718995,0.01066241,0.023753118,0.017277228,0.00858984,0.015240889,0.025472434,0.016901072,0.005009216,0.017506313,0.017511655,0.022449944
234,0.029367691,0.015893063,0.011138826,0.023463633,0.01635104,0.008372981,0.015534433,0.024997732,0.017108826,0.005312204,0.017523069,0.017735725,0.022987977
235,0.031032916,0.01543026,0.010684345,0.023890013,0.015788255,0.008262801,0.015065114,0.023927726,0.017398631,0.004926699,0.016748659,0.017410873,0.023336537
236,0.030635132,0.016966861,0.01102592,0.022996379,0.01550301,0.010330093,0.015003146,0.022679009,0.01721281,0.004872266,0.018601101,0.018981447,0.024020666
237,0.030521154,0.016680868,0.011229197,0.022918135,0.014162648,0.009906465,0.014527529,0.02258051,0.01558584,0.005369552,0.020185672,0.017521424,0.024281861
238,0.030109491,0.016515659,0.011212844,0.022728816,0.01410129,0.010129254,0.014604405,0.021790694,0.018456412,0.005016542,0.020028353,0.01754884,0.023640474
239,0.027027613,0.01769002,0.011148972,0.022125758,0.013021246,0.011763654,0.014414346,0.021182967,0.018440533,0.004658003,0.0202947,0.017463615,0.022644427
240,0.025284233,0.018516971,0.011263308,0.021798838,0.012513856,0.012033989,0.01448063,0.021557419,0.019607157,0.003910992,0.021183392,0.017171983,0.023224443
241,0.025850825,0.017588312,0.009971199,0.021688443,0.012589161,0.013773745,0.014457571,0.021724546,0.019515477,0.003881105,0.020491593,0.016923347,0.022816859
242,0.025240803,0.017726101,0.011420329,0.021680709,0.0111673,0.014017108,0.013965357,0.021170802,0.021489929,0.003822762,0.019308595,0.017426889,0.022754885
243,0.025694091,0.01817471,0.012084628,0.022317279,0.011019145,0.013187412,0.014893682,0.020484833,0.021390701,0.003628865,0.017501039,0.017219413,0.023091387
244,0.024900978,0.018111208,0.012034299,0.021551708,0.010961832,0.013120105,0.015005498,0.020802107,0.021630989,0.004863259,0.017418003,0.016830226,0.02415543
245,0.0249219,0.019027272,0.012237553,0.021296427,0.011302331,0.013651914,0.01545566,0.020634014,0.021256564,0.004962513,0.018505512,0.017229207,0.023010686
246,0.026169393,0.018960277,0.012488753,0.022399468,0.012363845,0.012141903,0.015392589,0.020638309,0.020262545,0.004864314,0.017379588,0.017012045,0.023175426
247,0.026097097,0.018292051,0.012630539,0.022759384,0.011679645,0.012994694,0.015089394,0.021689013,0.021175714,0.00392976,0.016627651,0.016616976,0.023857703
248,0.026536154,0.019608019,0.012936941,0.022269284,0.011831065,0.013384908,0.014485209,0.021319499,0.019585473,0.004009147,0.016239962,0.017340258,0.022702092
249,0.025649305,0.01884562,0.012249519,0.022536209,0.011876009,0.01189712,0.014836238,0.0220003,0.018480524,0.00512187,0.016782656,0.01543776,0.022802623
250,0.026043169,0.017638423,0.013700806,0.02297543,0.011737591,0.011757258,0.014643363,0.021599354,0.017820179,0.004917066,0.016332168,0.01493941,0.021860749
251,0.026951365,0.018140635,0.01276648,0.022744833,0.011603004,0.011618309,0.01741717,0.021293534,0.017602919,0.004820935,0.016349509,0.016098397,0.021319022
252,0.026468271,0.018658677,0.0117959,0.023120049,0.012025454,0.010945464,0.019193672,0.022693628,0.016307084,0.004809095,0.016338075,0.015735809,0.020649698
253,0.026403878,0.01826684,0.011795392,0.022673232,0.012200659,0.01124087,0.017869975,0.022252996,0.016375275,0.004862219,0.016705116,0.018299762,0.022015065
254,0.026408307,0.01821644,0.011383428,0.022355475,0.012888396,0.010901483,0.016777378,0.022856226,0.016423864,0.004689137,0.017262874,0.019373655,0.020460183
255,0.026492879,0.0174555,0.012698683,0.022977864,0.01202786,0.011206943,0.017129479,0.0230659,0.016795889,0.004614889,0.016748674,0.019763153,0.021312563
256,0.02550499,0.016249502,0.011114026,0.022243682,0.011326625,0.01137082,0.016438365,0.02289553,0.016960621,0.005055486,0.017619299,0.019116944,0.019715283
257,0.02584419,0.015306368,0.011852798,0.021700719,0.011778098,0.010140428,0.017225517,0.022587622,0.0163878,0.011477174,0.017659899,0.019889984,0.01974451
258,0.025233487,0.01502411,0.015374348,0.022115799,0.012268685,0.010959015,0.018897239,0.022466462,0.016319927,0.011678178,0.018235065,0.018415449,0.020123392
259,0.025436264,0.014712821,0.018723967,0.022295257,0.012087096,0.010547406,0.020106087,0.022397812,0.017265718,0.010444985,0.017684158,0.018654324,0.020028431
260,0.025246238,0.014704954,0.017072976,0.021743329,0.012829871,0.009706738,0.020161398,0.022585737,0.016946476,0.013649965,0.018261755,0.020198125,0.020306095
261,0.025693703,0.01471769,0.01716462,0.021994261,0.013070159,0.009452897,0.019023592,0.022483813,0.016127031,0.016071444,0.017239111,0.020296624,0.020460773
262,0.025916575,0.015402648,0.016343798,0.02224314,0.013596198,0.009412307,0.016288484,0.024509097,0.016982038,0.016685463,0.018134333,0.020221006,0.020139078
263,0.025777578,0.015030309,0.017370975,0.022233237,0.013826827,0.010276545,0.014917888,0.024851108,0.016515849,0.01831641,0.017819768,0.018756267,0.019108269
264,0.026532695,0.016273526,0.018232647,0.022887617,0.014021037,0.012758411,0.014959147,0.026697073,0.016844042,0.017459063,0.01722925,0.017785493,0.019078366
265,0.027179347,0.016225327,0.020226421,0.022040337,0.014728016,0.011578834,0.013983208,0.026606213,0.016327208,0.014246613,0.01695456,0.016864974,0.019005001
266,0.026894821,0.016564289,0.02019644,0.021734426,0.014379888,0.011372443,0.012921695,0.027052123,0.016876241,0.012876515,0.016207376,0.01652436,0.020982657
267,0.026980948,0.01818173,0.017909499,0.022768805,0.014289648,0.011567108,0.011844732,0.027395703,0.017530177,0.011112599,0.016362373,0.017664513,0.02182778
268,0.027187493,0.018299213,0.01784887,0.022216296,0.013698467,0.012213922,0.011612235,0.027419655,0.018188126,0.010817102,0.016542222,0.017012883,0.022049276
269,0.027449178,0.019422153,0.014822981,0.02290963,0.013578014,0.012117307,0.011745422,0.028383782,0.017224237,0.009690237,0.016982645,0.017872503,0.022085669
270,0.027604578,0.019514041,0.015620018,0.02370254,0.01361691,0.013099809,0.01133653,0.027086392,0.017614283,0.008861405,0.016615417,0.017388923,0.02186065
271,0.026110474,0.019601915,0.013432217,0.023474282,0.013015204,0.012537712,0.010797421,0.027690552,0.01784239,0.008998455,0.016801933,0.016074611,0.022521233
272,0.027196875,0.02184261,0.014794638,0.023483623,0.015898829,0.012295542,0.011959317,0.028946757,0.01697563,0.011470771,0.016738212,0.016194707,0.02405295
273,0.027055997,0.025579182,0.013882472,0.023602845,0.019720152,0.01171521,0.012236276,0.029598046,0.017231308,0.008054078,0.017255772,0.01552774,0.024376154
274,0.026055614,0.022999838,0.012809639,0.023695439,0.01708715,0.009877524,0.012046239,0.026320303,0.017456606,0.009131915,0.017740652,0.016545305,0.025444463
275,0.025910469,0.025897769,0.013784578,0.023593212,0.016510392,0.010343669,0.012358624,0.025422039,0.016975777,0.010633703,0.017763561,0.016572308,0.025091562
276,0.02720115,0.025142672,0.013214953,0.025479864,0.017097885,0.010385636,0.013355822,0.026732549,0.016608128,0.011405854,0.016703384,0.01684976,0.023491088
277,0.027523346,0.023032481,0.014660578,0.023818629,0.01620557,0.010432424,0.014308213,0.025809506,0.017477516,0.011892852,0.016871022,0.015506603,0.02159683
278,0.027275065,0.025357287,0.015544457,0.025102712,0.017660085,0.008660452,0.014133652,0.025540847,0.017279202,0.01105208,0.016492691,0.016297074,0.022178004
279,0.026932074,0.025044516,0.016831484,0.024514461,0.018130613,0.008601153,0.013043539,0.025007803,0.017973904,0.01113335,0.016392816,0.015815984,0.021586521
280,0.028045161,0.024413198,0.015892524,0.024026548,0.018677045,0.008349446,0.013314114,0.024398698,0.019018976,0.012044318,0.017440762,0.016244719,0.020905817
281,0.028193545,0.024161309,0.015615534,0.02459491,0.018141804,0.009766131,0.014498624,0.024488607,0.020719483,0.011054699,0.01736417,0.016776452,0.020956034
282,0.027880725,0.02325475,0.015510262,0.024185188,0.017623659,0.013479187,0.016383966,0.023247898,0.020189924,0.008736018,0.017313942,0.016622934,0.019852594
283,0.029482724,0.01889601,0.015723223,0.025543533,0.015617234,0.017298762,0.018556623,0.021363907,0.020831676,0.008717739,0.016796013,0.017437948,0.019395359
284,0.029150592,0.018635251,0.016469374,0.024916578,0.017195359,0.016134303,0.020596279,0.021604849,0.020490116,0.008624646,0.016710455,0.016602455,0.018857621
285,0.028638709,0.017168907,0.013379681,0.024662986,0.017180024,0.018891849,0.024569435,0.021532984,0.02013272,0.00782415,0.016428508,0.018825268,0.017926298
286,0.03101467,0.017072851,0.012218525,0.02344414,0.018236209,0.019324183,0.027576454,0.022415813,0.023088755,0.007408408,0.01648421,0.017837062,0.017830018
287,0.029048009,0.017475739,0.011186492,0.022754008,0.01805608,0.019244978,0.026255412,0.022282695,0.022756619,0.006441893,0.015951103,0.017967967,0.017660799
288,0.028683096,0.017323682,0.010726616,0.022241201,0.018904215,0.021087026,0.024040477,0.02454602,0.021674365,0.006876255,0.015811268,0.018030064,0.018012201
289,0.028242541,0.017238824,0.009433314,0.022521334,0.01897976,0.022022687,0.02219072,0.025954653,0.020702431,0.007708261,0.015797397,0.01798876,0.018010302
290,0.029743273,0.018604038,0.01088802,0.02219593,0.018571367,0.022297531,0.020576974,0.025486851,0.017051945,0.005624025,0.016108228,0.018616956,0.018575996
291,0.02997409,0.017404962,0.011559156,0.02186371,0.016521584,0.019884797,0.019581059,0.025254676,0.017043138,0.005575475,0.015513289,0.018691128,0.019729126
292,0.032029331,0.017315878,0.010758735,0.02232028,0.015146381,0.018441495,0.018697996,0.026277849,0.017764678,0.00587151,0.015991721,0.017261811,0.019771781
293,0.031445052,0.018107183,0.012891017,0.020948948,0.015569706,0.018586341,0.019355269,0.026329249,0.02180941,0.005620185,0.015737658,0.017459627,0.02058731
294,0.032310024,0.017237721,0.012559883,0.020610029,0.013738135,0.018048584,0.020089388,0.026465109,0.024571689,0.004706705,0.01594976,0.017802609,0.021811808
295,0.033651613,0.017200649,0.012294707,0.022278151,0.016058324,0.016717754,0.020519737,0.026483884,0.021882169,0.005625532,0.016248513,0.016329607,0.022069737
296,0.032594744,0.01752913,0.013350406,0.022079425,0.015453651,0.01717126,0.02166952,0.027408622,0.019960146,0.004780937,0.017137734,0.017230092,0.022343293
297,0.03254088,0.016403602,0.013052701,0.0234394,0.014709066,0.017743669,0.020552799,0.026752597,0.022184687,0.004729848,0.017179731,0.017777769,0.024098899
298,0.03161611,0.01600231,0.012665519,0.022993116,0.016417881,0.018787973,0.020359719,0.024548776,0.024096929,0.00444989,0.017061938,0.017199939,0.023420729
299,0.030883789,0.01694409,0.012781535,0.023025107,0.016229983,0.018753512,0.019201381,0.022785891,0.025586005,0.003170606,0.017021857,0.017468927,0.025642352
300,,0.016950412,0.011910024,0.023028066,0.015645679,0.018721456,0.017696682,0.023004789,0.028340491,0.003196904,0.015343666,0.016639667,0.028653214
301,,0.018773885,0.010783614,0.0238206,0.016787995,0.01885704,0.017579876,0.023802487,0.030408265,0.00402697,0.014754551,0.016708359,0.02798154
302,,0.018113304,0.009947725,0.023619359,0.016959878,0.019648498,0.018056465,0.023156695,0.028220754,0.003710151,0.015087,0.017124647,0.027834343
303,,0.017481614,0.00991502,0.023609636,0.016403066,0.016515069,0.017603161,0.023474785,0.029040687,0.004182465,0.015458674,0.017560402,0.027256832
304,,0.017846478,0.010268511,0.023604956,0.016055742,0.015719218,0.017399905,0.023194294,0.025501462,0.004112174,0.015511868,0.018380631,0.025431039
305,,0.017857257,0.010090731,0.021826256,0.014361692,0.015823338,0.017041333,0.023493787,0.021893067,0.002975245,0.015630927,0.018468309,0.026231911
306,,0.018400693,0.008944328,0.022041997,0.014798944,0.017097946,0.016274698,0.023887187,0.0215286,0.005168662,0.01555497,0.017262837,0.026955763
307,,0.018273192,0.009254765,0.021257546,0.015153809,0.01622764,0.016520191,0.023168186,0.020543661,0.005000703,0.015662773,0.018058548,0.027044458
308,,0.018559041,0.009377417,0.021633996,0.014090771,0.015424311,0.015823837,0.023176514,0.021497143,0.005063946,0.015485761,0.018831287,0.026246121
309,,,0.009044744,0.022869898,0.013376507,0.014234117,0.014882125,0.022715021,0.020699665,0.004818986,0.015982894,0.01823101,0.025620971
310,,,0.009016532,0.022581611,0.014257326,0.014796803,0.015648713,0.021813847,0.018822389,0.005904861,0.016585968,0.018783487,0.02497071
311,,,0.009425309,0.022676475,0.013011583,0.013891853,0.015846685,0.0211304,0.017819492,0.00500338,0.01604314,0.018373176,0.023656268
312,,,0.008993233,0.023228833,0.013407091,0.013480388,0.015124776,0.021338576,0.018888431,0.005328014,0.015882358,0.019383233,0.024295837
313,,,0.008351326,0.023598809,0.013634859,0.012669266,0.014942278,0.020812569,0.019161951,0.005941751,0.015421857,0.019517992,0.024206512
314,,,0.009251051,0.026335826,0.013794337,0.012840299,0.014832983,0.020834839,0.018868851,0.005867986,0.015804686,0.017790424,0.022951925
315,,,0.008832259,0.028236033,0.013976815,0.011537855,0.014775665,0.020687783,0.018730994,0.007859658,0.015750289,0.016710922,0.022976546
316,,,0.009336672,0.028205153,0.013167667,0.009913684,0.01562834,0.020103671,0.019499769,0.006526601,0.014682205,0.019785663,0.023318557
317,,,0.010332175,0.027014563,0.013535553,0.009790531,0.015873855,0.022911105,0.02338456,0.007154432,0.014444201,0.019409645,0.022554057
318,,,0.01021056,0.026577288,0.01279603,0.009080783,0.015808502,0.021337695,0.020435739,0.008244639,0.014609402,0.019342542,0.022748105
319,,,0.010602771,0.026536198,0.013050921,0.011065149,0.016303858,0.02265726,0.020015255,0.008608734,0.015142905,0.020112015,0.022742113
320,,,0.010913728,0.027226383,0.013975349,0.00944742,0.017128624,0.022616848,0.02209197,0.007865985,0.015646333,0.020442434,0.022752931
321,,,0.010674587,0.027132479,0.014209708,0.011447015,0.017134776,0.022238996,0.022206744,0.009240412,0.016456634,0.022121932,0.022238856
322,,,0.01074477,0.02667778,0.014070201,0.010048505,0.016595241,0.024634134,0.020810951,0.011950744,0.015926603,0.022906369,0.022405794
323,,,0.010367276,0.026422089,0.013889933,0.010297761,0.016781723,0.025191441,0.020453138,0.011961586,0.01625468,0.023128752,0.022198934
324,,,0.00941943,0.027054312,0.013756408,0.010547863,0.016904723,0.024329595,0.021653712,0.012003677,0.016447145,0.024094848,0.023820689
325,,,0.010676763,0.02957101,0.013931251,0.011107364,0.016038984,0.025449056,0.021579769,0.010342579,0.01709879,0.023512123,0.022617964
326,,,0.010511673,0.027357997,0.013613413,0.013330637,0.016255686,0.025950063,0.021627614,0.011047297,0.017367689,0.022019938,0.022533126
327,,,0.009689835,0.027597794,0.013952493,0.014039857,0.016109629,0.024932021,0.017744038,0.012138584,0.017086448,0.022576179,0.023760913
328,,,0.010944679,0.030714249,0.013932794,0.013473489,0.016212717,0.025337081,0.017586675,,0.016990507,0.023199026,0.023571052
329,,,0.011066556,0.030609626,0.014229625,0.011771594,0.018084941,0.025058955,0.017608188,,0.016328117,0.02264766,0.023509262
330,,,0.012099201,0.029914081,0.013076995,0.012852352,0.017399529,0.024705056,0.015840482,,0.014517509,0.023989582,0.023807714
331,,,0.011815726,0.032768272,0.013565122,0.012044012,0.01883943,0.023964401,0.015622918,,0.016046582,0.023551732,0.023876991
332,,,0.012301939,0.033029512,0.012574924,0.012772218,0.018601282,0.022830192,0.015586868,,0.016766435,0.021860484,0.022453211
333,,,0.012509403,0.032721549,0.013335459,0.012844671,0.01865169,0.022629911,0.016673431,,0.016549679,0.021521587,0.022373622
334,,,0.012164342,0.033561945,0.013686846,0.013935126,0.019950004,0.023653107,0.017083025,,0.01826079,0.019566771,0.022034902
335,,,0.012721822,0.028715441,0.014436495,0.013302667,0.019766724,0.022256028,0.016805315,,0.018176829,0.019920696,0.02219636
336,,,0.013645833,0.031030856,0.013692508,0.011420215,0.018474963,0.023186874,0.016205557,,0.018928889,0.018938623,0.021934254
337,,,0.013105664,0.030126363,0.014159748,0.010713341,0.018730612,0.023430679,0.015688149,,0.019541226,0.018094078,0.023262067
338,,,0.012189159,0.028530808,0.0138027,0.010622338,0.018719336,0.023879658,0.017505275,,0.020345068,0.016824171,0.023131425
339,,,0.012604243,0.028959956,0.015251894,0.010566637,0.017413646,0.023134694,0.019786056,,0.020316787,0.017733244,0.022793507
340,,,0.013970573,0.029559894,0.016385246,0.009769533,0.015741752,0.023562213,0.020532517,,0.021519689,0.015489129,0.022810699
341,,,0.017601756,0.027131541,0.016191853,0.008830825,0.014941531,0.023537328,0.02144826,,0.019995768,0.015486801,0.02345649
342,,,0.018205136,0.028064141,0.016431706,0.008804567,0.015338168,0.023512581,0.021230865,,0.019394463,0.01598585,0.023743428
343,,,0.018184103,0.027305353,0.016029974,0.009155346,0.016024185,0.024172284,0.020112408,,0.017032333,0.016735453,0.02334117
344,,,0.018829506,0.025416689,0.016505003,0.007982749,0.015947577,0.023032445,0.020334918,,0.015929881,0.01653092,0.023889758
345,,,0.016311431,0.025341263,0.015209824,0.011524628,0.015924932,0.023795664,0.02057757,,0.016357411,0.016270706,0.024051171
346,,,0.016719082,0.023307895,0.014989265,0.011558347,0.016637525,0.023143107,0.020201022,,0.015443599,0.016219599,0.024411326
347,,,0.021204013,0.02380456,0.015205516,0.012602928,0.017066529,0.023049355,0.020517811,,0.016302759,0.016134745,0.023035517
348,,,0.021108776,0.024072032,0.014978332,0.012082232,0.017547386,0.022938566,0.019320497,,0.016650185,0.015968863,0.022059545
349,,,0.01829968,0.027006276,0.01655142,0.012986699,0.018471666,0.022901021,0.016859181,,0.017090945,0.014756345,0.021675572
350,,,0.016007585,0.028281631,0.014790483,0.013921316,0.018556368,0.025199864,0.015672257,,0.01714148,0.014292321,0.022257309
351,,,0.015447892,0.029287323,0.0150751,0.014624827,0.019363346,0.027129725,0.014857858,,0.017072629,0.014270646,0.021271283
352,,,0.012299136,0.028568631,0.014756849,0.013981247,0.019797914,0.025199229,0.015098104,,0.016471602,0.013613526,0.021263886
353,,,0.013320756,0.028547678,0.015803697,0.014050295,0.020389333,0.024814837,0.014958869,,0.016830206,0.018376252,0.022115709
354,,,0.013422834,0.029863833,0.015382826,0.014632208,0.021984728,0.024818968,0.014645514,,0.017239517,0.019026281,0.020975288
355,,,0.013431045,0.028261798,0.015156878,0.012231803,0.025431028,0.023725908,0.015405484,,0.016932301,0.019747948,0.020193174
356,,,0.012259481,0.027109032,0.015375283,0.011234166,0.025761094,0.026044089,0.015945802,,0.016440831,0.017975537,0.020662308
357,,,0.010857049,0.027853353,0.014788015,0.011343626,0.024540991,0.02578296,0.015814466,,0.015845409,0.018684242,0.020056466
358,,,0.01176185,0.028374763,0.01477033,0.011176511,0.023084747,0.024975739,0.016557224,,0.015340916,0.018374011,0.02052368
359,,,0.011727507,0.024088096,0.012353267,0.010256061,0.02127891,0.024921924,0.017351717,,0.015874775,0.019843578,0.020183712
360,,,0.012366165,0.02331382,0.01234578,0.009478602,0.022390421,0.02446951,0.017002827,,0.01716255,0.020164879,0.019777941
361,,,0.012555236,0.022161169,0.01248074,0.009414488,0.021115441,0.022177661,0.017327495,,0.016242033,0.019798175,0.019608591
362,,,0.012555853,0.022458604,0.012351885,0.009405426,0.021354828,0.022286199,0.016758338,,0.01682644,0.021141047,0.019839557
363,,,0.014359792,0.022606226,0.012589674,0.009495079,0.020709312,0.021029681,0.017403388,,0.016200917,0.018110385,0.020404425
364,,,0.015598544,0.021306992,0.011754265,0.011089855,0.019138893,0.02079968,0.017990405,,0.016800782,0.017840246,0.020814462
365,,,0.015805781,0.023997065,0.012292768,0.011038785,0.015708135,0.021929562,0.017809626,,0.017359093,0.018159565,0.020937823
366,,,0.015821066,0.023950202,0.013201393,0.011096976,0.014065265,0.021179689,0.017178867,,0.017720478,0.018640071,0.020178922
367,,,0.01389757,0.024774654,0.014050243,0.01189012,0.015238219,0.021993378,0.017620198,,0.017320897,0.017749967,0.021009242
368,,,0.013687575,0.024121551,0.015859874,0.011681627,0.015961172,0.02278344,0.016970592,,0.017195243,0.018292746,0.020120764
369,,,0.013456564,0.0240958,0.015564008,0.012210709,0.016763739,0.021790233,0.017274134,,0.017346704,0.019383535,0.01935227
370,,,0.013581909,0.023646701,0.016420335,0.012468936,0.016995834,0.023504565,0.02131195,,0.017554339,0.020366423,0.01927923
371,,,0.012956662,0.024567988,0.016354879,0.011551465,0.017381335,0.023970909,0.023091646,,0.01904528,0.02014073,0.01938881
372,,,0.013223303,0.025254821,0.017018752,0.011806732,0.016626533,0.024335571,0.022413336,,0.018934285,0.016494026,0.020076709
373,,,0.010751029,0.026294451,0.015600637,0.010802849,0.017608128,0.024367919,0.02431708,,0.018618319,0.017068779,0.018851802
374,,,0.009440646,0.026754092,0.015244965,0.009780568,0.016992813,0.024735304,0.022993589,,0.018537706,0.018634634,0.019345893
375,,,0.009765142,0.025265131,0.01545071,0.008716093,0.016834164,0.0255681,0.022500245,,0.017384147,0.018679956,0.019068435
376,,,0.010539388,0.026214246,0.015414325,0.00903026,0.018244484,0.025080981,0.024405161,,0.01955816,0.019976975,0.020240815
377,,,0.00999509,0.024672918,0.015785741,0.010250001,0.017193919,0.024697075,0.022394026,,0.021733494,0.02075276,0.020598598
378,,,0.009793429,0.024496445,0.015174348,0.010042836,0.016328169,0.024787834,0.021514043,,0.020565251,0.019764256,0.020265695
379,,,0.009558096,0.024859712,0.017294621,0.010697721,0.015794378,0.024080018,0.022138011,,0.021555342,0.020055456,0.020419467
380,,,0.010356938,0.025257021,0.017478624,0.011185294,0.016158529,0.023843009,0.019876534,,0.019892858,0.019294629,0.020532358
381,,,0.011513697,0.025332443,0.01814511,0.010819983,0.015503764,0.022975544,0.018094391,,0.019168044,0.019498013,0.020823151
382,,,0.010947136,0.023588236,0.017274601,0.01132409,0.015522714,0.02251137,0.018037975,,0.020393301,0.019058416,0.019979179
383,,,0.01048428,0.024166245,0.016860098,0.011585411,0.015314117,0.022773165,0.017178051,,0.022061223,0.01808352,0.02118391
384,,,0.011004491,0.023401057,0.017954504,0.011437004,0.015421758,0.022217892,0.017565053,,0.021563619,0.018171374,0.02156101
385,,,0.010903637,0.021860234,0.019580685,0.010194181,0.015316208,0.021930467,0.017821195,,0.021657852,0.017100133,0.021255728
386,,,0.010097238,0.021118246,0.019272853,0.01063281,0.014395425,0.021754781,0.018093253,,0.020999573,0.015778871,0.020594573
387,,,0.010290784,0.021625603,0.017770976,0.01027138,0.014770803,0.021047454,0.020380318,,0.017048942,0.015655603,0.020390294
388,,,0.01019222,0.021745628,0.018018425,0.010133277,0.014304764,0.021307167,0.021611806,,0.01550867,0.015493703,0.020985128
389,,,0.010628612,0.022417556,0.015568598,0.009117495,0.014925348,0.021103941,0.020540264,,0.014760992,0.014410787,0.021208536
390,,,0.009603241,0.022220282,0.014467493,0.010989726,0.0148558,0.02197437,0.017408324,,0.014354821,0.015517859,0.02135531
391,,,0.008327886,0.022319002,0.015365201,0.011898952,0.014912616,0.022206485,0.015057996,,0.012860518,0.015364327,0.021774771
392,,,0.008169314,0.022487858,0.014799559,0.010679747,0.016080702,0.021746453,0.014092575,,0.011810185,0.01619453,0.021588869
393,,,0.00907642,0.021498993,0.014335375,0.011590173,0.015688017,0.022292456,0.013025142,,0.011647494,0.016004369,0.021108884
394,,,0.009150504,0.022116279,0.01396683,0.011548971,0.015951607,0.022406314,0.012015837,,0.011999771,0.016128022,0.021770952
395,,,0.009793922,0.022582641,0.01327544,0.011654623,0.016270347,0.023017766,0.011337074,,0.012300448,0.015831178,0.021450892
396,,,0.009813955,0.022395616,0.013330663,0.012096752,0.017094759,0.02307561,0.014668996,,0.011690628,0.015521867,0.021588422
397,,,0.009784998,,0.013476385,0.010774519,0.017359864,0.023623092,0.016973814,,0.012023955,0.01546731,0.020741271
398,,,0.00967528,,0.013034692,0.01008266,0.018069237,0.022680046,0.020119641,,0.011734148,0.015801009,0.020993035
399,,,0.009586939,,0.013718747,0.010463177,0.016337549,0.023447441,0.022521462,,0.012243642,0.016827265,0.0209614
400,,,0.009713433,,0.014355471,0.008956776,0.015353787,0.023051484,0.02054337,,0.012483984,0.017222609,0.020629123
401,,,0.009743637,,0.012827268,0.007116379,0.015309406,0.021991612,0.019562146,,0.011922165,0.018412087,0.020160336
402,,,0.009744627,,0.013478833,0.006939141,0.014300747,0.022536481,0.019938903,,0.012671307,0.01913432,0.020655956
403,,,0.008830197,,0.013277432,0.007025442,0.014189864,0.022619804,0.020624351,,0.014661157,0.020081341,0.019122215
404,,,0.009154445,,0.012943609,0.006993919,0.014153197,0.022557739,0.019222151,,0.016339714,0.02000686,0.018316584
405,,,0.008569821,,0.012240364,0.010649038,0.014203598,0.022418711,0.017669756,,0.015855072,0.019881602,0.019031351
406,,,0.008685873,,0.012932624,0.010541264,0.01501119,0.022475088,0.016750524,,0.017629605,0.019250251,0.019411419
407,,,0.008703671,,0.012107418,0.011810307,0.015347468,0.021331256,0.016259147,,0.020748349,0.018908743,0.019697405
408,,,0.008912885,,0.011888593,0.011180294,0.016402079,0.022432543,0.017453056,,0.025972931,0.018156759,0.019913662
409,,,0.009594182,,0.01170333,0.010991242,0.018192418,0.021480886,0.017918829,,0.028758669,0.017231571,0.019716188
410,,,0.009423436,,0.011145753,0.011376802,0.0186086,0.021868045,0.020339446,,0.029097982,0.016888823,0.020463528
411,,,0.009046183,,0.011572376,0.01138207,0.019962518,0.02192344,0.020665171,,0.030325355,0.015998062,0.020479275
412,,,0.010052984,,0.01232303,0.012017087,0.019677909,0.021824351,0.019621018,,0.028068051,0.015963767,0.021035362
413,,,0.009791775,,0.012761384,0.012157475,0.020756111,0.020514175,0.021006599,,0.02574118,0.015922507,0.02168878
414,,,0.009969335,,0.012802684,0.01232204,0.02152044,0.020133261,0.019528117,,0.022919698,0.015798127,0.023108017
415,,,0.010383534,,0.012782622,0.009763318,0.021862037,0.020455716,0.0196872,,0.020798547,0.015652223,0.023125509
416,,,0.010148877,,0.012381728,0.008745736,0.020462135,0.020026678,0.018708166,,0.017966099,0.016370626,0.024292659
417,,,0.009988612,,0.013519538,0.009086557,0.019804958,0.019951291,0.019555198,,0.015688431,0.01712578,0.023904506
418,,,0.01019624,,0.013510719,0.00989657,0.019841772,0.021019062,0.018115621,,0.015551494,0.01904897,0.024158556
419,,,0.009177089,,0.014043304,0.010447373,0.01798474,0.021248763,0.01849547,,0.015829206,0.019144163,0.024430707
420,,,0.009307848,,0.015433258,0.010664247,0.016826753,0.021300631,0.018219786,,0.016492063,0.019578435,0.023534553
421,,,0.009429055,,0.015844068,0.0144464,0.016644334,0.022248562,0.019561246,,0.016330976,0.02082181,0.026772995
422,,,0.008857416,,0.014666149,0.017715544,0.01595024,0.022494024,0.020180933,,0.016639503,0.021032736,0.025166323
423,,,0.00898303,,0.014617484,0.015587888,0.015243714,0.023104081,0.020151911,,0.016747195,0.021707997,0.025213923
424,,,0.008441944,,0.014430736,0.018703058,0.015127154,0.023618793,0.023061806,,0.016641287,0.024403205,0.024846217
425,,,0.00870435,,0.014042193,0.018953962,0.015067991,0.023747312,0.023935951,,0.01849954,0.024517683,0.024689939
426,,,0.008712065,,0.014798126,0.019762537,0.015360369,0.023452556,0.024616752,,0.018278548,0.024471149,0.024712265
427,,,0.008342196,,0.015034561,0.02304502,0.015134001,0.023527034,0.02326622,,0.018743269,0.024318729,0.025504733
428,,,0.009295108,,0.015308759,0.021730304,0.014519548,0.022448916,0.023629759,,0.017633276,0.021965262,0.026598128
429,,,0.00927503,,0.018473122,0.020242447,0.014748149,0.021915294,0.022485286,,0.018678127,0.021636831,0.026522009
430,,,0.010180861,,0.021352313,0.018317277,0.014814978,0.022150749,0.020160891,,0.018753339,0.020920027,0.02802063
431,,,0.010376067,,0.020394525,0.018278208,0.014369011,0.021175515,0.020469904,,0.018524259,0.01895798,0.025867468
432,,,0.010637703,,0.019345991,0.015196363,0.014367236,0.021204429,0.018868625,,0.017851815,0.018701736,0.025616456
433,,,0.010507384,,0.0207914,0.015093268,0.014601902,0.020464944,0.017594242,,0.017609121,0.018210992,0.026101323
434,,,0.010527688,,0.023775179,0.014893749,0.014471265,0.019932348,0.016770314,,0.018838756,0.015865175,0.025976583
435,,,0.011001155,,0.025636492,0.016100271,0.014586629,0.019391961,0.014980372,,0.018971957,0.015814586,0.024406739
436,,,0.010969997,,0.026314508,0.015484327,0.015097972,0.019573811,0.016037675,,0.01962235,0.015948424,0.023092832
437,,,0.011018579,,0.02692093,0.013351729,0.015467703,0.020527232,0.015604579,,0.019357063,0.016509924,0.023352917
438,,,0.009641549,,0.025873635,0.012761183,0.014959075,0.020674488,0.015552849,,0.018590441,0.01698963,0.021171361
439,,,0.009986804,,0.023736013,0.0123074,0.015678924,0.021251116,0.015674027,,0.018675571,0.018114958,0.021030998
440,,,0.009310165,,0.021834504,0.013399179,0.015902605,0.021530902,0.015508014,,0.019029137,0.018150888,0.020152908
441,,,0.009126158,,0.020675465,0.013125487,0.015434042,0.021660792,0.01621731,,0.018514203,0.018773282,0.021871893
442,,,0.00924608,,0.022119215,0.012618089,0.015750468,0.022166142,0.016394205,,0.017910058,0.017649889,0.021820672
443,,,0.009508416,,0.022346318,0.01107225,0.015952406,0.022402804,0.017285131,,0.016886236,0.017832812,0.022843599
444,,,0.010052895,,0.019534815,0.011956113,0.015651306,0.022765635,0.016810408,,0.016650975,0.01745721,0.02324922
445,,,0.009060817,,0.021076325,0.010698291,0.015933981,0.022759436,0.017029781,,0.016749779,0.0174259,0.022899685
446,,,0.009200782,,0.020409554,0.010795945,0.0152846,0.022519751,0.01681713,,0.01642447,0.016857063,0.022629378
447,,,0.009929846,,0.019165073,0.012284826,0.015879627,0.022505369,0.016598923,,0.016546609,0.017177092,0.021013824
448,,,0.010313752,,0.019105598,0.012869244,0.015710484,0.022750212,0.016399864,,0.018787036,0.016917152,0.020651979
449,,,0.011252977,,0.0168812,0.012775675,0.0147267,0.023712952,0.017376021,,0.018989915,0.016447986,0.021088963
450,,,0.011261105,,0.017020043,0.010762038,0.014956938,0.023316374,0.01750911,,0.019162141,0.016789492,0.021955874
451,,,0.010687444,,0.016819876,0.012706642,0.015482496,0.024618454,0.016819865,,0.018794542,0.017446844,0.020565426
452,,,0.010442699,,0.01668695,0.012260754,0.015719444,0.023178928,0.01684032,,0.01859604,0.018756261,0.020414896
453,,,0.010443125,,0.015614745,0.013702606,0.015869884,0.02345809,0.018002901,,0.018684639,0.017968852,0.019439602
454,,,0.009943678,,0.015608896,0.012085427,0.01564916,0.023691498,0.017561017,,0.01866053,0.018784568,0.018882604
455,,,0.010435442,,0.014804206,0.011806717,0.01626987,0.02443853,0.018199598,,0.019696247,0.018552085,0.019758375
456,,,0.010589233,,0.012960856,0.011662752,0.016382288,0.024392098,0.019144548,,0.020302156,0.019264285,0.020232582
457,,,0.010532752,,0.013336277,0.010607955,0.016482322,0.024380991,0.019413086,,0.020356569,0.021534545,0.022330603
458,,,0.010793637,,0.013595619,0.009505048,0.016698083,0.024048451,0.019722119,,0.019899847,0.022403635,0.02236536
459,,,0.010013407,,0.013252599,0.009910172,0.017368475,0.023331331,0.019074855,,0.020836469,0.021959474,0.02323644
460,,,0.009933269,,0.01329051,0.01018374,0.01708689,0.023026409,0.019035263,,0.018341905,0.020510875,0.022352496
461,,,0.009564915,,0.013466292,0.008210101,0.016477607,0.022909062,0.018939942,,0.018448344,0.020748593,0.022065125
462,,,0.00977514,,0.01245576,0.010015297,0.016381009,0.022642843,0.018761573,,0.018361278,0.019889852,0.02199067
463,,,0.009755465,,0.012716615,0.0088444,0.015977638,0.022583093,0.017197359,,0.018194694,0.02089227,0.022737999
464,,,0.00970143,,0.011818255,0.010142813,0.016236003,0.022740468,0.017698439,,0.018926518,0.020463657,0.0266762
465,,,0.009109288,,0.011816262,0.010682778,0.015821278,0.02281775,0.016855568,,0.018788058,0.020766962,0.029552979
466,,,0.009145641,,0.013233701,0.011064362,0.01571276,0.022918958,0.015617777,,0.019849893,0.021717167,0.028635135
467,,,0.008323537,,0.013042095,0.011116498,0.015975872,0.022037208,0.015800018,,0.020097565,0.018365974,0.027676428
468,,,0.007445284,,0.012324636,0.011013467,0.016122045,0.023073439,0.016034942,,0.018293373,0.017385749,0.027638597
469,,,0.007609433,,0.013496659,0.011206215,0.016038019,0.022253286,0.015579057,,0.016795846,0.01738824,0.02635229
470,,,0.007708396,,0.012906033,0.011420075,0.016334107,0.021162452,0.015139384,,0.016262606,0.017950654,0.026988169
471,,,0.00835283,,0.013103576,0.011353492,0.016961938,0.021249039,0.014903393,,0.016726812,0.01829543,0.027425522
472,,,,,0.013466202,0.00990793,0.017442942,0.021816246,0.015618459,,0.01661671,0.018628154,0.02909893
473,,,,,0.013125448,0.009993988,0.017905157,,0.01545635,,0.015979387,0.018455459,0.030570852
474,,,,,0.012948169,0.009584344,0.018030338,,0.015421892,,0.016787879,0.018141545,0.028319113
475,,,,,0.013117318,0.009330402,0.017607091,,0.015137291,,0.016965512,0.018241372,0.024322605
476,,,,,0.0118893,0.011363325,0.018028501,,0.014838597,,0.016144494,0.016994191,0.025252625
477,,,,,0.011749603,0.011168472,0.017327661,,0.015240336,,0.016479423,0.017005604,0.024165649
478,,,,,0.011418938,0.011218665,0.017336225,,0.015157407,,0.016361941,0.016992114,0.024164623
479,,,,,0.011154366,0.010598289,0.016711505,,0.015241954,,0.016546316,0.016855987,0.024119545
480,,,,,0.011182684,0.010223222,0.017347654,,0.015789203,,0.016432643,0.01641506,0.024335915
481,,,,,0.011061519,0.01127778,0.017139927,,0.015656566,,0.016631417,0.016155319,0.024854297
482,,,,,0.010868875,0.011142275,0.016283834,,0.014914756,,0.017262276,0.015546896,0.023424607
483,,,,,0.010895969,0.011115035,0.015401675,,0.015092151,,0.01826511,0.014895248,0.020956406
484,,,,,0.01071138,0.010801911,0.01565074,,0.015146963,,0.017423715,0.015602059,0.021996256
485,,,,,0.01084644,0.010144141,0.016140644,,0.015741823,,0.017444916,0.015826844,0.021949442
486,,,,,0.011330156,0.009073211,0.017496571,,0.015714701,,,0.01596185,0.024413768
487,,,,,0.010986509,0.009389898,0.017155444,,0.014614228,,,0.016053403,0.025220647
488,,,,,0.012246431,0.009387383,0.017056186,,0.014944362,,,0.015205123,0.025204839
489,,,,,0.011825521,0.00923577,0.018342618,,0.014997958,,,0.015112821,0.027543003
490,,,,,0.011610299,0.009619366,0.01921453,,0.015180627,,,0.014498281,0.027592428
491,,,,,0.011815597,0.008507287,0.019516863,,0.015250193,,,0.015317909,0.026435345
492,,,,,0.011949763,0.010074074,0.019386739,,0.015088317,,,0.015929556,0.026350047
493,,,,,0.011616005,0.010695307,0.01800577,,0.01603928,,,0.015889049,0.028214544
494,,,,,0.011881397,0.012289339,0.017161177,,0.015420217,,,0.015784698,0.026746999
495,,,,,0.011999092,0.013000007,0.016429735,,0.015510431,,,0.01514239,0.025389489
496,,,,,0.011674725,0.012683287,0.014853196,,0.015342583,,,0.016081572,0.022868924
497,,,,,0.012083786,0.012560499,0.013878553,,0.015374935,,,0.015991081,0.021621061
498,,,,,0.011252636,0.012590355,0.01351804,,0.01636501,,,0.017672343,0.020293554
499,,,,,0.010961575,0.012425195,0.0118729,,0.016503748,,,0.017584639,0.019427883
500,,,,,0.011091681,0.011863295,0.011694725,,0.015955567,,,0.019077055,0.019533619
501,,,,,0.012067239,0.011795582,0.011644755,,0.017052557,,,0.018499123,0.019573959
502,,,,,0.011880533,0.010614492,0.011828749,,0.016957879,,,0.018800285,0.020358035
503,,,,,0.012162543,0.012484596,0.011690127,,0.016966218,,,0.01968199,0.02042006
504,,,,,0.012702089,0.010323793,0.011460055,,,,,0.018948874,0.019927198
505,,,,,0.012587742,0.00973726,0.011797267,,,,,0.019345261,0.020900287
506,,,,,0.012844928,0.009876708,0.010803871,,,,,0.01864665,0.020876203
507,,,,,0.012717448,0.009363836,0.011435551,,,,,0.018156508,0.021479342
508,,,,,0.012630202,0.009825084,0.012522799,,,,,0.016813425,0.021766014
509,,,,,0.013618178,0.009925153,0.014224978,,,,,0.018207476,0.021340795
510,,,,,0.012995825,0.009675977,0.014829424,,,,,0.017383281,0.0214453
511,,,,,0.012317006,0.009370836,0.015803481,,,,,0.017068954,0.022952599
512,,,,,0.012634207,0.009429095,0.015049499,,,,,0.016683342,0.02171609
513,,,,,0.013838775,0.00686499,0.015084358,,,,,0.016995534,0.022404259
514,,,,,0.013203627,0.007423558,0.015817439,,,,,0.017014032,0.02222657
515,,,,,0.013620047,0.00741152,0.016124247,,,,,0.016822249,0.02215068
516,,,,,0.013249543,0.008217362,0.017825589,,,,,0.017457502,0.022368869
517,,,,,0.013074597,0.008713989,0.019213544,,,,,0.018252892,0.021915421
518,,,,,0.013121848,0.008411394,0.022009812,,,,,0.019178195,0.021504007
519,,,,,0.012377139,0.00864848,0.022894239,,,,,0.018948149,0.022804324
520,,,,,0.013277809,0.009356781,0.02688029,,,,,0.019095102,0.022158254
521,,,,,0.013108547,0.009288583,0.027744034,,,,,0.019101879,0.020433001
522,,,,,0.01287521,0.009294764,0.026987938,,,,,0.018774722,0.021201978
523,,,,,0.012053936,0.009035215,0.023801448,,,,,0.017984062,0.02038813
524,,,,,0.011955598,0.009249972,0.020488,,,,,0.01825046,0.021238917
525,,,,,0.013132639,0.009700693,0.019552771,,,,,0.017908247,0.021598384
526,,,,,0.013071729,0.009656881,0.018516041,,,,,0.017520651,0.022368599
527,,,,,0.013047664,,0.018540718,,,,,0.018547019,0.022622693
528,,,,,0.013518974,,0.01629404,,,,,0.018190587,0.023137268
529,,,,,0.014248165,,0.016720999,,,,,0.019757958,0.021585457
530,,,,,0.013288645,,,,,,,0.019720281,0.021267449
531,,,,,0.012738287,,,,,,,0.020818375,0.019602206
532,,,,,0.012944577,,,,,,,0.020059435,0.019845217
533,,,,,0.011974167,,,,,,,0.020353796,0.020329554
534,,,,,0.012630251,,,,,,,0.020838335,0.019472158
535,,,,,0.012484815,,,,,,,0.019096855,0.019053582
536,,,,,0.01275724,,,,,,,0.016355176,0.01935507
537,,,,,0.012509594,,,,,,,0.016363012,0.019228689
538,,,,,0.01314868,,,,,,,0.021916997,0.02042268
539,,,,,0.012990356,,,,,,,0.020245662,0.020655254
540,,,,,0.013553528,,,,,,,0.019957088,0.021401886
541,,,,,0.015746912,,,,,,,0.018851047,0.021725237
542,,,,,0.015558834,,,,,,,0.018485958,0.022327611
543,,,,,0.017541634,,,,,,,0.019197768,0.021727158
544,,,,,0.017978745,,,,,,,0.020382181,0.021127764
545,,,,,0.017921383,,,,,,,0.019089116,0.022669433
546,,,,,0.019544473,,,,,,,0.01968747,0.021573309
547,,,,,0.019498507,,,,,,,0.020318281,0.022538889
548,,,,,0.01941333,,,,,,,0.016859675,0.020945374
549,,,,,0.018450847,,,,,,,0.015301516,0.021146528
550,,,,,0.019214323,,,,,,,0.015974307,0.021839824
551,,,,,,,,,,,,0.018108487,0.021528346
552,,,,,,,,,,,,0.019354258,0.021411585
553,,,,,,,,,,,,0.019422036,0.021488385
554,,,,,,,,,,,,0.020167209,0.021322088
555,,,,,,,,,,,,0.018462909,0.020077018
556,,,,,,,,,,,,0.018271994,0.020163689
557,,,,,,,,,,,,0.019087095,0.020615213
558,,,,,,,,,,,,0.017638121,0.020753648
559,,,,,,,,,,,,0.020848075,0.021801542
560,,,,,,,,,,,,0.021352351,0.021154618
561,,,,,,,,,,,,0.022834728,0.021531604
562,,,,,,,,,,,,0.023385417,0.021228813
563,,,,,,,,,,,,0.024536587,0.020839166
564,,,,,,,,,,,,0.023156496,0.021227108
565,,,,,,,,,,,,0.024516407,0.021450166
566,,,,,,,,,,,,0.024126615,0.021329962
567,,,,,,,,,,,,0.023452172,0.021428276
568,,,,,,,,,,,,0.023173692,0.021733686
569,,,,,,,,,,,,0.021461757,0.020868387
570,,,,,,,,,,,,0.020295672,0.021107323
571,,,,,,,,,,,,0.017848304,0.021011045
572,,,,,,,,,,,,0.017006505,0.020456893
573,,,,,,,,,,,,0.017699722,0.021330504
574,,,,,,,,,,,,0.017139249,0.021371514
575,,,,,,,,,,,,0.016619341,0.020899091
576,,,,,,,,,,,,0.017038647,0.021187851
577,,,,,,,,,,,,0.016675815,0.020728447
578,,,,,,,,,,,,0.017377336,0.020499384
579,,,,,,,,,,,,0.018221945,0.022666724
580,,,,,,,,,,,,0.016723409,0.022853052
581,,,,,,,,,,,,0.01699776,0.022020832
582,,,,,,,,,,,,0.018133584,0.022085141
583,,,,,,,,,,,,0.01637743,0.024298001
584,,,,,,,,,,,,0.019742994,0.024116563
585,,,,,,,,,,,,0.021961927,0.023706988
586,,,,,,,,,,,,0.02133961,0.024229076
587,,,,,,,,,,,,0.022504088,0.025567725
588,,,,,,,,,,,,0.021682719,0.02830484
589,,,,,,,,,,,,0.02119218,0.026314061
590,,,,,,,,,,,,0.022868652,0.025552956
591,,,,,,,,,,,,0.024116602,0.025350625
592,,,,,,,,,,,,0.024710273,0.024257818
593,,,,,,,,,,,,0.024626922,0.02232969
594,,,,,,,,,,,,0.022158852,0.024147052
595,,,,,,,,,,,,0.019495009,0.024289185
596,,,,,,,,,,,,0.019114157,0.024071531
597,,,,,,,,,,,,0.020738395,0.024488935
598,,,,,,,,,,,,0.020601444,0.022551224
599,,,,,,,,,,,,0.020395597,0.022385923
600,,,,,,,,,,,,0.019495605,0.023321899
601,,,,,,,,,,,,0.020265112,0.02335499
602,,,,,,,,,,,,0.017736429,0.023116549
603,,,,,,,,,,,,0.016664419,0.022853836
604,,,,,,,,,,,,0.016409852,0.02156279
605,,,,,,,,,,,,0.017307904,0.021700019
606,,,,,,,,,,,,0.017449398,0.021248454
607,,,,,,,,,,,,0.016331594,0.021678925
608,,,,,,,,,,,,0.016742177,0.023109466
609,,,,,,,,,,,,0.016711501,0.023128586
610,,,,,,,,,,,,0.01721382,0.024047526
611,,,,,,,,,,,,0.017380571,0.023061188
612,,,,,,,,,,,,0.017049268,0.023588303
613,,,,,,,,,,,,0.017538318,0.024610212
614,,,,,,,,,,,,0.016918851,0.025533233
615,,,,,,,,,,,,0.016621592,0.026604874
616,,,,,,,,,,,,0.016679954,0.025149837
617,,,,,,,,,,,,0.016901629,0.024749409
618,,,,,,,,,,,,0.016848078,0.023845427
619,,,,,,,,,,,,0.016942337,0.023844028
620,,,,,,,,,,,,0.016162168,0.023876358
621,,,,,,,,,,,,0.01542215,0.025297623
622,,,,,,,,,,,,0.015407483,0.024523269
623,,,,,,,,,,,,0.014650609,0.024196474
624,,,,,,,,,,,,0.015476553,0.022880116
625,,,,,,,,,,,,0.015650522,0.021812949
626,,,,,,,,,,,,0.015278465,0.022792066
627,,,,,,,,,,,,0.015337392,0.022879515
628,,,,,,,,,,,,0.01429049,0.023348885
629,,,,,,,,,,,,0.014358868,0.023121359
630,,,,,,,,,,,,0.014631535,0.024081703
631,,,,,,,,,,,,0.014944048,0.023504322
632,,,,,,,,,,,,0.015944593,0.023610311
633,,,,,,,,,,,,0.016762571,0.022877628
634,,,,,,,,,,,,0.016008226,0.022752797
635,,,,,,,,,,,,0.016212994,
636,,,,,,,,,,,,0.01716475,
637,,,,,,,,,,,,0.016184725,
638,,,,,,,,,,,,0.017030083,
639,,,,,,,,,,,,0.01651193,
640,,,,,,,,,,,,0.016778726,
641,,,,,,,,,,,,0.019038826,
642,,,,,,,,,,,,0.017350366,
643,,,,,,,,,,,,0.018035589,
644,,,,,,,,,,,,0.018273091,
645,,,,,,,,,,,,0.018031394,
646,,,,,,,,,,,,0.017526347,
647,,,,,,,,,,,,0.01874161,
648,,,,,,,,,,,,0.018319387,
649,,,,,,,,,,,,0.017661577,
650,,,,,,,,,,,,0.018243277,
651,,,,,,,,,,,,0.016691752,
652,,,,,,,,,,,,0.017110802,
653,,,,,,,,,,,,0.017285125,
654,,,,,,,,,,,,0.017571894,
655,,,,,,,,,,,,0.017932678,
656,,,,,,,,,,,,0.019887662,
657,,,,,,,,,,,,0.018293906,
658,,,,,,,,,,,,0.019434592,
659,,,,,,,,,,,,0.020130305,
660,,,,,,,,,,,,0.01992151,
661,,,,,,,,,,,,0.019744536,
662,,,,,,,,,,,,0.019410515,
663,,,,,,,,,,,,0.019702807,
664,,,,,,,,,,,,0.019844214,
665,,,,,,,,,,,,0.020291705,
666,,,,,,,,,,,,0.018278051,
667,,,,,,,,,,,,0.017119782,
668,,,,,,,,,,,,0.015921084,
669,,,,,,,,,,,,0.014388061,
670,,,,,,,,,,,,0.013557594,
671,,,,,,,,,,,,0.014046768,
672,,,,,,,,,,,,0.014705279,
673,,,,,,,,,,,,0.014752141,
674,,,,,,,,,,,,0.016180288,
675,,,,,,,,,,,,0.017015755,
676,,,,,,,,,,,,0.018004708,
677,,,,,,,,,,,,0.01753537,
678,,,,,,,,,,,,0.018824523,
679,,,,,,,,,,,,0.018610755,
680,,,,,,,,,,,,0.019065568,
681,,,,,,,,,,,,0.018813824,
682,,,,,,,,,,,,0.018947355,
683,,,,,,,,,,,,0.018931439,
684,,,,,,,,,,,,0.019293426,
685,,,,,,,,,,,,0.017770298,
686,,,,,,,,,,,,0.017740423,