,normal,normal,normal,normal,normal,normal,normal,normal,normal,normal,normal,normal,normal,normal,anomaly,anomaly,anomaly,anomaly,anomaly,anomaly
0,0.0780535414814949,0.06743793934583664,0.06821507960557938,0.11191973835229874,0.11051575839519501,0.0689472034573555,0.07024164497852325,0.10453514754772186,0.0774969831109047,0.060709401965141296,0.09110133349895477,0.06856103241443634,0.08232332020998001,0.06328056007623672,0.07924243807792664,0.08754843473434448,0.08106371015310287,0.14890998601913452,0.07539570331573486,0.09571091085672379
1,0.067328080534935,0.05844125896692276,0.05755368992686272,0.0897844135761261,0.07179160416126251,0.061423614621162415,0.05887804552912712,0.07699761539697647,0.0714680552482605,0.04854840785264969,0.0812959149479866,0.06815630942583084,0.05692891776561737,0.0524967722594738,0.07709875702857971,0.07556216418743134,0.060717448592185974,0.1145378053188324,0.0690816268324852,0.06713186204433441
2,0.07179652154445648,0.05164531245827675,0.06280899047851562,0.09260132163763046,0.07885351032018661,0.058756038546562195,0.04708890616893768,0.0674029141664505,0.06819555908441544,0.04412713274359703,0.06815055757761002,0.06564846634864807,0.0655815377831459,0.056592077016830444,0.08038593828678131,0.07501140236854553,0.05470640957355499,0.12245043367147446,0.07404828816652298,0.06112005561590195
3,0.0720878541469574,0.054055292159318924,0.07623942941427231,0.07766114175319672,0.08322305977344513,0.06801560521125793,0.04765227437019348,0.07662437856197357,0.06134561821818352,0.040470995008945465,0.07252814620733261,0.07037947326898575,0.06532187759876251,0.04890976846218109,0.08084354549646378,0.07036160677671432,0.05835937336087227,0.1170925498008728,0.0813351422548294,0.06648968905210495
4,0.086170494556427,0.05316692963242531,0.06848981231451035,0.08845190703868866,0.07813873142004013,0.07315360754728317,0.05027076229453087,0.06903289258480072,0.06746426969766617,0.04523158818483353,0.05767372250556946,0.07538502663373947,0.061322152614593506,0.0429653562605381,0.08966422080993652,0.0647343099117279,0.0544419027864933,0.12487483769655228,0.06733261048793793,0.06074952706694603
5,0.07685963064432144,0.043318361043930054,0.05944245681166649,0.08869387209415436,0.07948305457830429,0.06162990629673004,0.04952453076839447,0.07466573268175125,0.05718177184462547,0.04966059327125549,0.060379158705472946,0.059944987297058105,0.0608641617000103,0.032985005527734756,0.07495676726102829,0.06438839435577393,0.06026260927319527,0.11252904683351517,0.07567988336086273,0.06499215960502625
6,0.07586139440536499,0.04386678710579872,0.06687307357788086,0.08360365033149719,0.0844508484005928,0.06424219906330109,0.049372367560863495,0.08048933744430542,0.05720018967986107,0.03791167959570885,0.0566362664103508,0.05445787310600281,0.0657760426402092,0.03619372099637985,0.07758864760398865,0.0787089392542839,0.050715357065200806,0.12099700421094894,0.06856509298086166,0.06771384924650192
7,0.06822136789560318,0.045029204338788986,0.055619869381189346,0.07256095856428146,0.07299220561981201,0.05815575644373894,0.044727716594934464,0.08170684427022934,0.05324062705039978,0.036991145461797714,0.0661546066403389,0.053960170596838,0.044948142021894455,0.02952076867222786,0.0663207545876503,0.07111591100692749,0.056002598255872726,0.11576312780380249,0.07218850404024124,0.07098805159330368
8,0.06339430809020996,0.045371752232313156,0.05833781883120537,0.06616538017988205,0.07871736586093903,0.05602707341313362,0.04645188897848129,0.061309345066547394,0.05040392279624939,0.041556645184755325,0.0528678372502327,0.049595385789871216,0.035592492669820786,0.028737787157297134,0.08118558675050735,0.06036176532506943,0.050140783190727234,0.11999243497848511,0.06281901895999908,0.061357103288173676
9,0.05958375707268715,0.04643310233950615,0.06315319240093231,0.07265356183052063,0.07425490021705627,0.05698816850781441,0.044473666697740555,0.061999015510082245,0.05348743870854378,0.03822880610823631,0.05175679549574852,0.04525218904018402,0.03604290634393692,0.024025417864322662,0.07062503695487976,0.05157921090722084,0.05356023833155632,0.10933130979537964,0.07195718586444855,0.06569080054759979
10,0.06321054697036743,0.04738829284906387,0.062280409038066864,0.07295536994934082,0.0812193751335144,0.05250553786754608,0.04899024963378906,0.05389918386936188,0.05094866082072258,0.034297097474336624,0.05363207310438156,0.04065963998436928,0.03583511710166931,0.031006839126348495,0.0752674862742424,0.05728457495570183,0.051782578229904175,0.11380848288536072,0.07067764550447464,0.06431502103805542
11,0.06416631489992142,0.050091199576854706,0.05746518820524216,0.0683937668800354,0.07420148700475693,0.05148265138268471,0.04618173837661743,0.059074632823467255,0.054465580731630325,0.03895029053092003,0.04723651334643364,0.041533395648002625,0.034449655562639236,0.02394564263522625,0.07493430376052856,0.057801272720098495,0.057755883783102036,0.12049607932567596,0.07151804864406586,0.06383104622364044
12,0.07018771767616272,0.04375535994768143,0.06225980445742607,0.07372887432575226,0.07420781999826431,0.04762003943324089,0.04908883199095726,0.05947379022836685,0.05411187559366226,0.04035725072026253,0.04385343939065933,0.04225150868296623,0.038731735199689865,0.03201089799404144,0.07336734980344772,0.05392094701528549,0.05139059200882912,0.11809341609477997,0.06674200296401978,0.060842957347631454
13,0.059403710067272186,0.04831152781844139,0.05322977527976036,0.07070626318454742,0.07249579578638077,0.053640641272068024,0.05070219933986664,0.058633074164390564,0.0534546822309494,0.040368590503931046,0.05030772462487221,0.045766424387693405,0.036945682018995285,0.03129014000296593,0.07706479728221893,0.05490827560424805,0.05242566019296646,0.10075195878744125,0.06766863912343979,0.06241475045681
14,0.0648440420627594,0.055310528725385666,0.0590161494910717,0.0740191861987114,0.08002655953168869,0.048271507024765015,0.04694525897502899,0.053156595677137375,0.052792832255363464,0.03830144554376602,0.04501976817846298,0.045911286026239395,0.042004115879535675,0.03653853014111519,0.07913903146982193,0.0556303970515728,0.04808991402387619,0.11637267470359802,0.05751373618841171,0.06223877891898155
15,0.06581930071115494,0.058323025703430176,0.05622268468141556,0.07247324287891388,0.07323869317770004,0.044964853674173355,0.04480986297130585,0.05228446424007416,0.054460346698760986,0.04040868580341339,0.051942627876996994,0.04370545968413353,0.04177270084619522,0.03166999667882919,0.07569057494401932,0.04859183728694916,0.054638832807540894,0.11677286773920059,0.05779504030942917,0.0708707794547081
16,0.06351659446954727,0.05124477297067642,0.056669969111680984,0.06629057973623276,0.07894593477249146,0.04679248109459877,0.05262371152639389,0.04259457066655159,0.04814716801047325,0.039294637739658356,0.05052276700735092,0.04560793191194534,0.036141376942396164,0.04064670205116272,0.08203138411045074,0.05511067062616348,0.05193767324090004,0.10914509743452072,0.05782841518521309,0.06425358355045319
17,0.060882844030857086,0.05681521072983742,0.049253497272729874,0.06928658485412598,0.0685860812664032,0.04978223517537117,0.04314963519573212,0.04980705678462982,0.050235647708177567,0.039379410445690155,0.0408889539539814,0.04435021057724953,0.0414462611079216,0.038318440318107605,0.06772496551275253,0.05464698374271393,0.048873960971832275,0.11671897768974304,0.05975428223609924,0.06588137894868851
18,0.06806252896785736,0.047881368547677994,0.05814357101917267,0.07709494233131409,0.08356454223394394,0.04408475011587143,0.047815561294555664,0.047067850828170776,0.05174940079450607,0.03403002768754959,0.04294781759381294,0.04431041330099106,0.045270197093486786,0.04289544001221657,0.06919706612825394,0.05873792618513107,0.0500260666012764,0.1093825027346611,0.059930220246315,0.05480559542775154
19,0.06208845227956772,0.050718456506729126,0.05038464069366455,0.0751417875289917,0.0813671126961708,0.04449329525232315,0.041411299258470535,0.04802927002310753,0.05177638679742813,0.03694142773747444,0.05349811539053917,0.042951758950948715,0.039917681366205215,0.03705144673585892,0.07186035811901093,0.056499581784009933,0.05704157426953316,0.11090746521949768,0.05706107243895531,0.0648598000407219
20,0.06775126606225967,0.0515412837266922,0.0642155259847641,0.07967811822891235,0.07897109538316727,0.04408694803714752,0.044307973235845566,0.05014185979962349,0.046567853540182114,0.04295732453465462,0.04994087293744087,0.045818030834198,0.045409440994262695,0.04159100353717804,0.07310061156749725,0.053243979811668396,0.05226109176874161,0.10665480047464371,0.053725793957710266,0.06426756083965302
21,0.0646984651684761,0.04482473060488701,0.055621255189180374,0.0768343061208725,0.08597322553396225,0.04741322994232178,0.044386349618434906,0.043691352009773254,0.05690828710794449,0.0374416820704937,0.055192574858665466,0.042376115918159485,0.04125339165329933,0.04703393206000328,0.05314239487051964,0.04867631942033768,0.05984869971871376,0.11376407742500305,0.06149953603744507,0.059795279055833817
22,0.060855261981487274,0.04934065043926239,0.0608726404607296,0.07524196803569794,0.0904904305934906,0.05271347612142563,0.042103711515665054,0.04429391771554947,0.05279923602938652,0.0375928059220314,0.04926661401987076,0.04284769669175148,0.04243048280477524,0.0446629635989666,0.07238639891147614,0.061221640557050705,0.051625706255435944,0.1239682137966156,0.06044266000390053,0.06452209502458572
23,0.06295900791883469,0.04846971109509468,0.055021461099386215,0.06514323502779007,0.08973713964223862,0.050499897450208664,0.04073450714349747,0.050235599279403687,0.06252256780862808,0.04211723059415817,0.04620850831270218,0.03885502368211746,0.04070304334163666,0.04480839893221855,0.06381038576364517,0.053335368633270264,0.0619179792702198,0.11958616226911545,0.05809586122632027,0.06183438375592232
24,0.06959182769060135,0.04848687723278999,0.067488893866539,0.07551350444555283,0.09382739663124084,0.051833197474479675,0.04606607183814049,0.047566987574100494,0.05645940452814102,0.043938156217336655,0.052212417125701904,0.04095659404993057,0.04644306004047394,0.04144536331295967,0.06799161434173584,0.06091996654868126,0.052204862236976624,0.13252578675746918,0.06989134848117828,0.05748549848794937
25,0.06413712352514267,0.052429914474487305,0.06732066720724106,0.0725531205534935,0.09521248936653137,0.0541081577539444,0.03812959045171738,0.05184594541788101,0.0587003119289875,0.04145118221640587,0.04705515131354332,0.039702922105789185,0.03672488406300545,0.04532499983906746,0.06946498900651932,0.0622454397380352,0.057935960590839386,0.12560440599918365,0.07614442706108093,0.0566718727350235
26,0.0646214559674263,0.052481282502412796,0.06905227154493332,0.0683211088180542,0.09319612383842468,0.04175678268074989,0.04531198740005493,0.04249080643057823,0.06156352907419205,0.044668082147836685,0.04775717109441757,0.0383884571492672,0.04349902644753456,0.04242072254419327,0.07009077072143555,0.061319008469581604,0.05616931617259979,0.13278484344482422,0.06453218311071396,0.06308262795209885
27,0.06368094682693481,0.05752275511622429,0.06278857588768005,0.07216449826955795,0.09227313101291656,0.04951585829257965,0.044616226106882095,0.046585556119680405,0.0612667091190815,0.04357852786779404,0.05350085720419884,0.04043440893292427,0.03604170307517052,0.04258503019809723,0.07284002006053925,0.058459676802158356,0.048297714442014694,0.12675951421260834,0.06711677461862564,0.07097003608942032
28,0.06937253475189209,0.05349087342619896,0.07677586376667023,0.0755615308880806,0.0901804268360138,0.05294865369796753,0.043257638812065125,0.05009777843952179,0.061927031725645065,0.048434820026159286,0.04366307333111763,0.04510007053613663,0.03835557773709297,0.037259846925735474,0.07004925608634949,0.06187897175550461,0.054514434188604355,0.12940764427185059,0.06529516726732254,0.06834233552217484
29,0.07079716771841049,0.05336863920092583,0.06460626423358917,0.07806048542261124,0.09071508795022964,0.05519244819879532,0.048059821128845215,0.05169423669576645,0.06019902229309082,0.04096531122922897,0.04578249156475067,0.04547398164868355,0.03401656821370125,0.04433131217956543,0.06818945705890656,0.055860456079244614,0.05141782760620117,0.14457374811172485,0.06797666847705841,0.06816937774419785
30,0.06852555274963379,0.04800040274858475,0.06762482225894928,0.08218462020158768,0.08051160722970963,0.05613777041435242,0.04663708060979843,0.046852678060531616,0.06508748978376389,0.03976171463727951,0.0462273433804512,0.050727225840091705,0.04529855027794838,0.04402538761496544,0.07115897536277771,0.06079365313053131,0.04810522496700287,0.14331556856632233,0.06487900018692017,0.06631121784448624
31,0.06283950060606003,0.05697479099035263,0.06417100876569748,0.08158180117607117,0.08823170512914658,0.056226566433906555,0.04497639089822769,0.051337823271751404,0.060090988874435425,0.04369239881634712,0.04951535910367966,0.04792959615588188,0.044388025999069214,0.03991757705807686,0.06204810366034508,0.056412067264318466,0.05185979604721069,0.1431310921907425,0.06822733581066132,0.06719934940338135
32,0.07098887860774994,0.05061664804816246,0.06352124363183975,0.07672607153654099,0.09133227169513702,0.05062412843108177,0.042644206434488297,0.04096614941954613,0.060496699064970016,0.0420202910900116,0.04530596733093262,0.05346691608428955,0.0399579219520092,0.03566769137978554,0.0707608014345169,0.0630129724740982,0.0526798814535141,0.13863293826580048,0.06072419509291649,0.06759154796600342
33,0.06405899673700333,0.05819831043481827,0.06608247756958008,0.0696396604180336,0.08491234481334686,0.0533609613776207,0.04698345437645912,0.04894785210490227,0.05062897130846977,0.03997014835476875,0.047982435673475266,0.0502995103597641,0.04390180483460426,0.03855828568339348,0.06282392889261246,0.0562283955514431,0.05948425084352493,0.13964566588401794,0.06466902792453766,0.06515470892190933
34,0.06150396913290024,0.051820382475852966,0.07847363501787186,0.06539257615804672,0.08724042028188705,0.04994348809123039,0.047864608466625214,0.04677920415997505,0.05545821040868759,0.04737557843327522,0.03981707617640495,0.05306743085384369,0.04140940681099892,0.04031408205628395,0.0769987553358078,0.06048494577407837,0.05007548630237579,0.13995066285133362,0.05005432292819023,0.0633811354637146
35,0.05969170853495598,0.059852391481399536,0.0793452039361,0.07284137606620789,0.0922602042555809,0.05104280635714531,0.04261409863829613,0.051835786551237106,0.05694194138050079,0.04657618701457977,0.044810160994529724,0.04961124062538147,0.04449429735541344,0.03750849887728691,0.05929527431726456,0.06075701490044594,0.05306427553296089,0.13798260688781738,0.05387070029973984,0.06963890045881271
36,0.06822806596755981,0.05029233172535896,0.08078189939260483,0.07422122359275818,0.09567273408174515,0.046571459621191025,0.041154325008392334,0.05347871035337448,0.0603417344391346,0.05469104275107384,0.04832366853952408,0.05224495381116867,0.038893263787031174,0.04030444845557213,0.07093099504709244,0.0573505274951458,0.04997020214796066,0.14059166610240936,0.05018472298979759,0.0651833713054657
37,0.06110082566738129,0.04693603515625,0.07248575985431671,0.07123158872127533,0.0889386534690857,0.051089100539684296,0.04828061908483505,0.056912314146757126,0.051000241190195084,0.049460168927907944,0.04722769930958748,0.04480380192399025,0.04418904706835747,0.03601345792412758,0.06585606932640076,0.06405183672904968,0.05549228563904762,0.14384816586971283,0.05846155807375908,0.06830471754074097
38,0.06125635653734207,0.04462462663650513,0.08103609830141068,0.07573340833187103,0.09250108897686005,0.05007520318031311,0.04942835494875908,0.051164690405130386,0.057047996670007706,0.04810727387666702,0.044888608157634735,0.05093654617667198,0.04652267321944237,0.03948346897959709,0.06845680624246597,0.0698489248752594,0.05308717489242554,0.1424291729927063,0.05484098941087723,0.060016192495822906
39,0.05726004019379616,0.05468785762786865,0.07576078176498413,0.06595413386821747,0.08155827224254608,0.04606405645608902,0.04773394390940666,0.05881989374756813,0.06185074895620346,0.04713524132966995,0.04823676496744156,0.041993316262960434,0.04504827782511711,0.037774618715047836,0.07171010226011276,0.06702890247106552,0.05548393726348877,0.137530118227005,0.062131211161613464,0.06890299916267395
40,0.062472496181726456,0.04819184169173241,0.07832539081573486,0.07291090488433838,0.0872580036520958,0.043445006012916565,0.05623401701450348,0.05702761560678482,0.06326495110988617,0.05201340839266777,0.03987675905227661,0.03959498181939125,0.03738764673471451,0.035799797624349594,0.06771352887153625,0.07162605226039886,0.050733454525470734,0.146781325340271,0.055615443736314774,0.059576962143182755
41,0.057440418750047684,0.05938303470611572,0.06787535548210144,0.06879442930221558,0.09048483520746231,0.04247595742344856,0.05467916652560234,0.05976481735706329,0.05499536544084549,0.04651946201920509,0.04052345082163811,0.039300426840782166,0.04530525207519531,0.03257834538817406,0.06868279725313187,0.06058088690042496,0.05667324736714363,0.1436980664730072,0.05149232968688011,0.06663631647825241
42,0.06741009652614594,0.05292143672704697,0.07793988287448883,0.07810976356267929,0.07797425985336304,0.044745586812496185,0.05986810103058815,0.052385374903678894,0.061489589512348175,0.045497942715883255,0.043714478611946106,0.0391952209174633,0.04628343880176544,0.034209612756967545,0.07491058111190796,0.06958357989788055,0.05472099781036377,0.14448115229606628,0.05437750369310379,0.06128881499171257
43,0.0682646781206131,0.05792964622378349,0.0698581263422966,0.07110536098480225,0.09022659808397293,0.04659024998545647,0.04909077286720276,0.054177287966012955,0.06349726021289825,0.04342525452375412,0.04902457073330879,0.033978693187236786,0.0455978624522686,0.033359602093696594,0.06788375973701477,0.06862958520650864,0.05842515826225281,0.14323170483112335,0.05406469851732254,0.06376268714666367
44,0.07076195627450943,0.049505382776260376,0.06313704699277878,0.07349716126918793,0.09091855585575104,0.047398872673511505,0.05235807225108147,0.04960252717137337,0.0633678212761879,0.04636102914810181,0.04708069935441017,0.03702527657151222,0.039494242519140244,0.03332366794347763,0.06990455090999603,0.06804274767637253,0.05594367906451225,0.13792340457439423,0.051874954253435135,0.06416574120521545
45,0.06992647796869278,0.04966875910758972,0.05790428817272186,0.07686146348714828,0.08836621791124344,0.05659576505422592,0.05341421812772751,0.05083837732672691,0.0598122663795948,0.03764050826430321,0.047832656651735306,0.03628983721137047,0.045373983681201935,0.0334634855389595,0.06882825493812561,0.06264489889144897,0.06440959125757217,0.13841140270233154,0.05799296870827675,0.06404698640108109
46,0.06522775441408157,0.05071990564465523,0.059137556701898575,0.08069635927677155,0.09196096658706665,0.054301027208566666,0.06213942542672157,0.04857708886265755,0.05940505862236023,0.036491841077804565,0.042922016233205795,0.0361664853990078,0.04386627674102783,0.03580307215452194,0.06832911819219589,0.07008510828018188,0.0678165853023529,0.14393039047718048,0.053340453654527664,0.06306503713130951
47,0.06722050160169601,0.056005775928497314,0.05374404415488243,0.07254757732152939,0.09267257153987885,0.05864899978041649,0.044557079672813416,0.050333794206380844,0.0674160048365593,0.040165387094020844,0.039403803646564484,0.04307177662849426,0.04592317342758179,0.04000871255993843,0.07278451323509216,0.054136645048856735,0.08139829337596893,0.13641239702701569,0.06197322905063629,0.06594879180192947
48,0.07163964956998825,0.04615561664104462,0.056544166058301926,0.08285915851593018,0.095196932554245,0.05727408826351166,0.055068306624889374,0.04730615392327309,0.06395160406827927,0.04469488933682442,0.04720945283770561,0.04127402603626251,0.042162347584962845,0.042713504284620285,0.07583478093147278,0.05911753699183464,0.0846441462635994,0.14450658857822418,0.058002304285764694,0.059020355343818665
49,0.07195033133029938,0.059279803186655045,0.05283048003911972,0.07778900116682053,0.08724725246429443,0.06286310404539108,0.04267691448330879,0.04901513084769249,0.07435280084609985,0.04301503673195839,0.05236781761050224,0.04022752493619919,0.043975647538900375,0.049067892134189606,0.07542996853590012,0.05516132712364197,0.09687767177820206,0.13702820241451263,0.06340174376964569,0.0665818452835083
50,0.07072865217924118,0.048242829740047455,0.0570363812148571,0.07512890547513962,0.09608351439237595,0.0533856563270092,0.045747656375169754,0.045255742967128754,0.06270387023687363,0.037886522710323334,0.04889201745390892,0.04561278969049454,0.046384237706661224,0.04710137099027634,0.07243334501981735,0.06194768100976944,0.0995498076081276,0.14110799133777618,0.05754063278436661,0.06366601586341858
51,0.06837557256221771,0.05418366938829422,0.05501341447234154,0.08027739077806473,0.09006183594465256,0.05771172419190407,0.04281624034047127,0.050558168441057205,0.07631362974643707,0.04178537428379059,0.057450443506240845,0.04099370166659355,0.03878352791070938,0.045616112649440765,0.07275615632534027,0.055400606244802475,0.10663985460996628,0.13930487632751465,0.06083512306213379,0.06184864789247513
52,0.06986481696367264,0.046649180352687836,0.05469703674316406,0.07490053027868271,0.08313796669244766,0.06330142170190811,0.04473286494612694,0.057568758726119995,0.07632625102996826,0.045837365090847015,0.045711398124694824,0.048372168093919754,0.04047426953911781,0.04701406881213188,0.07239120453596115,0.06074228882789612,0.10841734707355499,0.1446746587753296,0.05792071297764778,0.06808451563119888
53,0.052412062883377075,0.05073632299900055,0.05735315755009651,0.0724557638168335,0.08840052038431168,0.052444782108068466,0.04853165149688721,0.06016731262207031,0.08040864020586014,0.042195599526166916,0.05334245786070824,0.042471274733543396,0.03678794577717781,0.04602668806910515,0.07105173170566559,0.05290886014699936,0.12200994044542313,0.1396973580121994,0.06634435802698135,0.06357221305370331
54,0.06239289045333862,0.053844887763261795,0.06457041949033737,0.08690173923969269,0.08894748240709305,0.05328424274921417,0.045017361640930176,0.05554068461060524,0.07469376176595688,0.04504721984267235,0.05394609272480011,0.04982396215200424,0.04434945434331894,0.04645233228802681,0.07285850495100021,0.058716289699077606,0.12451769411563873,0.14339061081409454,0.06455758959054947,0.05516670271754265
55,0.06115492433309555,0.05939852073788643,0.05125819891691208,0.07505354285240173,0.0825943648815155,0.05036941543221474,0.04693395271897316,0.05531271547079086,0.08123638480901718,0.041621528565883636,0.053432393819093704,0.044879037886857986,0.0369257889688015,0.03715166449546814,0.06280297040939331,0.0646975040435791,0.12524870038032532,0.13948309421539307,0.06833887100219727,0.06498688459396362
56,0.06413066387176514,0.042369939386844635,0.06867340952157974,0.07732987403869629,0.0851663202047348,0.04699356481432915,0.04676002636551857,0.047951702028512955,0.07720750570297241,0.04212791472673416,0.0504537932574749,0.05028662458062172,0.03982514515519142,0.0460115410387516,0.07134179770946503,0.056531451642513275,0.11981162428855896,0.13788841664791107,0.06340981274843216,0.05782058835029602
57,0.06798893213272095,0.05731702968478203,0.05885792151093483,0.07955281436443329,,0.04552532732486725,0.041355155408382416,0.04880395904183388,0.08120976388454437,0.03807004913687706,0.05149194225668907,0.04299624636769295,0.038046520203351974,0.037891656160354614,0.05726437643170357,0.06509275734424591,0.12788830697536469,0.14172957837581635,0.055107228457927704,0.060563698410987854
58,0.06360144168138504,0.0533478669822216,0.061617255210876465,0.06852242350578308,,0.049143556505441666,0.049688827246427536,0.05123651400208473,0.07636165618896484,0.04454822838306427,0.04677999019622803,0.04367540404200554,0.045018043369054794,0.04040082171559334,0.06128872558474541,0.05880284309387207,0.12132919579744339,0.14201517403125763,0.052572332322597504,0.05879407003521919
59,0.06735631823539734,0.05541238561272621,0.06022744998335838,0.07229476422071457,,0.049774620682001114,0.0506715327501297,0.05574984848499298,0.06842221319675446,0.03544469550251961,0.05577074736356735,0.04324515536427498,0.041718870401382446,0.02449583262205124,0.05742059648036957,0.06166255846619606,0.12551826238632202,0.1439732313156128,0.05758487805724144,0.06642647087574005
60,0.06868305802345276,0.05054129287600517,0.06068120896816254,0.07715098559856415,,0.05457726866006851,0.05641503632068634,0.052246447652578354,0.07071869820356369,0.04319164901971817,0.04776198789477348,0.050099559128284454,0.04312865436077118,0.0317898690700531,0.056511785835027695,0.05799374729394913,0.12416315078735352,0.1432819813489914,0.05814392864704132,0.055903900414705276
61,0.06411300599575043,0.05335710197687149,0.06114014610648155,0.07099394500255585,,0.048274602741003036,0.05418253690004349,0.05083203688263893,0.06907317042350769,0.040725626051425934,0.04750193655490875,0.042795032262802124,0.04520120099186897,0.03324830159544945,0.05489528551697731,0.05965738371014595,0.12135159224271774,0.1400468647480011,0.058886148035526276,0.06785675883293152
62,0.07152189314365387,0.04939214885234833,0.06462836265563965,0.07715379446744919,,0.04367976263165474,0.0461549311876297,0.04952921345829964,0.06493455171585083,0.04342334717512131,0.048167578876018524,0.03958359733223915,0.04506206884980202,0.03988759592175484,0.05852075293660164,0.06223710998892784,0.12239807099103928,0.1364089995622635,0.057639624923467636,0.059968896210193634
63,0.06804237514734268,0.05490196868777275,0.05158057436347008,0.07096823304891586,,0.05128338187932968,0.05307275429368019,0.06226425990462303,0.06423800438642502,0.03884892538189888,0.04265390709042549,0.04529723525047302,0.048314645886421204,0.0339047908782959,0.049618277698755264,0.05865314230322838,0.11580732464790344,0.139673113822937,0.06104162335395813,0.06255098432302475
64,0.07631244510412216,0.04858362302184105,0.06557105481624603,0.07798144221305847,,0.05014267563819885,0.059200793504714966,0.0724669098854065,0.06663661450147629,0.03971971571445465,0.04890182614326477,0.04961660876870155,0.04544009268283844,0.034642335027456284,0.05242844671010971,0.06177307665348053,0.12599392235279083,0.14185000956058502,0.06010127812623978,0.060376498848199844
65,0.06865415722131729,0.05455675348639488,0.058693964034318924,0.07687932997941971,,0.053163450211286545,0.04856638237833977,0.0726359412074089,0.06598787754774094,0.04191635549068451,0.05153331533074379,0.045949071645736694,0.04843342304229736,0.03929365053772926,0.05801093205809593,0.06414160877466202,0.13753458857536316,0.14082913100719452,0.05720219016075134,0.05602209270000458
66,0.07974915206432343,0.05362316220998764,0.06317874789237976,0.08310077339410782,,0.053568508476018906,0.05207791551947594,0.07018380612134933,0.056890569627285004,0.04596668854355812,0.05538281798362732,0.04348479583859444,0.055899567902088165,0.03478183597326279,0.05977647379040718,0.07047588378190994,0.125998392701149,0.1428462564945221,0.05289652943611145,0.06457777321338654
67,0.07345464825630188,0.0540948212146759,0.05577845126390457,0.07405075430870056,,0.05507960170507431,0.04908088967204094,0.07723378390073776,0.05981675535440445,0.03710104152560234,0.05853208154439926,0.04337494820356369,0.04959742724895477,0.04003528878092766,0.05778156593441963,0.0565655343234539,0.12966150045394897,0.13684263825416565,0.0633874386548996,0.06440100073814392
68,0.07629907876253128,0.05083766579627991,0.06644824892282486,0.07537389546632767,,0.05725756287574768,0.04824775084853172,0.0656735897064209,0.0587516725063324,0.04164408519864082,0.057776276022195816,0.050077468156814575,0.055604640394449234,0.034828849136829376,0.06470730155706406,0.06528349965810776,0.1382032334804535,0.13665449619293213,0.060074493288993835,0.06338542699813843
69,0.0728669986128807,0.04306378960609436,0.059956375509500504,0.0762900561094284,,0.05091147497296333,0.04369814321398735,0.07444988936185837,,0.03739047050476074,0.05302094668149948,0.04162829369306564,0.05050165206193924,0.04167594015598297,0.05613182112574577,0.06282683461904526,0.13290485739707947,0.13636991381645203,0.05657881870865822,0.06007734686136246
70,0.07522957026958466,0.04963599890470505,0.06815982609987259,0.08219947665929794,,0.057561568915843964,0.04831109941005707,0.0676039457321167,,0.04238143935799599,0.052741240710020065,0.0454510934650898,0.05697139352560043,0.03498636931180954,0.061555229127407074,0.06573338806629181,0.1381818950176239,0.14034056663513184,0.05975664407014847,0.05162941291928291
71,0.07252000272274017,0.05250120908021927,0.07041509449481964,0.07106441259384155,,0.05095211789011955,0.04688948765397072,0.07869139313697815,,0.03192730247974396,0.05698668211698532,0.04348030686378479,0.05059529468417168,0.0413530096411705,0.05125956982374191,0.06415300071239471,0.12702049314975739,0.1397031992673874,0.05127812549471855,0.05485204979777336
72,0.06863018125295639,0.04400058090686798,0.06806296110153198,0.08475898206233978,,0.052268579602241516,0.04997292160987854,0.07059478759765625,,0.041198018938302994,0.05278759077191353,0.05550464987754822,0.0621040053665638,0.03762103617191315,0.05741896480321884,0.061872661113739014,0.12853626906871796,0.1447940617799759,0.055555958300828934,0.05809539929032326
73,0.06890856474637985,0.05367803946137428,0.06784729659557343,0.08008182048797607,,0.05228019505739212,0.042990729212760925,0.056682880967855453,,0.034932270646095276,0.05251201614737511,0.04380933567881584,0.05031466856598854,0.03797914460301399,0.05900303274393082,0.06316467374563217,0.14573608338832855,0.1423497498035431,0.05805168300867081,0.06043699383735657
74,0.0694303810596466,0.04954734444618225,0.06952788680791855,0.08261141180992126,,0.05138085409998894,0.04418988898396492,0.05527127906680107,,0.04021025821566582,0.04997667297720909,0.042761944234371185,0.05610966309905052,0.039061665534973145,0.05547885224223137,0.05959064140915871,0.12815682590007782,0.14479178190231323,0.04789983853697777,0.05615920200943947
75,0.06964535266160965,0.05101288855075836,0.06617707014083862,0.08060100674629211,,0.046655621379613876,0.05011914297938347,0.06220993399620056,,0.035798557102680206,0.05216172710061073,0.0395120233297348,0.05548588186502457,0.03511950373649597,0.05331548675894737,0.05607303977012634,0.124076247215271,0.14059613645076752,0.05293887108564377,0.059636324644088745
76,0.07347236573696136,0.04856127128005028,0.07108495384454727,0.07742425799369812,,0.04975324869155884,0.052127398550510406,0.05874131619930267,,0.040448300540447235,0.045946188271045685,0.044504422694444656,0.0542767159640789,0.04078690707683563,0.04168124496936798,0.05538107454776764,0.12725985050201416,0.14354988932609558,0.05238800495862961,0.0472821444272995
77,0.07267561554908752,0.052818190306425095,0.06756098568439484,0.07718172669410706,,0.04345688596367836,0.04601696878671646,0.06122111156582832,,0.040453486144542694,0.03977930173277855,0.03920458257198334,0.05921812728047371,0.04074367135763168,0.04435247555375099,0.05831434205174446,0.12443844974040985,0.14450816810131073,0.054836515337228775,0.052787017077207565
78,0.07633797079324722,0.05227840691804886,0.06992147117853165,0.08493063598871231,,0.037273552268743515,0.054727908223867416,0.05296597629785538,,0.04299941286444664,0.04224162921309471,0.04333999752998352,0.05457190051674843,0.04762782156467438,0.052049752324819565,0.05570198595523834,0.12247336655855179,0.14371879398822784,0.0465548150241375,0.04673502594232559
79,0.07304754853248596,0.0558132603764534,0.06108742579817772,0.07520091533660889,,0.04406005144119263,0.044945720583200455,0.05653725564479828,,0.04651620611548424,0.04380825534462929,0.046118155121803284,0.05362490564584732,0.04457545280456543,0.05337071791291237,0.0528264120221138,0.1252538412809372,0.14705604314804077,0.051934804767370224,0.05594401806592941
80,0.07584283500909805,0.04150952771306038,0.061654359102249146,0.07884831726551056,,0.045890528708696365,0.04586493596434593,0.05246840789914131,,0.04082411155104637,0.041166212409734726,0.040841877460479736,0.056282252073287964,0.0457727275788784,0.062254294753074646,0.057892315089702606,0.12217144668102264,0.14892840385437012,0.04410639405250549,0.0528782419860363
81,0.07780639827251434,0.05204429477453232,0.05592513084411621,0.07548943907022476,,0.0496322438120842,0.04846225306391716,0.05836256593465805,,0.04825489595532417,0.04310169443488121,0.046722155064344406,0.06108971685171127,0.043757420033216476,0.05335186421871185,0.05217317119240761,0.1207130178809166,0.14566032588481903,0.05037451535463333,0.054727956652641296
82,0.07851661741733551,0.049912117421627045,,0.0690365582704544,,0.046649303287267685,0.04737106338143349,0.05997750908136368,,0.046868182718753815,0.04210621863603592,0.04028196632862091,0.0554828867316246,0.03890018165111542,0.05746368691325188,0.05321143940091133,0.11821309477090836,0.15103839337825775,0.04035905376076698,0.047936778515577316
83,0.0777973160147667,0.05496327206492424,,0.07249950617551804,,0.04588489606976509,0.044676728546619415,0.058630239218473434,,0.04899468645453453,0.04493866115808487,0.0440320186316967,0.0613056905567646,0.045627083629369736,0.055730342864990234,0.056343670934438705,0.12087087333202362,0.14630907773971558,0.045192901045084,0.04880637675523758
84,0.07763348519802094,0.056242041289806366,,0.07659514993429184,,0.04619220271706581,0.04938957095146179,0.05020705983042717,,0.05073181912302971,0.036660026758909225,0.04896854609251022,0.05608619377017021,0.044726889580488205,0.05742713809013367,0.059776365756988525,0.12233518064022064,,0.04305148497223854,0.05567251890897751
85,0.0724194124341011,0.05904289335012436,,0.07178935408592224,,0.04672777280211449,0.04499434307217598,0.05875667929649353,,0.04818474128842354,0.04707033187150955,0.044952407479286194,0.06096406653523445,0.04660598188638687,0.05368071794509888,0.05782417953014374,0.11554563790559769,,0.050839703530073166,0.06187658756971359
86,0.06761286407709122,0.05200371518731117,,0.06765579432249069,,0.043964628130197525,0.0523500069975853,0.054079607129096985,,0.04988952353596687,0.03966158628463745,0.05146253481507301,0.05818328261375427,0.042629845440387726,0.057659588754177094,0.06857951730489731,0.12447910755872726,,0.04330770671367645,0.058174364268779755
87,0.06823164224624634,0.06208611652255058,,0.07332944124937057,,0.05123061314225197,0.04632654786109924,0.05834123492240906,,0.04856563359498978,0.044026926159858704,0.05359245091676712,0.06159541755914688,0.039597008377313614,0.05174972489476204,0.060744255781173706,0.12375112622976303,,0.05090745538473129,0.06345231086015701
88,0.06418623775243759,0.050913888961076736,,0.07881251722574234,,0.05221964791417122,0.04555473476648331,0.058135323226451874,,0.049157530069351196,0.03753748908638954,0.05087508261203766,0.06025202199816704,0.03969455510377884,0.055638816207647324,0.06684339791536331,0.11920305341482162,,0.04829496890306473,0.059172507375478745
89,0.06372465938329697,0.06478601694107056,,0.07359977066516876,,0.049352016299963,0.04531901702284813,0.05298260971903801,,0.04496181756258011,0.04110794514417648,0.04743145406246185,0.05904807522892952,0.04278949275612831,0.05023457482457161,0.06911446899175644,0.12278541177511215,,0.055193230509757996,0.057073310017585754
90,,0.0629098117351532,,0.08026197552680969,,0.05039984732866287,0.048553526401519775,0.06057562679052353,,0.048541292548179626,0.040228817611932755,0.04280807450413704,0.058017175644636154,0.044224876910448074,0.04605001211166382,0.0641210526227951,0.12215250730514526,,0.047223109751939774,0.05855782330036163
91,,0.06431663781404495,,0.07746977359056473,,0.04413861036300659,0.04665054753422737,0.06512223929166794,,0.0492972694337368,0.04329782724380493,0.045950863510370255,0.058004412800073624,0.041700731962919235,0.044547077268362045,0.06977953016757965,0.12251251935958862,,0.051047272980213165,0.06054958701133728
92,,0.058126501739025116,,0.07667757570743561,,0.048550136387348175,0.055841587483882904,0.06187520548701286,,0.04481213912367821,0.040494777262210846,0.046885304152965546,0.0552162267267704,0.0436597540974617,0.052559301257133484,0.07369726896286011,0.12648630142211914,,0.057585299015045166,0.05906331166625023
93,,0.06154315918684006,,0.07360119372606277,,0.050482939928770065,0.04837748780846596,0.0638396143913269,,0.05159834027290344,0.045584529638290405,0.04234451428055763,0.04697286710143089,0.04837572202086449,0.04834480211138725,0.07348263263702393,0.12582741677761078,,0.05380452424287796,0.06706301867961884
94,,0.05512258782982826,,,,0.05501096323132515,0.054558269679546356,0.05339224636554718,,0.04651659354567528,0.03896784409880638,0.040394239127635956,0.05269156023859978,0.04940297454595566,0.05631651729345322,0.08039283007383347,0.12367891520261765,,0.05510194972157478,0.057968199253082275
95,,0.05772746726870537,,,,0.05725808069109917,0.04020437225699425,0.05876544862985611,,0.05697108432650566,0.04273272305727005,0.038009412586688995,,0.04826248809695244,0.05640683323144913,0.07691499590873718,0.12799900770187378,,0.053221218287944794,0.05603697523474693
96,,0.04868369922041893,,,,0.04824262112379074,0.05098579451441765,0.055485766381025314,,0.053323063999414444,0.04018911346793175,0.04223114624619484,,0.05201864615082741,0.06192154064774513,0.08167274296283722,0.11949626356363297,,0.05285005643963814,0.05478736385703087
97,,0.05412670969963074,,,,0.05229544639587402,0.04962848126888275,0.060222819447517395,,0.054640766233205795,0.048252467066049576,0.032062746584415436,,0.048794738948345184,0.05812431126832962,0.07883669435977936,0.12057345360517502,,0.05028146132826805,0.05345059558749199
98,,0.051456548273563385,,,,0.056349221616983414,0.05005154758691788,0.05660882219672203,,0.05618255212903023,0.04805993661284447,0.038679227232933044,,0.050832945853471756,0.0596853531897068,0.07735132426023483,0.12386053800582886,,0.05010484531521797,0.048105139285326004
99,,0.05580059811472893,,,,0.05183948576450348,0.056551456451416016,0.05832323431968689,,0.05654449388384819,0.05153209716081619,0.038174211978912354,,0.04714212939143181,0.056974899023771286,0.0735456570982933,0.1213943362236023,,0.04786495864391327,0.05752483382821083
100,,0.05404084920883179,,,,0.04898320510983467,0.0545809343457222,0.04920099303126335,,0.05991221219301224,0.050938669592142105,0.04099753499031067,,0.04147481173276901,0.06615453213453293,0.07830949872732162,0.12535090744495392,,0.048240240663290024,0.05297346040606499
101,,0.055317215621471405,,,,0.04766979068517685,0.05773776024580002,0.050845056772232056,,0.05496850982308388,0.05396006628870964,0.04162251576781273,,0.044700831174850464,0.05948290228843689,0.06994926184415817,0.11791238933801651,,0.05199090391397476,0.05547459423542023
102,,0.05414222180843353,,,,0.05042484775185585,0.05653589591383934,,,0.057612717151641846,0.05495527759194374,0.04069070518016815,,0.04284434765577316,0.05724714323878288,0.06548477709293365,0.121818907558918,,0.045412223786115646,0.050334300845861435
103,,0.057433608919382095,,,,0.05100703611969948,0.05475665628910065,,,0.04999919235706329,0.05695031210780144,0.04380405694246292,,0.0426824688911438,0.05458816513419151,0.0633123517036438,0.12471480667591095,,0.04757029935717583,0.05172639712691307
104,,0.049000415951013565,,,,0.049930643290281296,0.05790022760629654,,,0.057989418506622314,0.05753115564584732,0.04558994993567467,,0.04412670060992241,0.06158500537276268,0.0651223212480545,0.12302140146493912,,0.045070137828588486,0.048894692212343216
105,,0.052528753876686096,,,,0.05210142582654953,0.05377256125211716,,,0.054647136479616165,0.05957670882344246,0.0442500039935112,,0.043909747153520584,0.05817928910255432,0.05969197675585747,0.1269785612821579,,0.049606140702962875,0.052771907299757004
106,,0.054608169943094254,,,,0.05094912648200989,0.057212065905332565,,,0.05533531308174133,0.053979162126779556,0.050569988787174225,,0.036956656724214554,0.058012280613183975,0.06275859475135803,0.12363618612289429,,0.048078231513500214,0.04860779643058777
107,,0.048442378640174866,,,,0.056393712759017944,0.05434652790427208,,,0.050229012966156006,0.05508289486169815,0.04519549384713173,,0.04235316812992096,0.05905178561806679,0.06315738707780838,0.1245233342051506,,0.05576867610216141,0.05139948055148125
108,,0.06010991334915161,,,,0.05035710334777832,0.05644192174077034,,,0.049335792660713196,0.05233556032180786,0.05093483626842499,,0.04650944471359253,0.06198682263493538,0.062387168407440186,0.12728732824325562,,0.046425700187683105,0.05233471095561981
109,,,,,,0.04983611777424812,0.045590974390506744,,,0.04816384240984917,0.05478930473327637,0.045921653509140015,,0.044733770191669464,0.06092242896556854,0.054586540907621384,0.12408179044723511,,0.05490739643573761,0.04488232731819153
110,,,,,,0.051871173083782196,0.04884366691112518,,,0.050057169049978256,0.0516367182135582,0.050984013825654984,,0.04729122295975685,0.0699530765414238,0.0639982521533966,0.13112613558769226,,0.04780622944235802,0.045409467071294785
111,,,,,,0.05105387419462204,0.04436158761382103,,,0.0488983653485775,0.055438365787267685,0.049541175365448,,0.04965749755501747,0.06693331897258759,0.05893956497311592,0.12285610288381577,,0.0539538711309433,0.05246303230524063
112,,,,,,0.05263662710785866,0.044428542256355286,,,0.05128122493624687,0.04333530366420746,0.05320005863904953,,0.046980176120996475,0.06746774911880493,0.05821153149008751,0.12990805506706238,,0.04643852636218071,0.048751119524240494
113,,,,,,0.05321049690246582,0.045973606407642365,,,0.05108070746064186,0.049582600593566895,0.045635808259248734,,0.04668476805090904,0.06834126263856888,0.058077115565538406,0.12758146226406097,,0.056032463908195496,0.05165383964776993
114,,,,,,0.04674319550395012,0.04544674977660179,,,0.05358593538403511,0.046716783195734024,0.0627405196428299,,0.04602348059415817,0.06691945344209671,0.05443333834409714,0.12296722084283829,,0.046995848417282104,0.05033222958445549
115,,,,,,0.05705558508634567,0.047199368476867676,,,0.053593821823596954,0.04781046882271767,0.057133521884679794,,0.05063505470752716,0.05895686894655228,0.0493384450674057,0.12369952350854874,,0.05332605913281441,0.04382382333278656
116,,,,,,0.0501583069562912,0.04664216935634613,,,0.059490401297807693,0.05141337960958481,0.058166682720184326,,0.05356929451227188,0.061137620359659195,0.059342991560697556,0.1262933611869812,,0.04804830253124237,0.04912733659148216
117,,,,,,0.05146768316626549,0.04367668181657791,,,0.058948732912540436,0.05136540159583092,0.05901200324296951,,0.0487368144094944,0.060295045375823975,0.05165617913007736,0.12535063922405243,,0.051342859864234924,0.05095430836081505
118,,,,,,0.05443144589662552,0.05061712488532066,,,0.059059083461761475,0.05485783517360687,0.06227906048297882,,0.04987714812159538,0.06625611335039139,0.05660156160593033,0.12530861794948578,,0.05580543726682663,0.04516519978642464
119,,,,,,0.05536133795976639,0.037365905940532684,,,0.056282274425029755,0.04994774982333183,0.05379296466708183,,0.04769689962267876,0.05291174352169037,0.06388689577579498,0.12375979125499725,,0.05330261215567589,0.052239105105400085
120,,,,,,0.05737537890672684,0.04486493766307831,,,0.061632249504327774,0.046941909939050674,0.06260717660188675,,0.04664754122495651,0.060646187514066696,0.053099848330020905,0.12537463009357452,,0.05508677661418915,0.04884908348321915
121,,,,,,0.0580570325255394,0.04104115068912506,,,0.04983052238821983,0.053538527339696884,0.05960981547832489,,0.04956517368555069,0.05602756887674332,0.05943753197789192,0.12130971997976303,,0.053486164659261703,0.05041181668639183
122,,,,,,0.05566515401005745,0.04278792068362236,,,0.05614939704537392,0.050429731607437134,0.057050593197345734,,,0.057715337723493576,0.06533202528953552,0.122116319835186,,0.058191537857055664,0.04970361292362213
123,,,,,,0.0558064803481102,0.03511056676506996,,,0.049606867134571075,0.05392879992723465,0.05592745542526245,,,0.05536676198244095,0.0627269297838211,0.12382882833480835,,0.055521633476018906,0.04698042944073677
124,,,,,,0.056315746158361435,0.04555230960249901,,,0.048784006386995316,0.05174897983670235,0.045675765722990036,,,0.058181941509246826,0.0659240335226059,0.12083933502435684,,0.05557391420006752,0.05022150278091431
125,,,,,,0.0520760752260685,0.039959315210580826,,,0.04097835719585419,0.04707109555602074,0.04363033547997475,,,0.06053955480456352,0.055814970284700394,0.12125832587480545,,0.056279610842466354,0.050963208079338074
126,,,,,,0.04899631813168526,0.04103216901421547,,,0.043262943625450134,,0.04138098657131195,,,0.05481690913438797,0.061669737100601196,0.1263297200202942,,0.04956928640604019,0.04911284148693085
127,,,,,,0.050380852073431015,0.04232972115278244,,,0.04897356033325195,,0.043149981647729874,,,0.06353669613599777,0.06462142616510391,0.12232772260904312,,0.053431276232004166,0.056159090250730515
128,,,,,,0.048902612179517746,0.043636027723550797,,,0.047073785215616226,,0.04512190818786621,,,0.06215916946530342,0.06994947791099548,0.12118414044380188,,0.048542704433202744,0.052160583436489105
129,,,,,,0.05053212121129036,0.04142598435282707,,,0.051475100219249725,,0.04900328069925308,,,0.07014229148626328,0.06492927670478821,0.1253746598958969,,0.05278481915593147,0.05375726893544197
130,,,,,,0.04604034498333931,0.04696841165423393,,,0.05318061634898186,,0.042580150067806244,,,0.058073706924915314,0.06377806514501572,0.1253547966480255,,0.04796440154314041,0.055718038231134415
131,,,,,,0.048410844057798386,0.046111881732940674,,,,,0.043682727962732315,,,0.06734000891447067,0.058759622275829315,0.12049869447946548,,0.05382448807358742,0.05977112799882889
132,,,,,,0.04767186567187309,0.05492951720952988,,,,,0.04735910892486572,,,0.06808634102344513,0.06552311033010483,0.12303924560546875,,0.049594249576330185,0.05583066865801811
133,,,,,,0.05555524304509163,0.04882447049021721,,,,,0.04704189673066139,,,0.06926906108856201,0.06252562254667282,0.12410350143909454,,0.049833670258522034,0.06860276311635971
134,,,,,,0.05437541380524635,0.05683667212724686,,,,,0.0452076718211174,,,0.06049574539065361,0.06943439692258835,0.12069546431303024,,0.05246669054031372,0.0653926432132721
135,,,,,,0.05751495435833931,0.05297394096851349,,,,,0.044685956090688705,,,0.06858228147029877,0.06622716039419174,0.12142103910446167,,0.04990299046039581,0.06627684831619263
136,,,,,,0.056463517248630524,0.051755715161561966,,,,,0.048560090363025665,,,0.06640736013650894,0.06838611513376236,0.11759437620639801,,0.04923297092318535,0.06682126224040985
137,,,,,,0.05256372317671776,0.054008789360523224,,,,,0.0454527847468853,,,0.057660702615976334,0.06196007877588272,0.12326007336378098,,0.04965927451848984,0.055364660918712616
138,,,,,,0.057498782873153687,0.051692668348550797,,,,,0.04380204528570175,,,0.061036139726638794,0.06619087606668472,0.1219477429986,,0.04747236892580986,0.05624646693468094
139,,,,,,0.05462000519037247,0.054738134145736694,,,,,0.039894312620162964,,,0.05972183868288994,0.05627802014350891,0.1147804856300354,,0.047923050820827484,0.06322667002677917
140,,,,,,0.054172713309526443,0.049988847225904465,,,,,0.04483681544661522,,,0.06314046680927277,0.06254826486110687,0.11637657880783081,,0.04344413802027702,0.05433698371052742
141,,,,,,0.052527256309986115,0.053416941314935684,,,,,0.037996165454387665,,,0.053620342165231705,0.056949153542518616,0.12162571400403976,,0.045416269451379776,0.05748498812317848
142,,,,,,0.04764128103852272,0.05140775814652443,,,,,,,,0.05901800096035004,0.05990494787693024,0.12083747237920761,,0.0446682907640934,0.056805748492479324
143,,,,,,0.04323049262166023,0.05742369964718819,,,,,,,,0.05385246127843857,0.0556894950568676,0.11993128061294556,,0.049652159214019775,0.05456480011343956
144,,,,,,0.05013212934136391,0.05331309884786606,,,,,,,,0.060137320309877396,0.05159859359264374,0.1147233247756958,,0.040463872253894806,0.049181193113327026
145,,,,,,0.04348955303430557,0.0638912245631218,,,,,,,,0.05336694046854973,0.06226300075650215,0.12333882600069046,,0.05033590644598007,0.048312630504369736
146,,,,,,0.04257099702954292,0.06349214911460876,,,,,,,,0.06122271716594696,0.06538096815347672,0.12114902585744858,,0.04709894582629204,0.04679916054010391
147,,,,,,0.04195261746644974,0.0648573637008667,,,,,,,,0.05196146294474602,0.05947945639491081,0.11629526317119598,,0.047904547303915024,0.053880494087934494
148,,,,,,,0.06336338818073273,,,,,,,,0.06264600157737732,0.06291539967060089,0.12232431024312973,,0.04485778883099556,0.04964536800980568
149,,,,,,,0.0634070560336113,,,,,,,,0.048582129180431366,0.0539858341217041,0.12298338860273361,,0.04456612840294838,0.05497672036290169
150,,,,,,,0.07033105939626694,,,,,,,,0.05611184984445572,0.05760911852121353,0.1200302317738533,,0.04004892334342003,0.05372794345021248
151,,,,,,,0.064646877348423,,,,,,,,0.05238395556807518,0.060097698122262955,0.1213393360376358,,0.041516635566949844,0.0627654641866684
152,,,,,,,0.06656117737293243,,,,,,,,0.052966635674238205,0.06533143669366837,0.11938905715942383,,0.03916023671627045,0.05697731673717499
153,,,,,,,0.06417831033468246,,,,,,,,0.055845800787210464,0.05995235592126846,0.11916515231132507,,0.03922470286488533,0.05942495912313461
154,,,,,,,0.06833958625793457,,,,,,,,0.059127990156412125,0.06088535115122795,0.12259142100811005,,0.03479206934571266,0.05981964245438576
155,,,,,,,0.05725447088479996,,,,,,,,0.06005395948886871,0.05141032859683037,0.12164498120546341,,0.044150687754154205,0.06258663535118103
156,,,,,,,0.06922099739313126,,,,,,,,0.04983902350068092,0.059596478939056396,0.12742561101913452,,0.044006042182445526,0.06102200597524643
157,,,,,,,0.06705909967422485,,,,,,,,0.05556926503777504,0.05847547948360443,0.11987108737230301,,0.04622389003634453,0.06345583498477936
158,,,,,,,0.06788916140794754,,,,,,,,0.059589121490716934,0.06363414973020554,0.12741181254386902,,0.044841665774583817,0.059997621923685074
159,,,,,,,0.059086088091135025,,,,,,,,0.05797584727406502,0.061204954981803894,0.12987574934959412,,0.04729262366890907,0.05809708684682846
160,,,,,,,0.05817835405468941,,,,,,,,0.05251121520996094,0.06449428200721741,0.1228557825088501,,0.04861180856823921,0.05640310421586037
161,,,,,,,0.0623345784842968,,,,,,,,0.056620705872774124,0.060845136642456055,0.12915915250778198,,0.05012920871376991,0.054469525814056396
162,,,,,,,0.0588463619351387,,,,,,,,0.05537852644920349,0.0594794936478138,0.12520812451839447,,0.044528260827064514,0.04901766777038574
163,,,,,,,0.05849038064479828,,,,,,,,0.05030615255236626,0.05862219259142876,0.1264006346464157,,0.054141346365213394,0.04976952448487282
164,,,,,,,0.05808299407362938,,,,,,,,0.059274423867464066,0.060435421764850616,0.12682034075260162,,0.051468875259160995,0.049050647765398026
165,,,,,,,0.052609317004680634,,,,,,,,0.04812558367848396,0.06147589907050133,0.12483080476522446,,0.06012209504842758,0.04727748781442642
166,,,,,,,0.0488140732049942,,,,,,,,0.06064409762620926,0.06328321248292923,0.12245019525289536,,0.050162769854068756,0.05085788294672966
167,,,,,,,0.05014341324567795,,,,,,,,0.05215837433934212,0.06270524859428406,0.11697087436914444,,0.05324961990118027,0.04637273773550987
168,,,,,,,0.04996908828616142,,,,,,,,0.06206725537776947,0.06493696570396423,0.11805903911590576,,0.043213073164224625,0.04232833907008171
169,,,,,,,,,,,,,,,0.049877360463142395,0.055520884692668915,0.12441873550415039,,0.05038882791996002,0.04835794121026993
170,,,,,,,,,,,,,,,0.06815885752439499,0.061414800584316254,0.11979684233665466,,0.04647348076105118,0.04619554802775383
171,,,,,,,,,,,,,,,0.05321093648672104,0.05803435295820236,0.11956523358821869,,0.05463021993637085,0.04767492786049843
172,,,,,,,,,,,,,,,0.06701768934726715,0.06624992191791534,0.11605451256036758,,0.047184474766254425,0.04696935415267944
173,,,,,,,,,,,,,,,0.048322729766368866,0.05326095223426819,0.12246918678283691,,0.054846543818712234,0.04863841459155083
174,,,,,,,,,,,,,,,0.055567942559719086,0.06087787076830864,0.12005643546581268,,0.04870520904660225,0.04894975572824478
175,,,,,,,,,,,,,,,0.049993447959423065,0.05553315579891205,0.12230104953050613,,0.04832235351204872,0.05038433149456978
176,,,,,,,,,,,,,,,0.06469649076461792,0.053673360496759415,0.12324227392673492,,0.04374634101986885,0.047202952206134796
177,,,,,,,,,,,,,,,0.050130341202020645,0.053951624780893326,0.1197187602519989,,0.04820442572236061,0.054397229105234146
178,,,,,,,,,,,,,,,0.05573723837733269,0.05779194086790085,0.124320849776268,,0.04333876073360443,0.05451482906937599
179,,,,,,,,,,,,,,,0.049200158566236496,0.051311299204826355,0.12265301495790482,,0.04400039464235306,0.057872671633958817
180,,,,,,,,,,,,,,,0.054607536643743515,0.059042222797870636,0.11909820884466171,,0.04191030189394951,0.051998671144247055
181,,,,,,,,,,,,,,,0.054762229323387146,0.05779346078634262,0.1272689700126648,,0.045762285590171814,0.05095857009291649
182,,,,,,,,,,,,,,,0.052682776004076004,0.06111127510666847,0.12307120114564896,,0.04449532553553581,0.050529882311820984
183,,,,,,,,,,,,,,,0.05491829290986061,0.05451327934861183,0.12349309027194977,,0.04964201897382736,0.050468120723962784
184,,,,,,,,,,,,,,,0.057764168828725815,0.055858708918094635,0.12461533397436142,,0.04349029064178467,0.04614302143454552
185,,,,,,,,,,,,,,,0.05154133960604668,0.04939305782318115,0.12264325469732285,,0.04624076560139656,0.04676419869065285
186,,,,,,,,,,,,,,,0.05323038250207901,0.055459409952163696,0.12038061767816544,,0.046062856912612915,0.048108652234077454
187,,,,,,,,,,,,,,,0.05350678041577339,0.04768642783164978,0.11853388696908951,,0.050663284957408905,0.05008494853973389
188,,,,,,,,,,,,,,,0.0583016499876976,0.057626739144325256,0.1216438040137291,,0.04428573325276375,0.04632040113210678
189,,,,,,,,,,,,,,,0.052300985902547836,0.054515548050403595,0.12388023734092712,,0.04931729659438133,0.047728680074214935
190,,,,,,,,,,,,,,,0.06059899181127548,0.059378139674663544,0.12008171528577805,,0.04447341710329056,0.04328291863203049
191,,,,,,,,,,,,,,,0.05309543386101723,0.0547046959400177,0.12149771302938461,,0.04616975039243698,0.050739895552396774
192,,,,,,,,,,,,,,,0.06944896280765533,,0.12211710959672928,,0.042993348091840744,0.047546014189720154
193,,,,,,,,,,,,,,,0.053763676434755325,,0.12368463724851608,,0.04181549325585365,0.05577682703733444
194,,,,,,,,,,,,,,,0.06278889626264572,,0.12219318747520447,,0.03765158727765083,0.053647786378860474
195,,,,,,,,,,,,,,,0.058922071009874344,,0.12680672109127045,,0.04024922847747803,0.06353551894426346
196,,,,,,,,,,,,,,,0.06748040020465851,,0.12057550996541977,,0.043162088841199875,0.05726812779903412
197,,,,,,,,,,,,,,,0.05549966171383858,,0.1282137781381607,,0.04897567629814148,0.06790096312761307
198,,,,,,,,,,,,,,,0.06911040842533112,,0.1258353441953659,,0.04754612594842911,0.06524540483951569
199,,,,,,,,,,,,,,,0.05717252939939499,,0.12607192993164062,,0.04636668413877487,0.06704490631818771
200,,,,,,,,,,,,,,,0.06406994163990021,,0.12285701930522919,,0.04373621568083763,0.0636359304189682
201,,,,,,,,,,,,,,,0.057513900101184845,,0.12779010832309723,,0.046833038330078125,0.07135556638240814
202,,,,,,,,,,,,,,,0.059678997844457626,,0.12745749950408936,,0.04448145627975464,0.06839839369058609
203,,,,,,,,,,,,,,,0.052047159522771835,,0.12236405164003372,,0.04791484400629997,0.07324589788913727
204,,,,,,,,,,,,,,,0.060241956263780594,,0.12356430292129517,,0.04568040743470192,
205,,,,,,,,,,,,,,,0.05156935751438141,,0.12424054741859436,,0.05124666169285774,
206,,,,,,,,,,,,,,,,,0.12800456583499908,,0.041110239923000336,
207,,,,,,,,,,,,,,,,,0.1256999522447586,,0.0385369174182415,
208,,,,,,,,,,,,,,,,,0.12906745076179504,,0.03544340655207634,
209,,,,,,,,,,,,,,,,,0.12339399009943008,,0.04071492701768875,
210,,,,,,,,,,,,,,,,,0.12660692632198334,,0.043196626007556915,
211,,,,,,,,,,,,,,,,,0.1271158903837204,,0.045182965695858,
212,,,,,,,,,,,,,,,,,0.12398388981819153,,0.0464923270046711,
213,,,,,,,,,,,,,,,,,0.12283549457788467,,0.05286996439099312,
214,,,,,,,,,,,,,,,,,0.12639331817626953,,0.05213791877031326,
215,,,,,,,,,,,,,,,,,0.1241062730550766,,0.05642392113804817,
216,,,,,,,,,,,,,,,,,0.122408427298069,,0.048862144351005554,
217,,,,,,,,,,,,,,,,,0.11945591121912003,,0.05909537151455879,
218,,,,,,,,,,,,,,,,,0.12304488569498062,,0.05732407793402672,
219,,,,,,,,,,,,,,,,,0.11977245658636093,,0.05849587172269821,
220,,,,,,,,,,,,,,,,,0.11464591324329376,,0.05248567461967468,
221,,,,,,,,,,,,,,,,,0.12074814736843109,,0.054094377905130386,
222,,,,,,,,,,,,,,,,,0.12273123115301132,,0.050610970705747604,
223,,,,,,,,,,,,,,,,,0.11787322163581848,,0.05477152019739151,
224,,,,,,,,,,,,,,,,,0.12565816938877106,,0.050630584359169006,
225,,,,,,,,,,,,,,,,,0.11859438568353653,,0.055559176951646805,
226,,,,,,,,,,,,,,,,,0.12105825543403625,,0.057171355932950974,
227,,,,,,,,,,,,,,,,,0.12511706352233887,,0.05522501468658447,
228,,,,,,,,,,,,,,,,,0.1181306466460228,,0.05562441423535347,
229,,,,,,,,,,,,,,,,,0.12347418069839478,,0.05460308492183685,
230,,,,,,,,,,,,,,,,,0.12367449700832367,,0.0612279511988163,
231,,,,,,,,,,,,,,,,,0.12179699540138245,,0.060957442969083786,
232,,,,,,,,,,,,,,,,,0.12289584428071976,,0.06022235378623009,
233,,,,,,,,,,,,,,,,,0.11979414522647858,,0.06031150370836258,
234,,,,,,,,,,,,,,,,,0.11875787377357483,,0.05893290415406227,
235,,,,,,,,,,,,,,,,,0.12162363529205322,,0.0566943883895874,
236,,,,,,,,,,,,,,,,,0.11673824489116669,,0.047613780945539474,
237,,,,,,,,,,,,,,,,,0.12378910183906555,,0.05045773461461067,
238,,,,,,,,,,,,,,,,,0.12422564625740051,,0.04606655612587929,
239,,,,,,,,,,,,,,,,,0.11909709125757217,,0.05127039551734924,
240,,,,,,,,,,,,,,,,,0.12301132827997208,,0.04319899529218674,
241,,,,,,,,,,,,,,,,,0.11933489143848419,,0.04405898228287697,
242,,,,,,,,,,,,,,,,,0.12131940573453903,,0.043499190360307693,
243,,,,,,,,,,,,,,,,,0.12370093911886215,,0.04622938111424446,
244,,,,,,,,,,,,,,,,,0.12508873641490936,,0.040503717958927155,
245,,,,,,,,,,,,,,,,,0.12506313621997833,,0.04212222993373871,
246,,,,,,,,,,,,,,,,,0.12504993379116058,,0.04049713909626007,
247,,,,,,,,,,,,,,,,,0.12197622656822205,,0.040478095412254333,
248,,,,,,,,,,,,,,,,,0.1236032024025917,,0.04215525835752487,
249,,,,,,,,,,,,,,,,,0.12319350242614746,,0.044046368449926376,
250,,,,,,,,,,,,,,,,,0.12303418666124344,,0.042137786746025085,
251,,,,,,,,,,,,,,,,,0.12370189279317856,,0.0460074283182621,
252,,,,,,,,,,,,,,,,,0.11841695010662079,,0.03542044013738632,
253,,,,,,,,,,,,,,,,,0.1196146011352539,,0.04268105328083038,
254,,,,,,,,,,,,,,,,,0.1212947890162468,,0.04579423367977142,
255,,,,,,,,,,,,,,,,,0.11786431074142456,,0.050013940781354904,
256,,,,,,,,,,,,,,,,,0.11609441041946411,,0.053653255105018616,
257,,,,,,,,,,,,,,,,,0.12018813192844391,,0.058976802974939346,
258,,,,,,,,,,,,,,,,,0.12093868106603622,,0.06478938460350037,
259,,,,,,,,,,,,,,,,,0.12065032869577408,,0.06559375673532486,
260,,,,,,,,,,,,,,,,,0.12221846729516983,,0.06071558967232704,
261,,,,,,,,,,,,,,,,,0.12571166455745697,,0.06892688572406769,
262,,,,,,,,,,,,,,,,,0.12082430720329285,,0.07572980225086212,
263,,,,,,,,,,,,,,,,,0.11954203993082047,,0.0816916972398758,
264,,,,,,,,,,,,,,,,,0.12498138099908829,,0.07169400155544281,
265,,,,,,,,,,,,,,,,,0.12217376381158829,,0.08158731460571289,
266,,,,,,,,,,,,,,,,,0.12409646809101105,,0.06883973628282547,
267,,,,,,,,,,,,,,,,,0.12593966722488403,,0.07251254469156265,
268,,,,,,,,,,,,,,,,,0.12557294964790344,,0.06192917004227638,
269,,,,,,,,,,,,,,,,,0.11813011765480042,,0.06858310848474503,
270,,,,,,,,,,,,,,,,,0.12705712020397186,,0.06030411645770073,
271,,,,,,,,,,,,,,,,,0.12380241602659225,,0.053991008549928665,
272,,,,,,,,,,,,,,,,,0.12294306606054306,,0.05475422739982605,
273,,,,,,,,,,,,,,,,,0.12300318479537964,,0.050856370478868484,
274,,,,,,,,,,,,,,,,,0.11747949570417404,,0.047395963221788406,
275,,,,,,,,,,,,,,,,,0.12285000085830688,,0.04595881700515747,
276,,,,,,,,,,,,,,,,,0.11953217536211014,,0.04271182417869568,
277,,,,,,,,,,,,,,,,,0.11971604824066162,,0.044868353754282,
278,,,,,,,,,,,,,,,,,0.11734506487846375,,0.043476589024066925,
279,,,,,,,,,,,,,,,,,0.11729443073272705,,0.05046990141272545,
280,,,,,,,,,,,,,,,,,0.11962323635816574,,0.051143188029527664,
281,,,,,,,,,,,,,,,,,0.12492478638887405,,0.05297166854143143,
282,,,,,,,,,,,,,,,,,0.11618676781654358,,0.0472831092774868,
283,,,,,,,,,,,,,,,,,0.12179937213659286,,0.04768030345439911,
284,,,,,,,,,,,,,,,,,0.12286514788866043,,0.04808740317821503,
285,,,,,,,,,,,,,,,,,0.12525801360607147,,0.05676701292395592,
286,,,,,,,,,,,,,,,,,0.12254083156585693,,0.054531536996364594,
287,,,,,,,,,,,,,,,,,0.12331139296293259,,0.0529199056327343,
288,,,,,,,,,,,,,,,,,0.12721332907676697,,,
289,,,,,,,,,,,,,,,,,0.11998448520898819,,,
290,,,,,,,,,,,,,,,,,0.12712575495243073,,,
291,,,,,,,,,,,,,,,,,0.12556955218315125,,,
292,,,,,,,,,,,,,,,,,0.12539145350456238,,,
293,,,,,,,,,,,,,,,,,0.13080134987831116,,,
294,,,,,,,,,,,,,,,,,0.12416768074035645,,,
295,,,,,,,,,,,,,,,,,0.12145832926034927,,,
296,,,,,,,,,,,,,,,,,0.13106843829154968,,,
297,,,,,,,,,,,,,,,,,0.12640464305877686,,,
298,,,,,,,,,,,,,,,,,0.1254018396139145,,,
299,,,,,,,,,,,,,,,,,0.12968915700912476,,,
300,,,,,,,,,,,,,,,,,0.1244262233376503,,,
301,,,,,,,,,,,,,,,,,0.12686891853809357,,,
302,,,,,,,,,,,,,,,,,0.12400215119123459,,,
303,,,,,,,,,,,,,,,,,0.12776726484298706,,,
304,,,,,,,,,,,,,,,,,0.12906934320926666,,,
305,,,,,,,,,,,,,,,,,0.1254323571920395,,,
306,,,,,,,,,,,,,,,,,0.12744377553462982,,,
307,,,,,,,,,,,,,,,,,0.12552784383296967,,,
308,,,,,,,,,,,,,,,,,0.12151212245225906,,,
309,,,,,,,,,,,,,,,,,0.1234600618481636,,,
310,,,,,,,,,,,,,,,,,0.11770004034042358,,,
311,,,,,,,,,,,,,,,,,0.12274690717458725,,,
312,,,,,,,,,,,,,,,,,0.12160352617502213,,,
313,,,,,,,,,,,,,,,,,0.12019260972738266,,,
314,,,,,,,,,,,,,,,,,0.1205761656165123,,,
315,,,,,,,,,,,,,,,,,0.1170482411980629,,,
316,,,,,,,,,,,,,,,,,0.12278870493173599,,,
317,,,,,,,,,,,,,,,,,0.12015815079212189,,,
318,,,,,,,,,,,,,,,,,0.11488474905490875,,,
319,,,,,,,,,,,,,,,,,0.11744583398103714,,,
320,,,,,,,,,,,,,,,,,0.12150336802005768,,,
321,,,,,,,,,,,,,,,,,0.11941773444414139,,,
322,,,,,,,,,,,,,,,,,0.11549823731184006,,,
323,,,,,,,,,,,,,,,,,0.11889814585447311,,,
324,,,,,,,,,,,,,,,,,0.12101591378450394,,,
325,,,,,,,,,,,,,,,,,0.12277281284332275,,,
326,,,,,,,,,,,,,,,,,0.12334504723548889,,,
327,,,,,,,,,,,,,,,,,0.12364950776100159,,,
328,,,,,,,,,,,,,,,,,0.12019380927085876,,,
329,,,,,,,,,,,,,,,,,0.1285378485918045,,,
330,,,,,,,,,,,,,,,,,0.12793290615081787,,,
331,,,,,,,,,,,,,,,,,0.12494125962257385,,,
332,,,,,,,,,,,,,,,,,0.12935829162597656,,,
333,,,,,,,,,,,,,,,,,0.12094937264919281,,,
334,,,,,,,,,,,,,,,,,0.12365315109491348,,,
335,,,,,,,,,,,,,,,,,0.12457912415266037,,,
336,,,,,,,,,,,,,,,,,0.12437573820352554,,,
337,,,,,,,,,,,,,,,,,0.12426763772964478,,,
338,,,,,,,,,,,,,,,,,0.12261918187141418,,,
339,,,,,,,,,,,,,,,,,0.12424927949905396,,,
340,,,,,,,,,,,,,,,,,0.12489677965641022,,,
341,,,,,,,,,,,,,,,,,0.11930468678474426,,,
342,,,,,,,,,,,,,,,,,0.1265643984079361,,,
343,,,,,,,,,,,,,,,,,0.12384596467018127,,,
344,,,,,,,,,,,,,,,,,0.12294254451990128,,,
345,,,,,,,,,,,,,,,,,0.11984941363334656,,,
346,,,,,,,,,,,,,,,,,0.12371670454740524,,,
347,,,,,,,,,,,,,,,,,0.12240070104598999,,,
348,,,,,,,,,,,,,,,,,0.11950100213289261,,,
349,,,,,,,,,,,,,,,,,0.12249601632356644,,,
350,,,,,,,,,,,,,,,,,0.11989475041627884,,,
351,,,,,,,,,,,,,,,,,0.12145422399044037,,,
352,,,,,,,,,,,,,,,,,0.12346755713224411,,,
353,,,,,,,,,,,,,,,,,0.12159506976604462,,,
354,,,,,,,,,,,,,,,,,0.11569048464298248,,,
355,,,,,,,,,,,,,,,,,0.1215011402964592,,,
356,,,,,,,,,,,,,,,,,0.12575006484985352,,,
357,,,,,,,,,,,,,,,,,0.12071587145328522,,,
358,,,,,,,,,,,,,,,,,0.12539435923099518,,,
359,,,,,,,,,,,,,,,,,0.11969558149576187,,,
360,,,,,,,,,,,,,,,,,0.12155546993017197,,,
361,,,,,,,,,,,,,,,,,0.12474056333303452,,,
362,,,,,,,,,,,,,,,,,0.1240113154053688,,,
363,,,,,,,,,,,,,,,,,0.12190532684326172,,,
364,,,,,,,,,,,,,,,,,0.12150567024946213,,,
365,,,,,,,,,,,,,,,,,0.12338990718126297,,,
366,,,,,,,,,,,,,,,,,0.1228274255990982,,,
367,,,,,,,,,,,,,,,,,0.12314824014902115,,,
368,,,,,,,,,,,,,,,,,0.12274573743343353,,,
369,,,,,,,,,,,,,,,,,0.12425364553928375,,,
370,,,,,,,,,,,,,,,,,0.12156390398740768,,,
371,,,,,,,,,,,,,,,,,0.11839348822832108,,,
372,,,,,,,,,,,,,,,,,0.12510909140110016,,,
373,,,,,,,,,,,,,,,,,0.11964338272809982,,,
374,,,,,,,,,,,,,,,,,0.12492288649082184,,,
375,,,,,,,,,,,,,,,,,0.1250743716955185,,,
376,,,,,,,,,,,,,,,,,0.12500706315040588,,,
377,,,,,,,,,,,,,,,,,0.12719692289829254,,,
378,,,,,,,,,,,,,,,,,0.1234489381313324,,,
379,,,,,,,,,,,,,,,,,0.1250811368227005,,,
380,,,,,,,,,,,,,,,,,0.12336903810501099,,,
381,,,,,,,,,,,,,,,,,0.12031962722539902,,,
382,,,,,,,,,,,,,,,,,0.12809546291828156,,,
383,,,,,,,,,,,,,,,,,0.12425319850444794,,,
384,,,,,,,,,,,,,,,,,0.1222849115729332,,,
385,,,,,,,,,,,,,,,,,0.11851613223552704,,,
386,,,,,,,,,,,,,,,,,0.12742073833942413,,,
387,,,,,,,,,,,,,,,,,0.12618745863437653,,,
388,,,,,,,,,,,,,,,,,0.12313716858625412,,,
389,,,,,,,,,,,,,,,,,0.12599647045135498,,,
390,,,,,,,,,,,,,,,,,0.1255185306072235,,,
391,,,,,,,,,,,,,,,,,0.12146032601594925,,,
392,,,,,,,,,,,,,,,,,0.12420970946550369,,,
393,,,,,,,,,,,,,,,,,0.12624125182628632,,,
394,,,,,,,,,,,,,,,,,0.12889201939105988,,,
395,,,,,,,,,,,,,,,,,0.12388751655817032,,,
396,,,,,,,,,,,,,,,,,0.12465433776378632,,,
397,,,,,,,,,,,,,,,,,0.12568499147891998,,,
398,,,,,,,,,,,,,,,,,0.13033494353294373,,,
399,,,,,,,,,,,,,,,,,0.12364373356103897,,,
400,,,,,,,,,,,,,,,,,0.13061149418354034,,,
401,,,,,,,,,,,,,,,,,0.12886540591716766,,,
402,,,,,,,,,,,,,,,,,0.12566687166690826,,,
403,,,,,,,,,,,,,,,,,0.12433557957410812,,,
404,,,,,,,,,,,,,,,,,0.1297764778137207,,,
405,,,,,,,,,,,,,,,,,0.12620805203914642,,,
406,,,,,,,,,,,,,,,,,0.12662823498249054,,,
407,,,,,,,,,,,,,,,,,0.13076502084732056,,,
408,,,,,,,,,,,,,,,,,0.12877590954303741,,,
409,,,,,,,,,,,,,,,,,0.1240646168589592,,,
410,,,,,,,,,,,,,,,,,0.12910713255405426,,,
411,,,,,,,,,,,,,,,,,0.1273709386587143,,,
412,,,,,,,,,,,,,,,,,0.12430556863546371,,,
413,,,,,,,,,,,,,,,,,0.12610282003879547,,,
414,,,,,,,,,,,,,,,,,0.1270870715379715,,,
415,,,,,,,,,,,,,,,,,0.12381289154291153,,,
416,,,,,,,,,,,,,,,,,0.12386279553174973,,,
417,,,,,,,,,,,,,,,,,0.12762899696826935,,,
418,,,,,,,,,,,,,,,,,0.12494386732578278,,,
419,,,,,,,,,,,,,,,,,0.12243936210870743,,,
420,,,,,,,,,,,,,,,,,0.1239377111196518,,,
421,,,,,,,,,,,,,,,,,0.12616650760173798,,,
422,,,,,,,,,,,,,,,,,0.12149914354085922,,,
423,,,,,,,,,,,,,,,,,0.11628478020429611,,,
424,,,,,,,,,,,,,,,,,0.12772217392921448,,,
425,,,,,,,,,,,,,,,,,0.12709735333919525,,,
426,,,,,,,,,,,,,,,,,0.12028411030769348,,,
427,,,,,,,,,,,,,,,,,0.12420319020748138,,,
428,,,,,,,,,,,,,,,,,0.12377064675092697,,,
429,,,,,,,,,,,,,,,,,0.12339349091053009,,,
430,,,,,,,,,,,,,,,,,0.1233360543847084,,,
431,,,,,,,,,,,,,,,,,0.12666475772857666,,,
432,,,,,,,,,,,,,,,,,0.127621591091156,,,
433,,,,,,,,,,,,,,,,,0.12310395389795303,,,
434,,,,,,,,,,,,,,,,,0.1269254833459854,,,
435,,,,,,,,,,,,,,,,,0.1260259598493576,,,
436,,,,,,,,,,,,,,,,,0.13199752569198608,,,
437,,,,,,,,,,,,,,,,,0.12870480120182037,,,
438,,,,,,,,,,,,,,,,,0.12328475713729858,,,
439,,,,,,,,,,,,,,,,,0.13124729692935944,,,
440,,,,,,,,,,,,,,,,,0.12494881451129913,,,
441,,,,,,,,,,,,,,,,,0.12677688896656036,,,
442,,,,,,,,,,,,,,,,,0.12880080938339233,,,
443,,,,,,,,,,,,,,,,,0.12108112871646881,,,
444,,,,,,,,,,,,,,,,,0.13213512301445007,,,
445,,,,,,,,,,,,,,,,,0.1285668909549713,,,
446,,,,,,,,,,,,,,,,,0.12486796081066132,,,
447,,,,,,,,,,,,,,,,,0.12937775254249573,,,
448,,,,,,,,,,,,,,,,,0.12289628386497498,,,
